"","","","I blurt out the first thing that I think of.","I struggle to complete hard tasks.","It is hard for me to pay attention to details.","It is hard for me to sit still.","I can't pay attention for long.","I am good at some things.","I make mistakes.","I do things to hurt people.","I have trouble understanding what I read.","I start fights with other people.","I like it when people say good things about me.","I tell the truth; I do not even tell 'little white lies.'","I have trouble with spelling.","I lose track of what I am supposed to do.","I have trouble playing or doing things quietly.","I get distracted by things that are going on around me.","I break things when I am angry or upset.","I have trouble finishing things.","Punishment in my house is not fair.","I am happy, even when I am waiting in a long line.","People like being around me.","My parents expect too much from me.","I enjoy myself when I do my favorite activities.","I act like an angel.","I am happy and cheerful.","My parents are too harsh when they punish me.","I have trouble concentrating.","I am perfect in every way.","I am restless.","When I get mad at someone, I get even with them.","I talk too much.","I destroy stuff that belongs to other people.","I have trouble with reading.","My parents are too critical of me.","I can't do things right.","I learn more slowly than other kids my age.","My parents are too strict with me.","I have trouble with math.","I bully or threaten other people.","INATTENTION (IN) RAW SCORE","HYPERACTIVITY/IMPULSIVITY (HY) RAW SCORE","LEARNING PROBLEMS (LP) RAW SCORE","AGGRESSION (AG) RAW SCORE","FAMILY RELATIONS (FR) RAW SCORE","POSITIVE IMPRESSION (PI)","NEGATIVE IMPRESSION (NI)","INATTENTION TOTAL","AGE","GENDER","INATTENTION T-SCORE","HYPERACTIVITY/IMPULSIVITY (HY) T-SCORE","LEARNING PROBLEMS (LP) T-SCORE","AGGRESSION (AG) T-SCORE","FAMILY RELATIONS (FR) T-SCORE"
"Anonymized ID","Subject Type","Visit","CONY_01","CONY_02","CONY_03","CONY_04","CONY_05","CONY_06","CONY_07","CONY_08","CONY_9","CONY_10","CONY_11","CONY_12","CONY_13","CONY_14","CONY_15","CONY_16","CONY_17","CONY_18","CONY_19","CONY_20","CONY_21","CONY_22","CONY_23","CONY_24","CONY_25","CONY_26","CONY_27","CONY_28","CONY_29","CONY_30","CONY_31","CONY_32","CONY_33","CONY_34","CONY_35","CONY_36","CONY_37","CONY_38","CONY_39","CONY_40","CONY_41","CONY_42","CONY_43","CONY_44","CONY_45","CONY_46","CONY_47","CONY_48","CONY_49","CONY_50","CONY_51","CONY_52","CONY_53","CONY_54"
"A00064507","ONE_DAY-Age 9-10","VA","1","2","2","0","1","2","3","0","1","1","3","3","1","2","2","3","0","2","1","3","2","1","3","1","3","0","3","0","0","1","2","0","2","0","2","1","2","1","0","13","5","6","2","4","2","1","","10","1","76","55","61","56","55"
"A00055921","Child Age 7","V4","1","1","1","0","0","3","1","0","0","3","1","1","1","0","1","0","0","0","0","1","3","1","3","2","2","0","0","2","1","0","1","0","0","0","0","0","0","0","0","1","4","1","3","1","0","1","","09","2","41","53","43","62","45"
"A00064418","ONE_DAY-Age 11","VA","0","0","0","1","0","3","1","0","0","0","3","2","0","1","1","2","0","1","0","2","3","1","3","2","3","0","1","2","1","1","3","0","0","0","1","1","0","0","0","5","6","1","1","1","1","0","","11","2","54","60","45","49","47"
"A00058570","Child- Ages 9-10","V1","1","1","0","1","0","3","2","1","0","1","2","1","1","0","0","1","0","1","0","2","2","1","3","1","3","1","1","1","1","1","3","0","1","1","1","1","0","1","0","3","6","4","3","3","0","0","","09","2","46","60","52","62","53"
"A00055906","Child - Age 15","V1","2","2","1","1","1","3","3","0","0","0","3","0","0","0","0","1","0","0","0","1","2","1","2","0","2","0","1","0","0","1","1","0","0","0","0","0","0","0","0","4","4","0","1","1","0","0","","15","1","51","55","40","47","44"
"A00050848","Child Age 16-17","V4","0","0","0","0","0","3","1","0","0","0","3","0","0","1","0","1","0","1","0","2","3","2","3","1","3","0","0","0","0","0","0","0","0","0","0","0","0","0","0","3","0","0","0","2","1","0","","18","1","46","40","41","41","47"
"A00035941","Child - Age 14","V1","0","1","0","0","0","3","1","0","1","0","3","3","1","0","0","0","0","0","0","2","3","0","3","2","2","0","0","0","0","0","1","0","0","0","0","0","0","1","0","0","1","3","0","0","1","0","","14","2","40","42","51","43","43"
"A00055867","Child Age 15","V1","1","1","0","1","1","3","2","0","1","0","3","2","0","1","0","2","1","0","0","2","2","0","3","1","2","0","1","1","1","0","1","0","0","0","0","0","0","0","0","5","4","1","1","0","0","0","","15","1","54","55","44","47","41"
"A00065263","ONE_DAY-Age 12","VA","1","0","1","3","2","3","1","0","1","0","1","2","3","3","2","3","3","3","1","1","2","0","3","2","1","0","3","2","3","1","2","0","3","0","1","0","0","0","0","15","11","7","4","1","1","2","","12","1","86","82","69","67","45"
"A00040800","Child Age 16-17","V4","0","0","0","0","0","2","1","0","0","0","3","2","0","0","0","1","0","0","0","3","3","0","3","2","3","0","0","2","0","0","3","0","1","0","0","0","0","1","0","1","3","2","0","0","2","0","","18","1","40","50","48","41","42"
"A00059427","Child Age 9-10","V1","1","3","3","3","3","3","3","0","2","0","3","0","3","3","3","3","3","3","0","0","1","0","3","2","3","0","3","0","3","3","3","0","3","0","0","3","0","3","0","18","13","14","6","0","0","1","","10","2","90","87","90","79","43"
"A00035364","Child Age 14","V4","0","0","0","0","0","3","1","0","1","0","3","1","2","0","0","1","0","0","0","1","2","0","3","1","2","0","0","2","0","0","0","0","0","0","0","0","0","0","0","1","0","3","0","0","1","0","","14","1","42","40","51","42","42"
"A00040992","Child- Ages 9-10","V1","0","1","2","3","3","1","0","1","1","0","1","2","3","0","3","3","0","1","2","2","2","2","0","0","0","3","3","2","3","3","3","0","0","2","3","0","2","2","0","12","12","6","4","11","1","5","","9","1","74","81","62","70","88"
"A00052183","Child Age 16-17","V4","0","2","0","0","0","2","1","0","1","0","3","1","1","1","0","0","0","1","0","3","2","0","2","1","2","0","0","0","1","0","1","0","1","0","1","0","0","0","0","2","2","3","0","0","1","0","","18","1","43","46","51","41","42"
"A00062369","ONE_DAY-AGE 16-17","VA","0","2","1","0","1","2","3","0","1","0","2","1","2","1","1","0","0","1","0","3","2","1","2","1","1","0","0","0","0","0","1","0","1","0","1","1","0","1","0","4","2","6","0","1","1","1","","16","2","48","44","60","41","45"
"A00057480","Child Age 9-10","V4","2","0","2","2","1","3","1","0","0","0","2","2","0","3","0","2","0","2","1","0","2","0","3","0","2","1","1","0","2","2","3","0","0","0","0","0","1","0","0","11","9","0","2","3","1","0","","10","1","70","69","42","56","52"
"A00031881","Child - Age 15","V1","0","0","0","0","0","3","1","0","0","0","3","3","0","1","0","1","0","1","0","3","3","0","3","2","3","0","0","0","0","1","0","0","0","0","0","0","0","1","0","3","0","1","1","0","3","0","","15","1","47","40","44","47","41"
"A00056138","Child Age 15","V4","0","0","1","3","1","3","3","0","0","0","2","2","1","0","0","1","0","0","0","2","3","0","2","2","2","0","2","0","3","1","1","0","0","0","0","0","0","0","0","5","7","1","1","0","1","0","","16","1","52","65","44","47","42"
"A00060384","Child Age 12","V1","1","1","1","0","1","3","2","0","1","0","3","1","1","1","1","1","0","1","0","2","2","0","3","1","3","0","2","0","1","0","3","0","1","0","1","2","0","3","0","7","6","8","0","0","0","0","","12","2","63","61","70","43","42"
"A00062983","ONE_DAY-Age 16-17","VA","2","1","1","0","0","2","2","0","1","0","2","0","1","1","0","1","0","1","1","1","2","2","2","0","2","0","1","0","0","1","2","0","0","1","0","0","1","1","0","5","4","3","1","5","0","0","","17","1","52","54","51","45","55"
"A00055419","Child Age 15","V1","1","0","0","0","0","2","2","0","1","0","2","1","1","0","0","0","0","0","0","1","2","0","2","0","1","0","0","0","0","1","2","0","0","0","0","0","0","0","0","0","3","2","1","0","1","1","","15","2","0","49","47","48","43"
"A00055727","Child -Age 8","V1","0","1","1","0","0","3","1","0","0","1","3","2","1","1","0","1","0","2","0","3","3","0","3","2","3","0","1","0","0","2","0","0","0","2","1","1","0","0","0","6","0","2","3","2","1","0","","08","2","54","40","47","60","48"
"A00035561","Child-Age 11","V1","0","2","1","3","1","2","2","0","1","0","2","3","1","1","1","0","0","0","0","0","2","3","3","2","3","0","1","0","1","0","2","0","1","0","0","1","0","1","0","4","7","5","0","3","1","0","","11","1","51","64","61","43","50"
"A00031881","Child Age 16-17","V5","0","0","0","0","0","2","1","0","0","0","3","2","0","0","0","0","0","1","0","2","3","0","3","2","3","0","0","0","0","1","0","0","0","0","0","1","0","0","0","1","0","1","1","0","1","0","","19","1","0","0","0","0","0"
"A00058061","Child Age 9-10","V1","1","0","0","1","0","3","2","0","0","0","3","2","0","1","0","1","0","0","3","3","3","3","3","2","3","3","0","1","2","2","1","0","0","3","0","0","3","0","0","2","5","0","2","15","2","0","","10","2","46","57","40","54","90"
"A00057405","Child Age 13","V1","1","1","1","0","0","3","3","0","0","0","2","1","0","3","3","2","1","1","0","1","3","0","3","0","2","0","1","0","1","2","1","0","0","0","0","0","0","0","0","8","6","0","3","0","0","0","","13","2","66","62","42","60","43"
"A00043788","Child Age 13","V4","0","0","0","1","1","2","2","0","0","0","3","1","1","1","1","1","0","0","0","2","2","1","2","2","2","1","0","0","1","1","2","0","0","0","0","1","1","3","0","3","5","5","1","3","1","0","","15","2","46","55","57","48","52"
"A00035291","Child- Age 13","V1","0","0","1","0","2","3","2","0","1","0","3","1","2","1","0","2","0","1","1","2","3","0","3","1","3","1","2","0","0","1","3","0","1","0","0","0","0","1","1","9","3","5","2","2","1","0","","13","2","69","51","60","54","49"
"A00054578","Child Age 9-10","V1","0","2","3","2","1","1","2","0","3","3","3","3","3","3","3","3","3","3","3","3","3","3","3","3","3","3","3","3","2","0","3","3","3","3","0","0","0","0","0","16","10","9","9","12","4","1","","09","1","86","74","73","90","90"
"A00055624","Child Age 9-10","V1","1","1","0","1","0","3","1","0","0","0","2","2","0","0","0","0","1","0","2","2","2","1","3","2","3","0","0","2","3","1","0","0","0","0","0","0","0","0","1","0","5","0","3","3","0","0","","10","2","40","57","40","60","54"
"A00065802","ONE_DAY-Age 15","VA","0","1","0","1","1","2","2","0","0","0","3","2","0","1","0","1","0","0","0","3","3","1","3","1","3","0","1","0","0","1","1","0","0","0","0","0","0","0","0","4","2","0","1","1","1","0","","14","1","50","46","41","47","45"
"A00060100","Child Age 9-10","V1","2","2","1","0","1","2","1","0","1","0","3","0","1","0","1","0","0","1","0","0","2","0","3","1","1","0","1","1","0","1","1","0","1","1","1","1","0","0","0","4","4","4","1","1","0","1","","10","1","50","52","55","49","45"
"A00066698","ONE_DAY-AGE 9-10","VA","1","1","0","0","0","3","3","0","0","0","3","2","0","1","0","1","0","0","0","3","3","0","3","1","3","0","1","0","1","0","2","0","0","0","0","0","0","0","0","3","4","0","0","0","1","0","","10","2","49","53","40","42","43"
"A00052182","Child Age 12","V4","1","2","0","0","0","3","3","0","1","0","3","1","0","1","0","0","1","0","3","0","2","3","3","1","1","3","0","0","2","2","1","1","3","3","0","0","3","1","0","1","4","5","4","15","0","1","","13","1","41","54","63","66","83"
"A00066697","ONE_DAY-AGE 9-10","VA","1","1","1","0","1","3","3","0","0","0","2","1","0","1","0","1","0","1","0","2","3","0","3","1","3","0","1","0","0","1","1","0","0","0","0","0","0","1","0","6","2","1","1","0","0","0","","10","2","59","46","42","48","43"
"A00056703","Adolescent- Age  16-17","V1","1","1","1","1","1","3","1","0","0","0","3","2","2","1","0","2","0","0","1","1","3","1","3","0","2","0","2","0","0","1","2","0","1","0","1","1","0","1","0","7","4","5","1","2","0","0","","16","1","58","54","58","47","48"
"A00055624","Child Age 9-10","V4","1","1","3","0","0","2","1","0","0","0","0","0","1","1","0","0","0","2","0","1","1","0","3","0","1","0","1","0","1","1","0","0","0","0","0","0","0","1","1","7","2","2","2","0","0","3","","12","2","63","47","49","56","42"
"A00055122","Child Age 15","V4","2","2","2","3","3","3","3","1","2","1","3","3","0","1","1","2","3","1","0","3","2","0","3","2","3","0","3","0","2","2","1","0","3","0","2","1","0","1","0","12","9","7","7","0","2","1","","16","1","72","72","65","79","42"
"A00066580","ONE_DAY-AGE 9-10","VA","0","1","0","3","1","3","2","0","1","0","3","1","1","2","0","3","0","1","1","0","2","0","3","2","3","2","1","1","3","2","3","0","1","1","1","1","0","0","0","8","9","4","2","4","0","0","","09","2","61","71","52","56","57"
"A00065262","ONE_DAY-AGE 13","VA","1","2","0","1","1","2","2","0","1","0","3","1","1","1","1","2","0","1","0","2","1","0","3","1","3","0","1","0","0","1","1","0","0","0","0","0","0","2","0","6","4","4","1","0","0","1","","13","2","59","54","56","49","43"
"A00033714","Adolescent- Age  16-17","V1","1","1","1","2","1","3","1","0","1","1","2","2","1","1","1","1","1","1","1","2","2","1","3","0","2","1","1","1","1","2","1","1","0","1","0","0","1","1","0","6","6","3","5","5","0","0","","15","1","57","63","53","73","58"
"A00063383","ONE_DAY-AGE 16-17","VA","1","1","1","1","0","2","3","0","1","0","2","1","0","1","1","1","0","1","0","1","2","0","3","3","3","0","1","0","1","0","1","0","0","0","0","0","0","2","0","5","5","3","0","0","1","0","","17","2","50","54","48","41","42"
"A00035869","Child-Age 12","V1","0","0","0","0","0","0","0","0","0","0","0","0","0","0","0","0","0","0","0","0","0","0","0","0","3","0","0","0","0","0","0","0","0","0","0","0","0","0","0","0","0","0","0","0","2","4","","12","2","40","40","42","43","42"
"A00057726","Child Age 9-10","V1","1","2","0","0","0","2","3","1","1","1","2","1","1","1","0","1","1","1","1","0","1","1","2","2","1","3","0","0","0","2","1","1","1","3","1","1","2","2","0","3","2","6","6","10","0","2","","10","1","47","45","61","82","75"
"A00055462","Child Age 15","V1","1","0","0","0","0","3","2","0","0","0","2","0","0","0","0","0","0","0","1","1","2","1","3","1","2","1","0","0","0","2","0","0","0","1","0","0","0","0","0","0","1","0","2","4","1","0","","15","1","40","44","40","54","55"
"A00059935","Child - Age 15","V1","2","1","1","0","0","2","3","0","2","0","3","1","1","1","0","1","0","0","0","0","2","0","3","1","1","0","0","3","1","2","0","0","0","0","0","0","0","0","0","3","3","3","2","0","1","1","","15","1","47","51","53","54","41"
"A00061415","ONE_DAY-AGE 9-10","VA","1","1","1","1","0","3","1","0","0","0","3","2","0","1","1","1","0","1","2","0","1","0","3","1","2","1","2","0","1","0","3","0","0","3","1","0","1","0","0","6","7","0","0","7","0","1","","10","1","56","62","42","43","65"
"A00066581","ONE_DAY-AGE 12","VA","0","0","0","0","0","3","3","0","0","0","3","2","0","0","0","0","0","0","3","0","3","2","3","2","2","3","0","2","0","0","1","0","0","1","0","0","2","0","0","0","1","0","0","11","1","0","","12","1","40","43","42","41","76"
"A00064505","ONE_DAY-AGE 15","VA","1","0","0","0","0","2","2","0","0","0","3","1","1","1","1","1","0","0","0","1","2","1","3","2","2","1","0","0","1","1","1","0","0","0","1","0","0","0","0","2","4","1","1","2","1","0","","15","1","44","55","44","47","48"
"A00061883","ONE_DAY-AGE 14","VA","0","1","1","1","1","2","1","0","0","0","3","2","0","1","0","1","0","1","0","1","2","1","2","1","1","0","1","1","1","0","0","0","0","1","1","0","1","1","0","6","2","1","0","3","0","1","","14","1","56","46","44","42","51"
"A00056020","Child Age 6","V4","0","1","0","0","0","2","3","0","1","0","2","0","1","0","0","0","0","0","0","3","3","2","2","2","3","0","0","0","0","1","2","0","0","0","0","0","1","1","0","0","2","3","1","3","1","0","","8","1","40","47","53","48","54"
"A00050848","Child Age 16-17","V1","0","0","0","0","0","3","1","0","0","0","3","1","0","0","0","1","0","0","0","0","3","1","3","0","3","0","0","0","0","0","1","0","0","0","0","0","0","0","0","1","1","0","0","1","1","0","","16","1","41","43","41","42","45"
"A00053873","Child Age 6","V4","2","0","1","1","0","2","1","0","0","0","3","2","0","1","1","2","0","0","2","2","2","3","3","2","3","2","1","2","1","1","1","0","0","0","0","0","2","0","0","5","6","0","1","9","1","0","","08","1","54","61","41","48","78"
"A00055158","Child Age 13","V1","1","2","2","2","1","2","2","1","1","0","1","0","1","2","1","1","0","1","2","0","1","1","2","1","1","1","1","0","0","0","2","0","1","1","1","1","1","2","0","8","6","6","1","6","0","3","","13","2","66","62","64","49","62"
"A00040815","Child Age 9-10","V4","1","1","1","1","1","3","3","0","1","0","3","1","1","1","1","1","1","1","1","1","1","1","3","2","3","0","1","3","0","1","1","3","1","1","0","1","0","1","0","6","4","5","5","3","1","1","","10","1","56","52","58","75","52"
"A00052237","Child Age 16-17","V4","1","0","1","1","1","2","1","0","0","0","3","2","2","1","0","2","0","0","0","2","3","1","3","2","2","0","1","1","2","0","1","0","0","0","0","1","0","1","0","6","5","4","0","1","1","0","","19","2","0","0","0","0","0"
"A00060806","Child Age 16-17","V1","1","1","0","1","0","2","1","0","1","0","2","0","1","1","0","0","0","1","1","1","2","2","3","1","2","0","0","0","1","0","2","0","0","1","0","1","1","3","0","2","5","6","0","5","0","0","","16","2","43","54","60","41","56"
"A00034350","Child Age 13","V5","1","1","1","0","0","3","2","0","0","0","3","2","1","1","1","1","1","2","0","1","3","0","3","3","3","0","1","1","0","0","1","1","0","0","0","0","0","2","0","6","3","3","2","0","1","0","","15","1","57","51","53","54","41"
"A00066314","ONE_DAY-AGE 13","VA","1","2","1","2","2","3","3","0","1","0","3","0","1","1","3","3","0","1","0","0","1","2","2","0","2","0","1","0","1","0","3","0","0","0","1","0","0","0","0","9","10","2","0","2","0","1","","13","1","70","77","49","43","48"
"A00066388","ONE_DAY-Age 8","VA","0","0","1","2","3","3","0","0","0","0","3","2","0","2","2","0","0","0","0","1","1","0","2","2","2","3","0","1","0","2","0","0","0","0","1","0","0","2","0","6","4","2","2","3","2","1","","08","1","57","54","49","54","54"
"A00055262","Child Age 9-10","V1","1","1","0","0","0","2","3","0","0","0","3","3","1","1","1","1","0","0","0","1","2","1","3","2","2","0","0","0","0","0","3","0","0","0","0","0","0","0","0","2","5","1","0","1","1","0","","09","1","44","56","44","41","45"
"A00059733","Child Age 9-10","V1","2","3","2","3","3","3","3","0","1","0","3","2","3","2","0","2","2","1","0","2","2","1","3","1","3","0","3","0","3","2","0","0","2","1","1","1","0","3","0","13","8","10","4","2","0","0","","09","1","77","67","76","70","49"
"A00035945","Child Age 14","V4","0","0","0","0","0","2","1","0","0","0","3","3","0","0","0","0","0","0","0","3","2","1","2","1","2","0","0","0","0","0","0","0","0","0","0","0","0","0","0","0","0","0","0","1","3","0","","14","1","40","40","41","42","45"
"A00060603","Child Age 11","V1","1","1","1","1","1","1","1","0","1","0","2","1","1","1","1","1","0","1","0","2","2","0","2","0","2","0","1","0","1","0","1","0","1","0","1","1","0","1","0","6","5","5","0","0","0","1","","11","1","57","57","61","43","41"
"A00056225","Child-Age 12","V1","","","","","","","","","","","","","","","","","","","","","","","","","","","","","","","","","","","","","","","","","","","","","","","","12","2","40!WithErrors!","40!WithErrors!","42!WithErrors!","43!WithErrors!","42!WithErrors!"
"A00056746","Child Age 8","V1","2","2","1","0","2","3","2","0","0","1","2","3","2","1","1","2","1","1","2","0","0","2","3","2","1","3","1","1","1","1","1","0","0","0","0","0","3","0","0","8","5","2","3","10","1","2","","08","1","63","58","49","60","82"
"A00031578","Child Age 12","V5","0","1","2","0","1","2","0","2","3","2","2","2","1","0","1","2","0","2","1","2","3","1","1","2","1","3","1","0","1","0","0","0","0","0","2","2","1","1","0","8","2","7","4","6","1","3","","13","2","66","47","67","65","62"
"A00060429","Child Age 9-10","V1","1","2","1","2","1","3","3","0","1","1","1","0","0","1","1","1","0","0","1","2","2","0","3","1","3","0","1","0","1","1","2","0","0","0","1","1","0","2","0","5","7","4","2","1","0","1","","10","2","55","65","54","54","47"
"A00062997","ONE_DAY-Age 8","VA","0","0","0","0","0","0","1","0","0","0","0","1","1","1","3","1","1","0","0","1","0","0","0","3","3","2","1","0","0","0","0","0","0","0","0","0","0","0","0","3","3","1","1","2","2","4","","08","1","48","51","45","48","50"
"A00034350","Child Age 13","V4","1","1","0","0","0","1","1","0","0","0","3","0","1","1","1","1","2","1","0","2","3","0","3","2","3","0","0","0","1","1","1","0","1","0","0","0","0","1","0","3","4","3","3","0","0","1","","13","1","48","54","53","60","42"
"A00057863","Child Age 8","V1","3","3","3","0","3","2","1","1","1","2","2","0","1","1","2","0","1","3","0","3","0","0","1","3","1","2","0","3","2","0","1","0","3","3","3","3","3","2","2","10","8","10","6","8","3","4","","08","1","69","68","81","78","74"
"A00039943","Child Age 16-17","V4","1","1","0","1","1","2","1","0","0","0","3","2","0","1","0","1","0","1","0","1","1","0","3","1","2","0","1","1","1","1","0","0","0","0","0","0","0","1","0","5","3","1","1","0","0","1","","17","1","52","50","44","45","42"
"A00063327","ONE_DAY-Age 9-10","VA","1","1","0","1","1","2","1","0","2","0","3","3","1","1","1","2","0","1","1","1","3","2","3","2","3","2","1","2","1","1","0","0","0","0","1","1","1","2","0","6","4","6","1","6","1","0","","09","2","55","53","58","49","65"
"A00040800","Child Age 16-17","V1","1","0","1","0","1","3","1","0","0","0","3","1","0","0","0","1","0","0","0","0","3","1","3","3","2","0","1","2","0","1","2","0","0","0","0","0","0","1","0","4","3","1","1","1","2","0","","16","1","49","50","44","47","45"
"A00043240","Child - Age 15","V1","1","2","1","1","1","2","2","0","1","0","3","1","1","1","1","2","0","1","1","0","2","1","3","1","2","1","1","1","1","0","0","0","1","1","1","1","1","3","0","7","4","7","0","5","0","0","","15","2","57","52","63","43","58"
"A00039943","Child - Age 15","V1","0","0","0","0","0","1","1","0","0","0","2","2","0","1","1","1","0","0","0","1","1","0","3","1","2","0","0","1","0","1","0","0","0","0","0","0","0","1","0","2","1","1","1","0","1","2","","15","2","43","42","44","48","43"
"A00059327","Child Age 11","V1","1","1","1","0","1","2","2","1","1","1","3","0","2","2","2","1","0","0","0","0","2","0","3","1","2","0","1","0","1","1","0","0","1","0","1","1","0","0","0","6","4","5","3","0","0","0","","11","2","58","53","58","63","43"
"A00060472","Child Age 16-17","V1","0","1","1","1","0","2","1","0","1","0","3","2","0","1","0","1","0","1","0","2","2","2","3","2","2","0","1","2","1","2","0","0","0","1","2","0","0","0","0","5","2","1","2","3","0","1","","16","1","52","47","44","52","51"
"A00030981","Child - Age 14","V1","2","2","0","0","2","2","2","0","2","0","3","1","3","1","1","2","0","1","1","2","3","3","2","2","2","2","1","2","1","1","3","0","3","2","1","2","2","0","0","7","7","10","1","10","0","0","","14","2","57","62","77","48","74"
"A00037483","Child-Age 11","V1","0","1","0","1","0","3","2","0","0","0","3","2","0","0","0","1","0","1","1","2","3","1","3","0","2","0","0","2","1","2","1","0","0","1","0","0","1","0","0","2","3","0","2","4","0","0","","11","1","45","50","40","54","53"
"A00056746","Child Age 8","V4","0","2","0","1","1","3","2","1","0","1","2","2","0","0","0","1","1","1","3","0","2","1","2","2","1","2","0","1","2","2","1","1","0","0","0","1","0","0","0","3","4","1","6","6","0","1","","09","1","47","52","44","84","67"
"A00056724","Child- Ages 9-10","V1","3","3","3","1","2","3","2","1","1","1","3","2","2","3","1","3","1","2","0","2","3","0","3","1","2","0","0","1","1","1","2","0","1","0","1","3","0","2","0","13","8","9","4","0","0","0","","10","1","76","66","70","69","42"
"A00053320","Child Age 8","V4","1","2","1","0","1","2","2","1","1","2","2","0","1","0","0","1","0","1","0","1","1","1","2","1","2","0","1","0","0","2","0","0","1","1","1","1","0","2","0","5","1","6","5","2","0","1","","10","1","53","41","61","75","49"
"A00040117","Child Age 8","V5","1","1","2","3","1","3","1","0","1","1","3","1","2","0","0","0","0","1","1","0","3","0","2","2","2","0","1","1","0","1","1","0","1","0","0","0","1","0","0","5","5","4","2","2","0","0","","09","1","53","56","55","56","49"
"A00032864","Child-Age 11","V1","0","0","0","0","2","2","2","0","2","0","2","2","2","1","1","0","0","1","0","0","1","0","2","1","1","0","0","1","1","0","1","1","2","0","1","2","0","2","0","4","3","10","1","0","1","2","","11","1","51","50","81","48","41"
"A00062361","ONE_DAY-Age 9-10","VA","0","3","2","3","2","2","3","0","0","0","3","2","1","3","0","3","0","1","3","2","2","3","3","2","2","3","3","0","3","1","1","0","0","0","2","0","3","1","0","14","7","2","1","12","0","1","","09","1","80","63","47","48","90"
"A00056138","Child Age 15","V1","0","1","0","1","0","3","3","0","0","0","2","0","1","0","0","1","0","0","0","3","3","0","3","0","3","0","1","0","1","0","0","0","0","0","0","0","0","0","0","2","2","1","0","0","1","0","","15","1","44","48","44","41","41"
"A00051727","Child Age 15","V1","1","1","1","1","1","2","2","0","1","0","3","0","1","1","0","2","0","1","0","0","2","1","2","0","2","1","2","0","1","0","2","0","1","0","1","1","0","1","0","8","5","5","0","2","0","0","","15","2","59","55","57","43","49"
"A00055262","Child Age 9-10","V4","1","1","1","2","0","2","2","0","1","0","2","1","0","0","0","1","0","1","0","1","1","1","3","1","1","0","0","0","1","0","1","0","0","0","1","0","0","0","0","3","5","1","0","1","0","2","","11","1","48","57","44","43","44"
"A00027439","Child - Age 15","V1","0","1","1","1","1","3","1","1","1","1","3","0","1","1","2","1","1","1","1","1","3","0","3","1","3","1","1","3","2","2","3","2","1","1","1","1","0","0","1","6","8","4","8","3","1","0","6","15","1","57","70","57","90","51"
"A00061749","ONE_DAY-AGE 13","VA","1","1","1","2","1","3","3","0","0","0","3","1","1","1","1","2","0","0","0","1","2","2","2","1","2","0","1","0","1","0","1","0","0","1","1","0","1","1","0","6","6","2","0","4","0","0","","13","2","59","62","49","43","55"
"A00034350","Child-Age 11","V1","1","1","1","1","1","0","3","1","1","0","3","0","2","2","3","3","0","1","0","0","2","1","3","0","3","1","1","0","1","1","1","0","2","0","0","0","1","0","0","9","7","5","2","3","0","1","","11","1","67","64","61","54","50"
"A00027167","Child Age 16-17","V4","1","1","1","0","0","3","3","0","1","0","2","3","0","1","0","1","0","1","0","2","2","1","3","1","2","0","1","0","0","0","1","0","0","1","1","0","0","0","0","5","2","1","0","2","1","0","","16","2","50","44","43","41","48"
"A00057809","Child Age 8","V1","0","1","0","0","0","3","3","0","1","0","3","0","1","0","0","0","0","0","1","2","3","2","3","2","2","0","0","1","0","2","0","0","1","0","0","0","0","1","0","0","0","4","2","3","0","0","","08","2","40","40","54","54","52"
"A00035940","Child Age 16-17","V4","1","1","0","2","1","3","2","0","1","0","2","1","3","1","0","2","0","1","0","2","2","1","3","2","2","0","1","0","1","0","2","0","1","0","0","0","0","0","0","6","6","5","0","1","0","0","","17","1","55","62","58","41","44"
"A00058951","Child Age 8","V1","1","1","0","1","0","3","2","0","0","0","3","2","3","3","2","1","0","1","0","3","2","2","3","2","3","0","1","3","3","0","3","0","1","0","1","2","0","1","0","6","10","7","0","2","2","0","","08","2","54","76","65","41","48"
"A00066534","ONE_DAY-Age 8","VA","0","0","1","1","3","1","0","0","0","0","3","1","3","1","1","0","2","0","0","2","2","3","2","3","3","3","3","3","3","1","3","0","0","0","3","0","0","0","0","8","8","3","3","6","4","2","","08","1","63","68","53","60","66"
"A00034074","Adolescent- Age  16-17","V1","1","1","1","1","0","3","2","0","0","0","2","0","1","1","0","1","0","0","0","0","2","2","3","1","0","0","0","1","1","0","1","0","0","3","1","0","0","3","0","3","4","4","0","5","0","1","","17","2","44","51","52","41","56"
"A00037368","Child-Age 12","V1","0","1","1","0","0","3","2","0","0","0","3","1","1","0","0","1","0","1","0","3","2","0","3","2","3","0","1","0","0","0","0","0","0","0","0","0","0","1","0","4","0","2","0","0","1","0","","12","1","51","40","50","41","42"
"A00050743","Child Age 15","V1","1","1","0","0","0","2","1","0","1","0","2","2","0","1","0","0","0","0","0","1","2","1","3","1","1","0","0","0","0","1","1","0","0","0","0","0","1","1","0","1","2","2","1","2","0","1","","15","2","40","45","47","48","49"
"A00065750","ONE_DAY-Age 8","VA","0","0","0","2","0","3","0","0","2","0","3","0","2","2","1","2","0","1","1","2","3","1","3","0","3","1","2","2","2","0","2","0","0","0","0","2","1","1","0","7","7","7","0","4","2","0","","08","1","60","65","69","42","58"
"A00062809","ONE_DAY-Age 15","VA","1","1","0","1","0","2","1","0","1","0","2","1","1","1","0","1","0","0","0","0","2","0","3","2","2","0","1","1","1","1","1","0","1","0","1","0","1","1","0","3","4","4","1","1","0","0","","15","2","46","52","53","48","46"
"A00056920","Child Age 9-10","V1","1","0","1","1","2","2","1","0","0","1","3","1","2","1","1","2","2","0","0","0","2","0","3","0","0","0","1","1","2","1","3","1","0","1","0","1","0","2","0","7","8","5","5","1","1","1","","10","1","59","66","58","75","45"
"A00056420","Child- Ages 9-10","V1","1","2","3","2","1","2","3","0","0","0","2","3","1","1","1","3","0","1","0","1","2","1","3","2","2","0","2","1","2","0","1","0","1","0","1","1","0","1","0","11","7","4","0","1","1","0","","09","1","71","63","55","41","45"
"A00060503","Child Age 13","V1","0","1","2","0","2","3","3","0","2","0","2","3","2","1","2","3","0","1","0","1","2","1","3","1","3","0","3","1","0","0","0","0","3","0","1","0","1","3","0","12","2","10","0","2","1","0","","13","1","81","46","86","43","48"
"A00054206","Child Age 14","V4","1","0","0","0","0","2","1","0","0","0","3","2","0","0","0","1","0","0","0","1","3","1","3","1","2","0","1","0","0","1","1","0","0","0","0","0","0","1","0","2","2","1","1","1","1","0","","15","1","44","48","44","47","44"
"A00055076","Child Age 9-10","V4","2","1","1","1","1","2","1","1","1","1","2","2","1","1","0","1","1","2","0","1","1","1","3","1","2","0","0","0","1","2","2","1","1","0","1","0","0","0","1","6","6","3","7","1","0","1","","11","2","58","60","51","90","47"
"A00053744","Child Age 16-17","V1","1","2","1","1","1","2","1","0","0","0","3","2","1","1","0","1","0","0","1","2","2","1","3","2","2","1","1","0","0","0","1","0","0","1","0","0","1","0","0","5","3","1","0","5","0","0","","17","1","52","50","44","41","55"
"A00052461","Child Age 14","V4","1","1","0","0","0","2","2","0","1","0","2","2","1","1","0","0","0","1","0","1","2","1","3","1","2","0","0","0","0","0","2","0","0","0","1","0","0","1","0","2","3","3","0","1","0","0","","14","1","45","49","51","42","45"
"A00038603","Child -Age 8","V1","2","0","1","3","0","3","2","0","0","0","3","3","1","2","2","3","1","3","3","3","3","3","3","3","3","0","3","3","2","1","3","0","1","0","1","2","0","3","0","12","12","7","2","6","5","0","","8","2","71","84","65","54","62"
"A00053490","Child Age 12","V1","1","1","0","1","0","2","2","0","1","0","2","3","1","1","0","1","0","1","1","1","2","0","3","1","2","1","0","0","2","1","1","0","1","0","0","0","0","1","0","3","5","4","1","2","1","0","","12","1","48","58","58","48","48"
"A00035377","Child Age 16-17","V5","0","0","0","0","1","2","1","0","0","0","3","2","0","0","0","2","0","0","0","1","2","0","3","1","3","0","2","2","0","0","0","0","0","0","0","0","0","3","0","5","0","3","0","0","1","0","","18","2","50","40","48","41","42"
"A00035561","Child Age 12","V4","1","1","0","0","0","3","1","0","1","0","3","2","2","1","1","0","0","1","0","1","3","3","3","2","3","0","0","1","0","0","1","0","0","0","0","0","0","1","0","2","3","4","0","3","0","0","","12","1","44","50","58","41","51"
"A00044084","Child Age 16-17","V4","0","0","0","0","0","3","0","0","0","0","0","3","0","0","0","0","0","0","0","1","3","0","3","3","3","0","0","2","0","0","2","0","0","0","0","0","0","0","0","0","2","0","0","0","4","1","","19","2","40","0","0","0","0"
"A00031629","Child - Age 15","V1","0","0","0","1","2","0","2","0","0","0","3","2","0","0","0","1","0","2","0","1","2","0","0","0","1","0","0","0","1","3","0","0","0","0","0","0","0","0","0","5","2","0","3","0","1","3","","15","1","54","48","40","60","41"
"A00058003","Child Age 8","V1","1","2","1","3","2","1","2","1","2","3","2","1","2","1","2","1","1","3","2","0","1","1","3","1","2","3","2","1","1","1","3","0","1","2","1","1","3","1","0","10","10","7","6","11","0","2","","08","1","69","75","69","78","86"
"A00062146","ONE_DAY-AGE 14","VA","1","1","1","1","0","1","1","0","1","0","2","1","1","1","0","1","0","0","1","1","2","0","3","1","1","1","1","1","1","0","1","0","1","0","1","1","0","2","0","4","4","6","0","2","0","2","","14","2","49","52","62","43","49"
"A00065486","ONE_DAY-Age 8","VA","1","2","3","3","3","3","2","0","1","0","3","2","3","2","1","3","0","2","0","2","2","1","3","0","3","0","3","1","1","0","2","0","1","0","1","1","0","1","0","16","8","7","0","1","0","0","","08","1","87","68","69","42","46"
"A00058229","Child Age 15","V1","1","2","2","1","1","3","3","1","2","1","3","1","1","2","1","2","0","1","1","1","1","1","3","0","1","1","2","0","1","1","1","0","2","0","1","2","1","3","1","10","5","10","4","4","0","2","","15","1","69","59","83","66","55"
"A00050847","Child Age 9-10","V1","0","2","1","0","1","1","2","1","3","1","3","2","2","2","0","2","0","1","1","1","1","2","3","1","1","1","1","0","1","1","0","1","1","1","0","2","2","2","0","8","1","10","4","7","0","3","","10","1","62","41","73","69","65"
"A00027159","Child Age 13","V4","1","2","2","1","1","2","2","1","1","0","2","2","1","1","1","1","1","1","0","1","2","0","3","1","2","0","1","1","2","1","1","0","0","1","1","1","1","1","0","7","6","4","3","2","0","0","","13","1","63","62","58","60","48"
"A00035377","Child Age 16-17","V4","1","1","1","2","2","2","1","0","0","0","2","2","0","1","1","2","0","0","1","2","3","0","3","1","3","1","2","0","1","0","1","0","0","1","0","0","0","3","0","8","6","3","0","3","0","0","","16","2","58","58","50","41","50"
"A00035364","Child-Age 12","V1","0","0","1","0","1","3","1","0","0","0","3","2","1","0","0","1","0","1","0","0","3","0","3","1","3","0","1","0","0","0","1","0","0","0","0","0","0","0","0","5","1","1","0","0","1","0","","12","1","54","43","46","41","42"
"A00063003","ONE_DAY-Age 13","VA","1","0","1","0","0","3","2","0","0","0","3","1","0","2","1","1","1","1","0","1","2","1","1","0","2","1","1","0","0","0","0","0","0","1","1","0","0","0","0","6","2","0","1","3","1","1","","13","1","59","46","40","48","50"
"A00031881","Child Age 16-17","V4","0","0","0","0","0","3","2","0","0","0","2","3","0","1","0","1","0","1","1","2","3","1","3","1","3","0","1","0","0","1","0","0","0","0","0","0","0","0","0","4","0","0","1","2","2","0","","17","1","49","40","41","45","47"
"A00063006","ONE_DAY-AGE 11","VA","0","1","0","0","0","3","1","0","1","0","3","1","1","0","0","0","0","0","0","0","2","3","3","0","3","0","0","3","0","1","1","0","1","0","0","0","0","0","0","0","1","3","1","3","1","0","","11","2","40","42","51","49","53"
"A00040581","Child Age 8","V4","1","2","1","3","2","3","2","0","3","0","3","1","3","2","1","3","0","2","0","2","3","0","3","3","2","0","1","3","0","0","1","0","1","0","1","0","0","3","0","11","6","10","0","0","2","0","","08","2","68","60","76","41","41"
"A00018030","Child-Age 11","V1","0","1","1","0","1","2","1","0","1","0","3","1","1","0","0","1","0","0","0","0","2","0","3","2","2","0","0","0","0","0","1","0","0","0","0","0","0","1","0","3","1","3","0","0","0","0","3","11","2","47","42","51","43","43"
"A00040440","Child -Age 8","V1","0","1","1","2","1","1","2","0","0","0","3","1","1","2","1","2","0","1","1","1","1","1","3","2","3","3","2","1","1","1","1","0","0","1","1","1","1","1","0","9","5","3","1","7","0","2","","8","2","63","56","50","48","65"
"A00061298","ONE_DAY-AGE 16-17","VA","1","2","1","1","2","3","3","1","1","1","3","2","0","1","0","1","0","2","0","0","2","1","2","2","2","0","1","0","1","1","1","1","0","1","1","0","0","1","0","8","4","2","4","2","0","0","","17","2","60","51","45","64","48"
"A00055693","Child Age 8","V4","0","1","0","2","1","3","2","0","1","0","2","2","2","1","1","1","0","0","0","1","2","0","3","1","3","0","1","0","1","0","0","0","0","0","1","0","0","0","0","4","4","3","0","0","0","0","","09","2","49","53","49","43","41"
"A00055693","Child -Age 8","V1","3","2","0","0","0","2","3","0","0","0","3","0","3","0","0","1","0","3","0","3","2","2","3","0","3","0","0","3","2","3","0","0","2","3","0","0","0","0","0","4","5","5","3","5","2","0","","08","2","49","56","58","60","58"
"A00066582","ONE_DAY-AGE 14","VA","0","1","1","1","0","2","2","0","1","0","3","0","0","0","0","0","0","0","2","0","2","0","3","0","2","2","1","0","1","1","0","0","0","0","0","0","1","3","0","2","2","4","1","5","0","0","","14","2","44","45","55","48","59"
"A00052165","Child Age 8","V1","3","1","1","3","3","3","3","0","1","1","3","1","0","2","3","3","0","1","3","0","3","0","3","3","2","2","3","2","3","1","3","0","0","1","1","0","2","0","0","13","15","1","2","8","1","0","","08","2","74","90","43","54","69"
"A00062085","ONE_DAY-AGE 8","VA","0","1","1","0","1","3","3","0","2","0","3","1","0","0","0","2","0","0","0","3","3","0","3","2","2","0","1","1","3","0","1","0","1","0","1","0","0","0","0","5","4","3","0","0","1","0","","08","1","54","54","53","42","42"
"A00060014","Child Age 13","V1","","","","","","","","","","","","","","","","","","","","","","","","","","","","","","","","","","","","","","","","","","","","","","","","13","2","40!WithErrors!","40!WithErrors!","42!WithErrors!","43!WithErrors!","43!WithErrors!"
"A00054581","Child Age 9-10","V4","1","3","1","1","0","3","2","0","1","0","3","1","3","1","1","2","0","1","0","2","1","0","2","2","3","0","0","0","1","0","2","1","2","0","1","1","0","1","0","5","6","8","1","0","0","1","","12","1","54","62","73","48","42"
"A00052069","Child Age 9-10","V4","1","1","0","1","1","3","2","0","0","0","3","0","1","0","0","0","0","0","0","2","3","0","3","2","3","3","0","2","1","0","1","0","0","0","1","0","0","0","0","1","4","1","0","3","0","0","","11","1","42","53","44","43","50"
"A00052614","Adolescent- Age  16-17","V1","1","0","0","0","0","3","2","0","0","0","3","1","1","0","0","1","0","0","0","1","2","0","3","1","1","0","0","0","1","0","0","0","0","1","0","1","0","1","0","1","2","3","0","1","1","1","","17","2","40","44","48","41","45"
"A00060280","Child Age 16-17","V1","0","0","0","0","0","3","1","0","0","0","3","2","0","0","0","2","0","0","0","0","2","0","3","0","2","0","0","0","0","1","0","0","0","0","0","0","0","0","0","2","0","0","1","0","1","0","","16","1","44","40","41","47","42"
"A00043788","Child Age 13","V1","1","1","0","0","0","3","1","0","0","0","0","2","1","1","0","0","0","0","1","0","2","0","3","2","2","0","0","1","0","0","0","0","0","0","0","0","1","1","0","1","1","2","0","2","0","1","","13","2","42","43","49","43","49"
"A00058685","Child Age 16-17","V1","1","1","1","2","1","3","1","0","0","0","3","0","1","1","1","0","0","0","0","0","3","0","3","0","1","0","0","1","0","3","1","0","0","0","0","0","0","3","0","3","5","4","3","0","0","1","","17","1","46","58","55","55","42"
"A00063329","ONE_DAY-AGE 12","VA","2","1","2","2","2","3","3","0","0","1","3","2","0","2","1","2","1","1","0","0","2","1","3","1","2","1","2","1","2","2","2","0","0","1","2","1","1","3","0","11","9","4","4","4","0","1","","12","2","76","72","56","69","57"
"A00053203","Child Age 9-10","V4","2","1","0","1","2","3","2","0","0","0","3","1","0","1","0","1","0","0","0","2","3","0","3","1","3","0","1","0","0","0","1","0","0","0","0","0","0","0","0","5","4","0","0","0","0","0","","12","1","54","54","42","41","42"
"A00057698","Child Age 12","V1","0","1","1","2","3","2","2","0","2","0","3","1","3","2","1","3","0","2","0","1","3","0","2","2","2","0","2","1","0","1","1","0","2","0","1","3","0","3","0","13","4","13","1","0","0","0","","12","2","83","54","88","50","42"
"A00060846","Child- Age 13","V1","1","0","0","0","0","2","1","0","0","0","2","2","1","1","1","0","0","0","0","2","2","1","3","1","3","0","0","0","1","0","1","0","0","0","1","0","1","1","0","1","4","2","0","2","1","0","","13","2","42","54","49","43","49"
"A00043758","Adolescent- Age  16-17","V1","0","2","3","0","1","0","2","0","3","0","3","1","1","3","0","2","0","2","0","1","2","1","0","1","0","0","3","0","1","0","0","0","1","1","1","2","0","1","0","14","1","8","0","2","0","3","","16","2","74","40","66","41","48"
"A00052182","Child Age 12","V1","0","1","0","0","0","3","2","0","1","1","3","1","0","0","0","0","0","0","1","3","2","0","3","2","2","0","0","0","1","1","1","0","0","0","0","0","0","1","0","0","2","2","2","1","1","0","","12","1","40","47","50","54","45"
"A00055122","Child Age 15","V1","1","2","1","2","2","3","3","0","2","0","3","3","1","2","0","2","0","2","0","1","2","0","3","1","2","0","2","0","2","1","1","0","2","0","1","1","0","1","0","11","6","7","1","0","1","0","","15","1","72","63","70","47","41"
"A00056165","Child Age 14","V1","1","2","1","0","0","2","2","1","0","0","2","2","0","0","0","0","0","1","1","0","2","3","3","1","1","0","1","0","0","1","1","1","0","0","2","0","1","3","0","3","2","3","3","5","0","2","","14","1","48","46","51","58","56"
"A00035292","Child Age 12","V5","0","0","0","0","0","1","1","0","0","0","2","2","0","1","0","0","0","0","0","2","3","0","3","1","3","0","0","0","1","1","0","0","0","0","0","0","0","0","0","1","1","0","1","0","1","1","","14","1","42","43","41","47","42"
"A00053171","Child Age 8","V4","1","2","1","3","1","1","2","1","2","0","3","1","2","1","1","2","1","2","2","1","1","1","2","0","2","1","2","1","2","2","2","0","3","0","2","2","0","0","1","9","9","9","5","4","0","3","","10","1","65","69","70","75","55"
"A00037458","Adolescent- Age  16-17","V1","0","1","0","0","3","3","2","0","1","0","3","2","3","1","0","1","0","0","0","2","3","1","3","1","3","0","1","0","0","0","1","0","2","0","1","0","0","1","0","6","1","7","0","1","0","0","","16","2","53","40","63","41","45"
"A00031578","Child Age 12","V4","1","2","2","3","3","3","2","1","1","0","3","1","0","0","0","3","0","0","3","0","2","2","3","1","2","0","1","1","1","1","0","0","1","0","0","0","1","2","0","9","5","4","2","6","0","0","","12","2","70","58","56","56","64"
"A00039943","Child Age 16-17","V5","0","0","0","1","0","2","1","0","0","0","3","2","0","0","0","0","0","1","0","2","1","0","3","1","2","0","0","1","0","0","1","0","0","0","0","0","0","0","0","1","2","0","0","0","1","1","","18","1","40","46","41","41","42"
"A00062797","ONE_DAY-AGE 11","VA","2","1","1","2","1","3","3","0","1","1","3","2","1","2","3","2","0","1","0","1","2","0","3","0","1","0","2","1","3","2","3","0","0","0","1","1","0","2","0","9","13","5","3","0","0","1","","11","2","68","84","58","63","43"
"A00055612","Child Age 8","V4","1","2","0","1","1","3","3","0","1","0","3","1","1","2","0","1","1","0","0","2","2","3","3","2","3","0","0","0","0","3","3","0","0","0","1","2","1","1","0","4","5","5","4","4","0","0","","9","2","49","56","55","69","57"
"A00037459","Child- Age 13","V1","2","0","0","0","0","3","3","0","0","0","3","0","0","1","1","2","0","0","0","0","3","0","3","0","3","0","0","0","0","3","3","0","0","0","0","0","0","0","0","3","6","0","3","0","1","0","","13","1","48","62","40","60","42"
"A00056307","Child -Age 8","V1","0","1","0","0","0","1","2","1","0","0","3","3","0","0","1","0","1","0","1","3","3","1","3","3","3","0","1","0","0","2","0","0","0","0","1","0","0","1","0","1","1","1","4","2","3","1","","08","2","41","41","43","66","48"
"A00065261","ONE_DAY-AGE 9-10","VA","0","0","0","0","0","2","2","0","0","0","3","2","2","0","2","0","0","0","0","0","0","0","0","2","3","0","0","0","0","0","0","0","0","0","0","2","0","2","0","0","2","6","0","0","1","2","","09","1","40","45","62","41","41"
"A00040798","Child Age 11","V1","0","1","1","0","0","3","2","0","2","0","3","1","1","1","0","2","0","1","2","1","2","0","3","0","2","0","2","0","0","1","1","1","1","0","0","0","0","1","0","7","1","5","2","2","0","0","","11","1","60","42","61","54","47"
"A00027167","Child - Age 14","V1","0","1","0","0","0","2","3","0","0","0","2","2","0","0","0","1","0","0","1","1","2","1","3","0","3","1","0","0","0","0","1","0","0","1","1","0","1","0","0","1","1","0","0","5","0","0","1","14","2","41","42","40","43","59"
"A00062370","ONE_DAY-AGE 16-17","VA","1","0","1","0","0","3","1","0","0","0","3","3","1","0","0","0","0","0","0","3","3","0","3","2","3","0","0","1","0","0","0","0","0","0","0","0","0","0","0","1","1","1","0","0","3","0","","16","1","41","43","44","42","42"
"A00064596","ONE_DAY-AGE 12","VA","1","1","1","1","1","3","1","0","1","0","3","3","1","0","0","0","0","0","0","0","3","0","3","2","3","0","1","2","1","0","1","0","1","0","0","0","0","1","0","3","4","4","0","0","1","0","","12","1","48","54","58","41","42"
"A00065250","ONE_DAY-Age 9-10","VA","1","2","3","3","2","3","1","1","0","0","1","2","3","3","1","2","1","2","1","2","2","1","3","2","2","1","3","0","1","0","1","0","0","1","0","0","1","1","0","15","7","4","2","5","0","1","","10","1","82","62","55","56","58"
"A00060265","Child Age 11","V1","1","1","0","1","0","3","2","0","0","0","2","0","1","0","0","1","0","1","0","2","3","1","2","0","2","0","1","2","3","1","1","0","0","0","0","0","0","1","0","3","6","2","1","1","0","0","","11","2","47","60","48","49","47"
"A00055267","Child Age 13","V1","0","1","1","1","1","3","3","1","2","1","3","1","0","1","1","1","0","0","0","2","2","0","3","1","2","0","1","0","1","1","1","0","0","0","0","0","0","0","0","5","4","2","3","0","0","0","","13","1","56","54","49","60","42"
"A00038706","Child- Age 13","V1","0","1","1","0","1","3","1","0","1","0","3","2","0","1","0","1","0","0","0","1","1","1","3","1","3","1","0","1","0","0","1","0","0","0","0","0","0","1","0","4","1","2","0","2","0","1","","13","1","52","43","49","43","48"
"A00074034","ONE_DAY-AGE 9-10","VA","1","1","1","2","2","2","2","0","0","0","3","1","0","1","1","1","0","1","1","0","1","0","3","1","2","0","2","1","0","1","1","0","0","1","0","0","1","1","0","8","5","1","1","3","0","1","","10","2","65","57","42","48","54"
"A00031410","Child- Ages 9-10","V1","3","2","1","1","0","2","3","0","1","0","3","1","3","1","0","3","0","3","2","3","1","0","3","1","3","0","1","0","3","0","1","0","2","0","0","3","0","3","0","9","8","12","0","2","1","1","","9","2","63","67","76","43","49"
"A00043494","Child- Ages 9-10","V1","2","2","3","2","2","3","2","0","1","0","2","1","3","1","1","2","1","1","2","0","2","1","2","1","2","3","2","2","1","3","3","0","2","1","1","2","2","3","0","11","9","11","4","9","0","0","","9","1","71","71","80","70","80"
"A00031832","Child-Age 12","V1","0","1","1","1","1","3","2","0","0","0","3","0","0","1","1","1","0","0","0","0","2","0","3","0","2","0","1","0","0","1","1","0","0","0","0","0","0","3","0","5","3","3","1","0","0","0","","12","1","54","50","54","48","42"
"A00052069","Child Age 9-10","V1","1","1","0","0","0","3","2","0","1","0","3","2","1","0","0","0","0","0","0","2","3","0","3","2","3","0","0","1","0","3","1","0","1","0","1","0","0","0","0","0","2","3","3","0","0","0","","10","1","40","45","51","62","42"
"A00066589","ONE_DAY-AGE 13","VA","2","1","1","0","1","3","2","1","1","0","2","2","0","0","0","1","0","1","0","2","3","0","2","1","2","1","1","0","1","1","1","0","0","0","0","0","0","2","0","5","4","3","2","1","0","0","","13","2","56","54","53","54","46"
"A00055332","Child - Age 15","V1","1","1","1","0","1","2","2","1","1","0","2","2","2","1","0","2","0","1","1","1","0","1","2","0","2","0","2","0","0","1","1","0","1","1","1","3","1","3","0","8","2","10","2","4","0","1","","15","1","63","48","83","54","55"
"A00058537","Child Age 14","V1","1","0","0","1","1","2","1","0","1","0","1","2","0","0","2","0","0","0","1","1","1","0","2","0","1","0","1","2","1","1","1","0","0","0","0","0","0","2","0","2","6","3","1","1","1","3","","14","1","45","59","51","47","45"
"A00056453","Adolescent- Age  16-17","V1","0","0","0","0","0","1","1","0","0","0","3","2","2","2","0","0","0","0","0","1","0","0","0","1","0","0","0","2","0","0","0","0","0","0","0","0","0","0","0","2","0","2","0","0","1","4","","17","1","43","40","48","41","42"
"A00055866","Child- Ages 9-10","V1","0","3","0","2","1","2","3","1","3","1","3","1","2","2","3","2","0","3","1","2","1","1","3","2","3","1","2","2","1","1","1","0","3","1","1","2","1","2","0","10","7","12","3","5","0","1","","09","2","66","64","76","62","61"
"A00031219","Adolescent- Age  16-17","V1","0","1","0","2","1","2","2","0","3","0","3","2","2","1","0","3","1","0","2","2","1","0","3","0","2","0","1","0","3","0","1","0","1","1","2","3","0","2","0","6","6","11","1","3","0","2","","17","2","54","58","77","47","50"
"A00044217","Child- Ages 9-10","V1","1","2","3","1","3","1","3","0","1","1","3","1","3","3","2","3","0","1","1","0","1","0","3","1","2","0","1","0","1","1","3","0","2","0","1","0","0","1","0","14","8","7","2","1","0","2","","9","1","80","67","66","56","45"
"A00065820","ONE_DAY-Age 9-10","VA","1","0","0","0","0","1","0","0","0","0","3","0","0","0","0","0","0","0","0","1","0","0","3","0","3","0","0","2","0","3","0","0","0","0","0","0","0","0","0","0","1","0","3","0","2","2","","09","1","40","42","40","63","41"
"A00033714","Child Age 16-17","V4","1","1","1","2","2","3","1","0","0","1","1","1","0","1","0","2","1","1","0","2","2","0","2","0","1","0","2","1","2","2","1","0","0","0","0","0","0","1","0","9","6","1","4","0","0","2","","16","1","63","61","44","63","42"
"A00035291","Child Age 14","V4","1","1","2","0","1","0","1","0","1","0","3","1","1","1","0","1","0","0","0","0","3","1","3","0","2","0","1","0","0","1","1","0","1","0","0","0","0","1","0","6","2","4","1","1","0","1","","14","2","55","45","55","48","46"
"A00066584","ONE_DAY-Age 16-17","VA","3","1","0","0","0","3","3","1","0","1","3","0","0","1","0","0","1","1","0","1","2","3","2","1","2","0","1","0","2","0","2","0","0","3","0","0","0","0","0","3","7","0","3","6","0","0","","17","1","46","66","41","55","58"
"A00052183","Child Age 16-17","V1","0","1","0","0","0","3","1","0","0","0","2","0","0","0","0","0","0","2","0","2","2","2","3","1","1","0","0","0","0","0","1","0","0","1","1","0","0","0","0","2","1","0","0","3","0","1","","16","1","44","43","41","42","51"
"A00059865","Child Age 14","V1","1","1","0","0","0","3","2","0","0","0","3","2","0","0","0","1","0","0","0","1","2","1","3","2","2","0","0","0","1","1","0","0","0","1","1","0","0","1","0","1","2","1","1","2","0","0","","14","2","41","45","44","48","49"
"A00055728","Child Age 9-10","V1","1","2","0","1","0","3","3","0","1","0","3","2","1","1","0","1","0","1","0","1","2","0","3","2","2","0","1","0","1","1","0","0","1","1","0","1","0","1","0","4","3","5","1","1","0","0","","09","2","49","49","55","49","45"
"A00066396","ONE_DAY-Age 14","VA","0","0","1","0","1","2","2","0","0","0","3","2","0","1","0","1","0","0","0","1","2","0","3","1","3","0","1","0","0","0","1","0","0","0","0","0","0","2","0","5","1","2","0","0","1","0","","14","1","53","43","48","42","42"
"A00035291","Child Age 14","V5","0","1","1","0","1","3","2","0","1","0","3","1","1","0","0","1","1","0","0","0","3","2","3","1","3","0","1","0","0","2","1","0","0","2","0","1","0","0","0","4","1","3","3","4","0","0","","14","2","49","42","51","57","55"
"A00056022","Child- Ages 9-10","V1","1","1","1","3","1","2","2","1","0","0","3","1","1","2","2","2","1","1","0","0","2","2","3","1","2","1","1","1","1","3","2","1","1","0","0","0","1","0","0","8","9","2","6","4","0","0","","09","1","62","71","47","84","58"
"A00055116","Child - Age 15","V1","0","1","0","0","1","3","1","0","1","0","3","1","1","0","1","2","0","0","0","2","3","0","3","0","2","0","1","3","0","1","0","0","1","0","0","0","0","0","0","4","1","3","1","0","1","0","","15","2","48","42","50","48","43"
"A00041503","Child -Age 8","V1","0","2","0","0","0","3","1","0","1","0","3","3","0","1","0","1","0","1","1","3","3","0","1","3","3","0","1","3","0","0","1","0","3","0","0","2","0","0","0","4","1","6","0","1","4","1","","8","1","51","44","65","42","46"
"A00056307","Child Age 8","V4","0","0","0","0","0","3","3","0","0","0","3","2","1","0","0","0","0","0","1","3","3","0","3","2","3","0","0","0","0","2","0","0","0","0","0","0","0","1","0","0","0","2","2","1","2","0","","10","2","40","40","46","54","47"
"A00035292","Child Age 12","V4","0","1","0","1","0","2","2","0","0","0","2","1","1","0","0","1","0","0","0","2","2","0","2","2","3","0","0","1","1","1","0","0","0","0","0","0","0","0","0","1","2","1","1","0","0","0","","12","1","41","47","46","48","42"
"A00055765","Child- Ages 9-10","V1","3","2","0","1","1","0","3","0","0","0","3","2","2","0","3","3","0","2","3","0","1","2","3","2","3","3","2","3","3","3","0","0","1","2","1","2","2","3","1","8","10","8","4","12","1","2","","09","1","62","74","69","70","90"
"A00041557","Child Age 9-10","V4","0","1","1","2","0","3","3","0","1","0","3","0","3","1","0","1","0","1","1","0","1","1","3","1","3","0","2","0","0","0","1","0","1","0","1","1","0","1","0","6","3","7","0","2","0","1","","11","1","57","50","69","43","47"
"A00044084","Adolescent- Age  16-17","V1","0","0","0","0","0","3","3","0","0","0","3","3","0","0","3","0","0","0","0","3","3","0","3","1","3","0","0","1","0","0","3","0","0","0","0","0","0","0","0","0","6","0","0","0","3","0","","17","2","80","58","40","41","42"
"A00073288","ONE_DAY-AGE 9-10","VA","0","0","0","0","0","0","0","0","0","0","3","3","1","1","0","0","0","0","0","0","2","3","2","3","3","3","0","1","0","3","0","0","0","1","0","0","3","0","0","1","0","1","3","10","4","1","","09","2","41","40","43","62","80"
"A00052613","Child - Age 14","V1","0","0","1","1","1","3","1","0","0","0","3","1","0","1","1","1","1","0","1","3","3","1","3","1","2","1","1","0","1","0","1","1","0","0","0","0","0","2","0","5","4","2","2","3","2","0","","14","1","53","52","48","53","51"
"A00040556","Child- Ages 9-10","V1","1","1","1","1","1","3","2","1","0","1","3","2","1","1","1","1","0","0","1","2","2","1","3","1","2","1","1","1","1","2","1","0","0","0","1","0","1","0","0","5","5","1","4","4","0","0","","9","1","53","56","44","70","58"
"A00053490","Child Age 12","V4","2","1","1","1","0","1","3","0","1","0","3","2","1","1","1","1","1","1","2","1","2","1","3","0","2","1","1","0","1","1","3","0","2","1","1","0","1","0","0","5","8","4","2","6","0","1","","12","1","54","70","58","54","61"
"A00059325","Child-Age 12","V1","0","3","2","1","3","3","2","0","1","1","3","1","3","1","2","3","1","2","0","1","2","1","3","0","3","1","3","0","2","1","2","0","1","1","1","1","0","1","0","14","7","7","3","3","0","0","","12","1","83","66","69","61","51"
"A00061730","ONE_DAY-Age 11","VA","1","3","3","3","3","3","3","0","2","1","3","3","2","3","2","3","1","3","2","2","2","0","3","1","2","0","3","0","3","0","2","0","2","1","2","3","0","3","0","18","11","12","2","3","1","1","","11","2","90","77","82","56","53"
"A00040798","Child Age 11","V4","0","1","0","0","0","3","3","0","0","0","2","2","1","0","0","2","0","0","0","0","1","0","2","1","1","0","0","0","0","1","0","0","1","0","0","1","0","1","0","2","0","4","1","0","0","2","","13","1","45","40","58","48","42"
"A00063425","ONE_DAY-Age 14","VA","1","2","2","0","1","3","1","0","1","0","3","2","1","1","0","2","0","1","0","1","3","1","2","2","3","0","1","2","1","3","0","0","1","1","1","1","1","3","0","8","2","7","3","3","0","0","","14","1","62","46","64","58","51"
"A00034073","Adolescent- Age  16-17","V1","0","0","0","0","0","3","1","0","0","0","3","3","1","0","0","0","0","0","0","0","2","2","3","0","0","0","0","0","1","1","0","0","0","0","0","0","0","1","0","0","1","2","1","2","2","1","","16","1","40","43","48","47","48"
"A00060258","Child Age 9-10","V1","1","2","1","3","2","2","2","0","1","0","3","1","0","1","0","2","1","0","3","1","2","0","3","1","3","1","3","2","1","3","0","0","1","0","1","2","0","1","0","9","5","5","4","4","0","0","","09","2","63","56","55","69","57"
"A00027439","Child Age 16-17","V4","1","1","1","1","1","1","3","0","1","1","3","1","2","0","1","0","1","1","0","3","3","0","3","3","3","0","1","3","3","1","2","0","1","0","1","1","0","1","0","4","8","6","3","0","3","1","","17","1","49","70","61","55","42"
"A00061714","ONE_DAY-AGE 16-17","VA","1","0","1","1","1","3","3","2","0","1","3","0","0","0","1","2","1","1","0","0","3","1","3","0","2","0","1","0","2","1","0","0","0","1","0","0","0","0","0","6","5","0","5","2","1","0","","16","1","55","57","41","68","48"
"A00027443","Child - Age 15","V1","1","1","0","1","0","2","2","0","1","0","3","2","0","0","0","0","0","0","0","2","2","0","3","0","2","0","0","0","1","1","0","0","0","0","0","0","0","1","0","0","3","2","1","0","0","0","0","15","1","40","51","49","47","41"
"A00056198","Child Age 9-10","V1","2","1","1","0","2","2","3","0","1","0","2","0","2","1","3","3","0","1","0","1","1","2","3","1","3","3","2","0","0","2","3","0","1","0","1","0","0","0","0","10","8","4","2","5","0","1","","09","2","66","67","52","56","61"
"A00053203","Child Age 9-10","V1","1","2","1","1","1","3","2","0","1","0","3","1","1","1","1","2","0","1","0","0","2","0","3","0","2","0","1","0","1","0","1","0","1","0","1","1","0","1","0","7","5","5","0","0","0","0","","10","1","59","55","58","43","42"
"A00032817","Child-Age 11","V1","0","1","0","0","0","3","2","0","0","0","3","0","0","1","0","1","0","1","0","1","3","0","3","0","2","2","0","0","0","0","3","0","0","0","0","0","0","0","0","3","3","0","0","2","0","0","","11","1","48","50","40","43","47"
"A00059326","Child -Age 8","V1","0","0","1","2","3","2","0","2","0","2","3","0","1","1","2","3","2","1","3","0","0","0","3","0","3","0","0","1","0","3","2","0","0","2","0","0","0","0","2","9","6","1","11","5","2","1","","08","1","66","61","45","90","62"
"A00055991","Child Age 15","V1","2","1","0","0","0","2","3","0","0","0","3","2","3","1","1","2","0","0","0","0","2","1","3","1","1","0","0","0","1","0","1","0","0","1","1","1","0","0","0","3","5","4","0","2","0","1","","15","2","46","55","53","43","49"
"A00035940","Adolescent- Age  16-17","V1","1","0","0","1","0","2","1","0","1","0","2","2","2","1","1","1","0","1","1","1","2","0","3","2","2","0","0","2","1","0","1","0","1","0","0","0","0","0","0","3","5","4","0","1","1","0","","16","1","46","57","54","42","45"
"A00055908","Child Age 9-10","V1","1","3","2","1","2","2","2","0","1","0","2","2","1","1","0","2","0","1","1","1","2","2","3","2","2","1","3","1","1","1","0","0","0","1","1","1","3","1","0","11","3","4","1","8","0","0","","10","1","70","48","55","49","68"
"A00066572","ONE_DAY-AGE 14","VA","1","0","1","1","0","2","2","0","0","0","3","2","0","1","0","1","0","1","0","3","3","0","3","1","3","0","1","1","0","0","3","0","0","0","0","0","0","1","0","5","5","1","0","0","2","0","","14","2","52","55","44","43","43"
"A00041557","Child- Ages 9-10","V1","0","3","0","3","3","3","3","3","3","0","3","0","3","3","3","3","0","3","0","3","0","3","3","0","2","2","3","0","0","0","3","0","3","0","3","1","3","3","0","15","9","13","3","8","1","2","","9","1","83","71","87","63","75"
"A00040556","Child Age 9-10","V4","1","0","0","1","0","3","1","0","0","0","3","2","1","1","1","1","0","0","1","2","2","1","3","2","2","1","0","2","1","1","1","0","0","1","0","0","1","0","0","2","5","1","1","5","1","0","","11","1","45","57","44","48","56"
"A00055920","Child Age 9-10","V1","0","2","1","2","0","2","3","0","1","0","3","2","0","1","0","1","0","1","1","2","1","0","3","2","3","0","0","2","1","1","0","0","0","0","1","0","0","1","0","4","3","2","1","1","0","1","","09","2","49","49","46","49","45"
"A00055612","Child -Age 8","V1","1","1","1","0","0","2","1","0","1","0","2","1","1","2","0","2","1","1","0","1","1","0","2","2","2","1","1","1","0","2","1","0","0","0","1","0","0","1","0","7","2","3","3","1","0","1","","08","2","57","45","50","60","45"
"A00062996","ONE_DAY-AGE 11","VA","1","0","1","3","2","3","3","0","0","0","3","2","3","1","1","1","0","0","0","3","3","1","3","0","3","0","1","0","0","0","2","0","0","0","0","0","1","0","0","6","7","3","0","2","2","0","","11","2","58","63","51","43","50"
"A00040117","Child Age 8","V4","0","2","2","3","2","2","2","0","2","0","2","2","3","3","3","3","3","2","0","1","2","1","3","1","1","0","2","3","1","0","2","0","2","0","1","0","0","1","0","14","9","8","3","1","1","1","","08","1","81","72","73","60","46"
"A00056605","Child Age 14","V1","1","1","0","2","2","2","1","0","0","0","2","0","0","1","1","1","0","1","1","1","2","1","2","0","0","1","1","1","0","1","3","0","0","2","1","0","2","1","0","6","7","1","1","7","0","1","","14","2","55","62","44","48","65"
"A00043282","Adolescent- Age  16-17","V1","2","1","3","3","3","3","1","0","2","1","2","1","2","3","1","3","2","1","0","0","2","0","3","0","2","0","3","1","1","1","2","0","2","0","0","3","0","2","0","16","9","11","4","0","0","0","","16","2","79","68","76","61","42"
"A00061715","ONE_DAY-Age 16-17","VA","0","0","0","0","0","3","1","0","0","0","2","2","0","0","0","0","0","0","0","1","2","0","3","1","3","0","0","0","0","0","1","0","0","0","0","0","0","0","0","0","1","0","0","0","1","0","","17","1","40","42","41","41","42"
"A00040342","Child- Age 13","V1","1","1","1","1","1","1","1","1","1","1","1","1","1","1","1","1","0","1","0","2","2","3","3","2","1","1","2","1","0","1","1","0","2","0","0","1","0","3","0","7","4","8","3","4","0","3","","13","2","62","54","71","60","55"
"A00051476","Child Age 14","V1","1","1","3","2","3","2","1","0","1","1","0","0","0","0","0","0","0","0","0","0","0","0","0","1","1","0","0","1","0","0","1","2","2","3","2","1","1","0","0","6","4","4","3","4","0","5","","14","1","56","52","54","58","53"
"A00060664","Child-Age 12","V1","0","3","3","0","1","2","2","0","2","0","3","1","1","2","1","0","0","0","0","2","2","2","3","1","3","0","3","3","3","3","0","0","2","0","1","1","0","3","0","9","4","9","3","2","1","0","","12","2","70","54","74","63","50"
"A00066462","ONE_DAY-Age 11","VA","0","1","1","0","1","3","0","0","1","1","3","3","0","0","0","1","2","0","1","2","3","1","3","2","2","0","1","2","1","0","1","0","0","0","1","1","0","3","0","4","2","5","3","2","2","0","","11","1","51","46","61","59","47"
"A00056679","Child Age 9-10","V1","1","1","0","0","1","3","1","0","0","0","3","3","1","1","0","1","1","1","1","2","3","1","3","2","2","0","1","0","2","1","0","0","0","0","0","0","1","0","0","5","3","1","2","3","1","0","","09","2","52","49","43","56","53"
"A00066784","ONE_DAY-AGE 12","VA","1","0","0","1","0","3","2","0","0","0","2","3","0","0","0","0","0","0","0","1","2","0","3","1","2","0","0","0","0","1","1","0","0","0","0","0","0","0","0","0","3","0","1","0","2","0","","12","2","40","51","42","50","42"
"A00035292","Child-Age 11","V1","0","1","1","0","0","2","2","0","0","0","3","2","1","0","0","1","0","0","0","3","2","0","3","2","3","0","1","0","2","1","1","0","0","0","0","0","0","0","0","3","3","1","1","0","1","0","","11","1","48","50","44","48","41"
"A00058516","Child Age 9-10","V1","1","1","0","0","0","3","1","0","0","0","3","1","0","1","0","1","0","0","2","2","3","1","3","2","3","1","0","1","1","1","0","0","0","1","0","0","0","0","0","2","2","0","1","5","0","0","","10","1","44","45","42","49","58"
"A00035945","Child- Age 13","V1","0","0","0","0","0","0","0","0","0","0","0","0","0","0","0","0","0","0","0","0","0","0","3","3","3","0","0","3","3","3","0","0","0","0","0","0","0","0","0","0","3","0","3","0","4","3","","13","1","40","50","40","60","42"
"A00057967","Child-Age 11","V1","0","0","0","1","0","3","1","0","0","0","3","2","3","0","0","1","0","0","0","2","2","0","3","3","2","1","0","0","1","0","2","0","1","0","0","1","1","1","0","1","4","6","0","2","2","0","","11","1","42","53","65","43","47"
"A00064416","ONE_DAY-Age 16-17","VA","2","3","3","3","3","2","2","0","3","0","3","2","3","3","3","3","0","3","0","1","3","0","2","2","2","0","3","0","3","0","3","0","2","0","1","3","0","1","0","18","14","12","0","0","0","0","","17","2","90","86","81","41","42"
"A00055903","Child Age 8","V1","1","1","1","1","1","1","1","0","0","0","3","1","1","1","1","1","0","0","2","2","2","1","3","2","2","1","0","2","0","2","1","0","0","1","0","0","1","1","0","4","4","2","2","6","0","1","","08","2","49","52","47","54","62"
"A00043740","Child Age 15","V1","0","1","0","0","0","2","3","0","1","0","2","0","3","1","0","0","1","0","0","1","2","1","2","0","2","1","0","0","1","0","0","1","0","0","1","0","0","3","0","1","1","7","2","2","0","0","","15","1","41","44","70","54","48"
"A00059846","Child - Age 15","V1","1","1","2","0","0","2","1","0","0","0","2","1","0","1","0","1","1","1","0","1","2","0","2","0","2","0","1","0","1","0","1","0","0","0","0","1","0","3","0","6","3","4","1","0","0","0","","15","1","57","51","57","47","41"
"A00035292","Child Age 12","V4","0","0","0","0","0","2","2","0","0","0","3","2","0","0","0","0","0","0","0","2","3","0","3","2","3","0","0","1","0","0","0","0","0","0","0","0","0","0","0","0","0","0","0","0","1","0","","12","1","40","40","42","41","42"
"A00039075","Adolescent- Age  16-17","V1","0","0","0","1","0","3","3","0","0","0","3","2","1","1","0","1","0","0","2","2","3","1","3","2","2","1","0","0","0","1","0","0","0","0","0","0","1","2","0","2","1","3","1","5","1","0","","16","1","44","43","51","47","56"
"A00059109","Child Age 11","V1","1","0","1","2","3","2","2","0","1","0","3","0","3","1","3","3","0","1","0","0","1","1","3","0","1","1","1","0","1","1","0","1","0","1","0","0","1","0","1","10","7","4","3","4","1","2","","11","1","70","64","57","59","53"
"A00054206","Child Age 14","V1","0","1","0","0","0","2","2","0","0","0","2","1","0","0","0","0","0","0","0","0","2","0","2","1","2","0","0","0","0","1","0","0","0","0","1","0","0","3","0","0","0","3","1","0","0","0","","14","1","40","40","51","47","42"
"A00061923","ONE_DAY-AGE 16-17","VA","1","0","0","0","0","2","2","0","1","0","3","1","0","0","0","0","0","0","0","1","2","0","3","1","2","0","0","1","0","0","1","0","0","0","0","0","0","3","0","0","2","4","0","0","1","0","","16","2","80","44","53","41","42"
"A00056628","Child- Age 13","V1","0","1","2","2","2","2","1","0","1","0","2","0","1","1","1","1","0","1","0","0","2","1","3","1","2","0","2","0","0","0","1","0","0","0","1","1","0","1","0","9","4","4","0","1","0","0","","13","1","70","54","58","43","45"
"A00051691","Child Age 6","V4","2","1","0","2","2","2","2","0","1","0","3","1","1","0","0","3","0","1","0","0","2","3","3","3","3","0","1","2","3","2","3","0","0","0","1","0","1","0","0","7","10","2","2","4","1","0","","08","1","60","75","49","54","58"
"A00043822","Child -Age 8","V1","3","3","0","3","3","2","3","3","3","3","3","0","0","3","3","3","3","0","3","0","0","3","3","0","0","2","3","0","3","0","3","3","2","1","3","3","3","0","3","12","15","8","15","12","0","3","","8","1","75","90","73","90","90"
"A00054581","Child Age 9-10","V1","0","2","1","0","2","3","2","0","2","0","3","2","3","0","3","0","0","1","0","0","3","1","3","3","2","0","2","0","0","0","3","0","2","0","1","3","1","3","0","6","6","13","0","2","1","0","","10","1","56","59","83","43","49"
"A00066391","ONE_DAY-Age 8","VA","1","2","0","0","0","2","1","0","0","0","3","3","1","0","0","0","0","1","0","3","2","1","3","0","2","0","0","0","0","0","0","0","0","0","0","0","0","1","0","1","1","2","0","1","2","0","","08","2","41","41","47","41","45"
"A00031411","Child- Ages 9-10","V1","0","3","1","2","1","3","3","0","0","0","3","2","3","3","3","3","0","3","0","0","0","3","3","1","0","0","3","0","3","1","3","0","0","0","0","3","0","3","0","14","11","9","1","3","0","2","","9","2","78","79","67","49","53"
"A00031578","Child- Ages 9-10","V1","0","1","1","2","0","2","3","0","1","0","2","1","1","0","0","3","0","0","1","1","3","2","3","2","3","0","0","0","0","3","0","0","0","0","0","0","0","0","0","4","2","2","3","3","0","0","","10","2","52","46","46","60","54"
"A00053390","Child Age 14","V1","0","2","2","3","2","3","3","0","1","0","3","0","1","3","1","3","1","2","1","0","2","0","1","0","1","1","3","0","0","2","0","0","2","0","2","2","0","1","1","15","4","7","4","2","0","3","","14","2","79","52","66","62","49"
"A00043740","Child Age 15","V4","0","1","1","1","1","2","2","0","0","1","2","0","3","2","0","1","2","2","0","2","2","1","3","0","2","0","2","0","1","1","0","1","0","0","1","0","0","1","0","9","2","4","5","1","0","0","","16","1","63","47","54","68","45"
"A00040815","Child Age 9-10","V1","0","2","2","2","0","3","2","0","0","0","3","1","0","1","0","0","0","0","0","0","3","3","3","3","3","0","1","3","3","3","0","0","1","0","0","1","0","3","0","4","5","5","3","3","2","0","","9","1","50","56","58","63","54"
"A00056830","Child -Age 8","V1","0","3","0","0","0","1","1","0","1","0","3","3","1","0","0","0","0","0","0","3","3","3","3","3","3","0","0","3","0","0","1","0","0","0","0","0","1","1","0","0","1","3","0","4","4","1","","08","2","40","41","50","41","55"
"A00050847","Child Age 9-10","V4","1","1","0","0","1","3","1","0","1","0","2","0","1","1","0","1","0","1","0","0","3","1","3","1","2","0","0","0","1","0","1","0","1","0","0","1","0","2","0","4","3","6","0","1","0","0","","12","1","51","50","65","41","45"
"A00062081","ONE_DAY-AGE 12","VA","1","1","0","0","0","3","1","0","0","0","3","1","0","0","0","1","0","0","1","2","3","1","3","2","2","1","0","1","0","1","1","0","0","1","1","0","1","3","0","1","2","3","1","5","0","0","","12","1","41","47","54","48","57"
"A00018030","Child Age 13","V4","1","1","1","0","0","3","2","0","1","0","2","1","0","1","0","1","0","1","0","1","2","0","3","1","2","0","1","0","0","0","1","0","0","0","1","0","0","1","0","5","2","2","0","0","0","0","","13","2","56","47","49","43","43"
"A00058004","Child Age 8","V1","1","0","0","1","0","2","2","0","3","3","3","2","0","0","1","0","0","1","0","3","1","3","3","3","3","3","0","2","0","1","1","0","2","1","0","1","2","1","0","1","4","7","4","9","3","1","","08","1","43","54","69","66","78"
"A00058756","Child Age 11","V1","0","2","1","1","0","2","2","0","1","0","3","2","0","1","0","1","0","0","1","2","2","2","3","2","2","1","1","0","0","0","1","0","1","0","0","0","0","0","0","4","2","2","0","4","0","0","","11","1","51","46","49","43","53"
"A00061410","ONE_DAY-Age 11","VA","1","0","1","0","0","2","1","0","1","0","3","2","1","1","0","2","0","0","0","1","3","1","3","2","3","0","1","2","0","0","2","0","1","0","0","2","0","0","0","5","3","5","0","1","1","0","","11","2","54","49","58","43","47"
"A00052461","Child Age 14","V1","0","1","0","0","0","2","2","0","0","0","3","2","0","1","0","0","0","0","0","3","3","1","3","2","3","1","0","0","1","1","2","0","0","0","1","0","0","1","0","1","3","1","1","2","1","0","","14","1","42","49","44","47","48"
"A00066711","ONE_DAY-Age 8","VA","0","1","0","0","1","0","2","0","1","0","2","2","1","1","1","1","0","1","1","1","2","0","2","2","2","1","1","1","1","1","0","0","0","0","1","1","0","1","0","5","2","4","1","2","0","1","","08","2","52","45","54","48","48"
"A00055267","Child Age 13","V4","1","1","2","1","1","3","3","3","2","1","3","0","0","1","0","3","0","1","0","1","2","0","3","0","2","0","2","0","2","1","0","0","1","0","0","0","0","0","1","10","4","3","6","0","0","0","","14","1","68","52","51","75","42"
"A00055076","Child Age 9-10","V1","2","1","1","2","1","2","1","0","0","0","3","0","1","1","0","0","2","1","0","1","2","1","3","1","3","1","0","1","2","0","0","0","0","0","0","0","1","1","0","4","6","2","2","3","0","0","","10","2","52","61","46","54","54"
"A00055541","Child- Ages 9-10","V1","2","1","1","3","2","3","3","1","1","0","3","1","0","0","1","1","0","1","3","1","1","3","3","1","1","1","1","0","0","0","1","0","0","0","1","0","0","0","0","6","7","1","1","7","0","2","","09","1","56","63","44","48","71"
"A00059875","Child -Age 8","V1","3","2","1","0","0","0","2","0","3","0","3","3","3","0","0","3","0","2","0","3","3","3","3","3","3","0","3","3","3","0","2","0","3","0","0","0","3","3","0","9","8","12","0","6","4","1","","08","2","63","68","83","41","62"
"A00053171","Child Age 8","V1","1","1","1","3","3","3","1","0","1","1","3","1","3","1","2","2","1","1","1","0","3","2","3","1","1","3","3","0","3","2","3","0","3","0","1","2","0","1","0","11","12","10","4","6","0","1","","08","1","72","82","81","66","66"
"A00051690","Child - Age 15","V1","0","0","0","0","0","3","1","0","0","0","3","3","0","1","0","1","0","0","0","2","2","0","3","1","2","0","0","0","0","0","0","0","0","0","0","0","0","0","0","2","0","0","0","0","2","0","","15","2","43","40","40","43","43"
"A00030980","Child- Age 13","V1","1","1","1","1","1","2","2","0","1","0","1","0","1","2","1","1","0","1","1","0","2","0","1","0","1","1","1","1","0","2","1","0","1","1","1","2","0","2","0","7","4","7","2","3","0","3","","13","2","62","54","67","54","52"
"A00064597","ONE_DAY-Age 9-10","VA","1","1","1","1","2","3","2","0","0","0","3","2","0","1","1","2","0","0","1","2","2","0","3","1","2","0","2","0","1","1","2","0","0","0","0","0","0","1","0","8","6","1","1","1","0","0","","10","2","65","61","42","48","47"
"A00057480","Child Age 9-10","V1","1","0","1","2","1","3","1","1","1","1","3","2","0","2","1","1","0","1","3","2","2","1","3","1","3","2","0","1","2","1","0","0","0","1","1","0","1","0","0","6","6","1","3","8","1","0","","10","1","56","59","45","62","68"
"A00062009","ONE_DAY-Age 11","VA","1","1","1","1","1","3","2","0","1","0","2","1","3","1","1","1","0","0","1","0","3","0","3","3","3","2","0","3","0","0","2","0","3","0","1","1","1","3","0","4","5","11","0","4","2","0","","11","1","51","57","85","43","53"
"A00056295","Child Age 12","V1","1","0","2","2","2","3","2","0","1","0","2","0","0","1","0","0","0","1","0","0","2","0","2","3","2","0","0","1","2","0","0","0","0","0","0","1","0","0","0","6","5","2","0","0","2","0","","12","1","57","58","50","41","42"
"A00065934","ONE_DAY-AGE 16-17","VA","1","2","1","0","0","3","2","0","1","0","3","1","0","0","0","1","0","1","0","2","2","0","3","2","3","0","1","2","1","0","0","0","0","0","0","1","0","0","0","4","2","2","0","0","0","0","","17","1","49","46","48","41","42"
"A00057862","Child Age 9-10","V1","0","1","0","1","0","3","2","0","1","0","3","2","1","1","0","0","0","1","1","1","3","1","3","2","3","0","0","2","1","0","2","0","1","1","1","0","1","1","0","2","4","4","0","4","0","0","","10","2","46","53","54","42","58"
"A00056470","Child Age 12","V1","1","1","1","0","1","2","2","0","0","0","3","1","1","1","1","0","0","1","1","1","2","1","3","0","1","0","0","0","1","1","1","0","0","0","1","1","0","3","0","4","4","5","1","2","0","1","","12","2","52","54","60","50","50"
"A00039866","Child-Age 12","V1","1","1","1","0","1","2","1","0","1","0","2","2","0","1","1","1","0","1","1","1","2","1","2","2","2","1","2","0","1","1","0","0","0","1","1","0","1","0","0","7","3","1","1","5","0","0","","12","2","63","51","45","50","61"
"A00062353","ONE_DAY-Age 9-10","VA","1","2","1","2","1","3","3","0","2","0","3","1","1","2","1","1","0","0","0","3","3","1","3","1","3","0","1","0","3","0","1","0","1","0","0","3","0","1","0","6","8","8","0","1","1","0","","10","2","59","68","71","42","47"
"A00051758","Child - Age 15","V1","1","1","0","1","1","3","2","0","1","0","3","3","0","0","0","0","0","0","0","3","3","0","3","3","3","0","0","3","2","1","2","0","0","0","0","0","0","0","0","1","6","1","1","0","4","0","","15","2","40","59","44","48","43"
"A00058053","Child Age 14","V1","0","0","1","1","0","2","1","0","0","0","3","2","0","1","0","1","0","0","0","2","2","1","3","2","2","0","1","1","1","0","1","0","0","1","1","0","1","1","0","4","3","1","0","3","1","0","","14","2","49","48","44","43","52"
"A00062144","ONE_DAY-Age 15","VA","1","2","3","3","3","3","3","0","1","0","1","0","2","3","0","3","0","2","0","2","2","2","2","1","2","0","3","0","2","0","2","0","0","1","1","1","0","0","0","17","8","4","0","3","0","1","","15","2","84","65","53","43","52"
"A00062989","ONE_DAY-Age 15","VA","0","1","0","1","1","2","2","0","0","1","3","2","0","1","0","1","0","0","1","1","1","1","2","2","2","1","1","0","1","1","0","0","0","0","1","0","1","1","0","4","2","1","2","4","0","1","","15","2","48","45","44","53","55"
"A00035561","Child Age 12","V5","1","1","1","0","0","2","2","0","1","0","1","1","1","1","1","1","0","0","0","2","2","1","3","2","3","0","1","0","1","0","2","0","1","0","1","1","0","1","0","4","5","5","0","1","0","1","","14","1","50","56","58","42","45"
"A00058060","Child Age 8","V1","1","3","2","3","2","3","3","0","1","1","2","2","1","2","2","3","0","1","1","3","2","1","3","2","3","2","2","0","3","0","1","0","2","2","1","1","0","2","0","12","10","7","1","6","1","0","","08","2","71","76","65","48","62"
"A00064503","ONE_DAY-AGE 12","VA","1","1","1","0","0","2","1","0","1","0","3","2","1","1","1","1","1","1","0","0","2","1","3","0","2","1","1","0","1","1","0","0","1","1","1","1","1","2","0","5","3","6","2","4","0","0","","12","1","54","50","65","54","54"
"A00027159","Child-Age 11","V1","1","1","1","2","1","3","2","0","1","0","2","2","0","1","1","2","0","0","1","2","3","1","3","2","3","1","1","2","1","0","2","0","0","1","0","0","1","0","0","6","7","1","0","5","0","0","6","11","1","57","64","44","43","56"
"A00052237","Child Age 16-17","V1","1","0","2","2","1","2","1","0","1","0","2","1","2","2","1","2","0","1","0","1","2","1","3","2","2","0","1","2","2","1","1","0","0","0","0","1","0","1","0","9","7","5","1","1","1","0","","17","2","63","61","56","47","45"
"A00053320","Child -Age 8","V1","1","2","1","2","2","2","2","0","1","0","1","2","2","1","1","2","1","1","2","2","1","1","3","2","2","0","1","1","1","2","1","0","2","1","1","1","0","2","0","8","6","8","3","4","0","2","","08","1","63","61","73","60","58"
"A00065178","ONE_DAY-Age 9-10","VA","2","2","3","3","3","2","3","0","2","1","3","1","1","3","3","3","1","3","3","1","2","1","2","0","2","2","3","0","0","2","3","0","1","2","3","1","1","3","0","18","11","8","4","9","0","1","","10","1","90","76","67","69","71"
"A00060099","Child Age 12","V1","0","0","0","1","0","3","0","0","0","0","3","0","0","0","0","0","1","0","0","3","3","1","3","1","2","0","0","2","0","2","0","0","0","0","0","0","0","0","0","0","1","0","3","1","3","0","","12","1","40","43","42","61","45"
"A00050743","Child Age 15","V1","0","1","1","0","0","3","2","0","0","0","3","0","1","1","0","0","1","0","1","1","2","1","3","1","2","1","0","0","1","1","1","0","0","0","1","0","1","0","0","2","2","1","2","4","0","0","","15","2","43","45","44","53","55"
"A00035377","Child - Age 15","V1","0","0","0","0","0","0","1","0","0","0","2","0","0","0","0","0","0","0","0","0","3","0","2","1","2","0","0","2","0","0","1","0","0","1","0","1","0","3","0","0","1","4","0","1","1","1","","15","2","0","42","53","43","46"
"A00033714","Child Age 16-17","V5","1","1","2","2","2","2","1","1","1","0","2","2","0","1","0","1","1","1","0","2","2","1","3","0","2","0","2","0","1","1","1","0","1","0","1","0","0","1","0","9","5","3","3","1","0","0","","18","1","65","58","51","55","44"
"A00065941","ONE_DAY-AGE 15","VA","0","3","1","1","0","3","1","0","1","0","3","3","2","1","1","2","0","1","1","1","3","1","3","3","3","0","0","1","2","3","0","0","0","0","0","0","0","1","0","5","4","4","3","2","2","0","","15","1","54","55","57","60","48"
"A00059316","Child Age 12","V1","0","2","2","3","2","2","3","0","1","0","3","2","1","0","1","3","0","2","1","1","3","1","3","2","2","1","3","1","3","0","3","0","0","1","1","0","1","1","0","12","10","3","0","5","0","0","","12","2","80","76","52","43","61"
