"","","","Forgets to turn in completed work.","Is perfect in every way.","Fidgets or squirms in seat.","Is one of the last to be picked for teams or games.","Restless or overactive.","Does not know how to make friends.","Runs or climbs when he/she is not supposed to.","Cannot grasp arithmetic.","Is difficult to please or amuse.","Needs extra explanation of instructions.","Is hard to motivate (even with rewards like candy or money).","Makes mistakes.","Acts as if driven by a motor.","Starts fights with others on purpose.","Has trouble getting started on tasks or projects.","Is happy, cheerful, and has a positive attitude.","Doesn't pay attention to details; makes careless mistakes.","Has trouble keeping friends.","Bullies, threatens, or scares others.","Loses things (for example, schoolwork, pencils, books, tools, or toys).","Tells lies to hurt other people.","I cannot figure out what makes him/her happy.","Threatens to hurt others.","Is constantly moving.","Has trouble with reading.","Is angry and resentful.","Has a short attention span.","Excitable, impulsive.","Cannot do things right.","Has trouble concentrating.","Tells the truth; doesn't even tell 'little white lies.'","Has trouble organizing tasks or activities.","Is fun to be around.","Inattentive, easily distracted.","Is messy or disorganized.","Spelling is poor.","Is patient and content, even when waiting in a long line.","Has no friends.","Does not understand what he/she reads.","Behaves like an angel.","Has trouble keeping his/her mind on work or on play for long.","Has to struggle to complete hard tasks.","Does not get invited to play or go out with others.","AGE","GENDER","INATTENTION (IN) RAW SCORE","HYPERACTIVITY/IMPULSIVITY (HY) RAW SCORE","LEARNING PROBLEMS (LP) RAW SCORE","EXECUTIVE FUNCTIONING (EF) RAW SCORE","AGGRESSION (AG) RAW SCORE","PEER RELATIONS (PR) RAW SCORE","POSITIVE IMPRESSION (PI) RAW SCORE","NEGATIVE IMPRESSION (NI) RAW SCORE","INATTENTION T-SCORE","HYPERACTIVITY/IMPULSIVITY T-SCORE","LEARNING PROBLEMS T-SCORE","EXECUTIVE FUNCTIONING T-SCORE","AGGRESSION T-SCORE","PEER RELATIONS T-SCORE"
"Anonymized ID","Subject Type","Visit","CONNP_01","CONNP_02","CONNP_03","CONNP_04","CONNP_05","CONNP_06","CONNP_07","CONNP_08","CONNP_9","CONNP_10","CONNP_11","CONNP_12","CONNP_13","CONNP_14","CONNP_15","CONNP_16","CONNP_17","CONNP_18","CONNP_19","CONNP_20","CONNP_21","CONNP_22","CONNP_23","CONNP_24","CONNP_25","CONNP_26","CONNP_27","CONNP_28","CONNP_29","CONNP_30","CONNP_31","CONNP_32","CONNP_33","CONNP_34","CONNP_35","CONNP_36","CONNP_37","CONNP_38","CONNP_39","CONNP_40","CONNP_41","CONNP_42","CONNP_43","CONNP_44","CONNP_45","CONNP_46","CONNP_47","CONNP_48","CONNP_49","CONNP_50","CONNP_51","CONNP_52","CONNP_53","CONNP_54","CONNP_55","CONNP_56","CONNP_57","CONNP_58","CONNP_59"
"A00031578","Child- Ages 9-10","V1","0","0","1","0","0","0","1","1","0","1","0","1","0","0","0","3","0","0","0","0","0","0","0","0","1","0","1","1","0","1","2","0","3","2","1","1","2","0","0","2","0","0","0","10","2","4","3","4","1","0","0","1","0","56","56","55","42","45","45"
"A00060503","Child Age 13","V1","1","1","0","2","0","3","0","3","2","2","1","1","0","0","3","2","3","3","0","3","0","3","0","0","3","0","1","0","0","1","0","3","3","1","2","3","2","3","3","1","2","3","3","13","1","8","0","14","12","0","14","0","2","68","42","90","75","45","90"
"A00063327","ONE_DAY-Age 9-10","VA","0","2","1","0","0","0","0","0","0","1","1","1","0","0","0","3","0","0","0","0","0","0","0","1","0","0","0","0","0","0","2","0","3","0","1","2","2","0","1","3","0","1","0","09","2","0","2","4","1","0","0","1","0","40","48","56","42","45","46"
"A00058215","Child Age 6","V1","0","0","0","0","0","0","0","0","0","0","0","1","0","0","0","3","0","0","0","0","0","0","0","0","0","0","0","0","0","0","2","0","2","0","1","0","2","0","0","0","0","1","0","06","2","0","0","0","1","0","0","0","0","40","40","40","43","45","45"
"A00061410","ONE_DAY-Age 11","VA","1","1","1","0","0","0","0","1","1","3","1","2","0","0","1","2","1","0","0","1","0","0","0","0","3","0","2","1","1","2","2","3","2","2","3","3","1","0","2","2","1","2","0","11","2","8","2","12","9","0","0","0","0","77","53","84","77","46","45"
"A00034073","Adolescent- Age  16-17","V1","0","2","0","0","1","0","0","0","0","0","0","1","0","0","0","2","1","0","0","0","0","1","0","0","0","0","0","0","0","1","3","0","3","1","0","0","2","0","0","2","0","0","0","16","1","3","1","0","0","0","0","2","0","51","48","43","40","46","45"
"A00064416","ONE_DAY-Age 16-17","VA","0","1","1","2","1","1","0","0","0","2","0","1","0","0","0","3","0","1","0","1","0","0","0","0","0","0","1","1","0","1","2","0","3","1","0","1","2","0","0","2","1","1","1","17","2","4","3","3","1","0","5","0","0","55","56","54","43","45","77"
"A00058003","Child Age 8","V1","2","1","2","0","2","0","2","1","0","3","2","2","1","1","3","2","3","0","0","1","0","1","0","3","1","1","3","2","1","3","0","2","3","3","1","1","0","0","2","0","2","3","0","08","1","14","12","8","9","2","0","0","1","85","79","70","69","60","46"
"A00060100","Child Age 9-10","V1","0","1","0","1","1","0","0","0","1","0","0","1","3","0","1","0","1","0","0","0","0","0","0","3","0","1","0","1","0","1","3","1","3","1","2","1","1","0","0","2","2","2","0","10","1","5","8","1","4","1","1","1","1","56","69","46","51","53","54"
"A00056419","Child- Age 6","V1","0","3","2","0","1","1","0","0","0","0","0","0","0","0","0","3","1","0","0","1","0","0","0","2","0","0","1","0","0","0","3","0","3","0","1","0","2","0","1","3","0","0","0","06","2","2","5","1","2","0","1","5","0","48","57","45","49","45","55"
"A00063003","ONE_DAY-Age 13","VA","0","1","2","0","0","0","1","0","0","1","0","1","0","0","0","3","1","0","0","0","0","0","0","0","0","0","0","1","0","0","1","1","3","1","0","0","1","0","0","0","0","0","0","13","1","2","4","1","1","0","0","1","0","46","58","45","41","45","44"
"A00034350","Child-Age 11","V1","1","2","0","0","0","0","0","0","0","0","0","1","0","0","1","2","1","0","0","0","0","0","0","1","0","0","0","1","0","0","3","0","3","0","1","1","2","0","0","2","0","0","0","11","1","1","2","1","3","0","0","2","0","43","49","45","45","44","44"
"A00066396","ONE_DAY-Age 14","VA","1","2","0","0","0","0","0","1","0","1","0","1","0","0","1","3","1","0","0","1","0","0","0","0","0","0","1","1","0","0","3","1","3","0","1","1","3","0","0","3","1","1","0","14","1","3","1","3","5","0","0","3","0","49","46","52","51","45","45"
"A00062369","ONE_DAY-AGE 16-17","VA","0","0","0","0","0","0","0","0","1","1","0","1","0","0","1","2","1","0","0","0","0","1","0","0","1","1","0","1","0","0","2","1","2","1","1","1","1","0","0","2","1","1","0","16","2","3","1","3","3","1","0","0","0","52","48","55","50","51","45"
"A00065802","ONE_DAY-Age 15","VA","0","1","1","0","1","0","0","0","0","0","0","1","0","0","0","3","1","0","0","0","0","0","0","0","0","0","0","0","0","0","2","0","3","0","0","0","2","0","0","2","0","0","0","14","1","1","2","0","0","0","0","1","0","43","50","42","40","45","45"
"A00051690","Child - Age 15","V1","0","1","0","1","0","0","0","0","0","0","0","1","0","0","0","3","0","0","0","0","0","0","0","0","0","0","0","0","0","0","2","0","2","0","0","0","2","0","0","3","0","0","1","15","2","0","0","0","0","0","2","2","0","42","44","43","40","46","61"
"A00059733","Child Age 9-10","V1","0","1","0","0","1","0","0","0","1","0","1","1","0","0","0","1","0","0","0","1","0","1","0","1","0","2","0","0","0","0","2","0","2","0","1","1","0","0","0","1","0","1","0","09","1","0","2","1","2","2","0","0","1","40","46","45","44","56","45"
"A00060280","Child Age 16-17","V1","0","2","1","0","0","0","0","0","0","0","0","1","1","1","0","2","0","0","0","0","0","0","0","1","0","1","0","0","0","0","2","0","2","0","1","0","2","0","0","2","0","0","0","16","1","0","3","0","1","2","0","1","0","42","57","43","40","56","45"
"A00035291","Child Age 14","V5","0","2","0","0","0","0","0","0","0","0","1","1","0","0","0","2","0","1","0","0","0","0","0","0","0","0","0","0","0","0","2","0","2","0","0","0","2","0","1","1","0","0","0","16","2","0","0","1","0","0","1","1","0","43","44","46","41","46","51"
"A00065263","ONE_DAY-Age 12","VA","1","0","2","1","1","0","1","0","0","0","0","1","0","0","2","2","1","0","0","1","0","0","0","1","1","1","1","1","0","1","1","1","3","1","1","2","2","0","1","1","0","1","0","12","1","4","6","4","6","1","1","0","0","54","65","57","55","52","52"
"A00039075","Adolescent- Age  16-17","V1","1","3","0","0","0","0","0","0","0","0","0","1","0","0","1","3","1","0","0","1","0","0","0","0","0","0","0","0","0","0","2","1","3","0","1","0","3","0","0","3","0","0","0","16","1","1","0","0","5","0","0","4","0","45","43","43","51","46","45"
"A00059326","Child -Age 8","V1","1","0","0","2","0","0","0","0","0","1","0","2","0","0","1","3","2","0","0","1","0","0","0","0","3","0","1","1","0","1","2","1","3","3","1","3","3","0","1","1","1","2","1","08","1","8","1","8","5","0","3","1","0","67","44","70","57","45","68"
"A00065185","ONE_DAY-Age 6","VA","0","1","1","0","1","0","0","0","0","0","0","1","1","0","1","3","1","0","0","0","0","0","0","0","0","0","0","0","0","0","0","0","3","0","0","0","1","0","0","1","0","0","0","06","1","1","3","0","1","0","0","1","0","41","48","40","43","46","46"
"A00052069","Child Age 9-10","V1","1","0","1","0","0","0","0","1","0","0","0","1","0","0","1","3","1","0","0","1","0","0","0","0","0","0","0","0","0","0","0","1","3","1","1","1","3","0","1","2","0","1","0","10","1","2","1","3","5","0","0","1","0","46","45","54","54","45","45"
"A00035377","Child Age 16-17","V4","0","2","0","0","0","0","0","0","0","0","0","1","0","0","0","2","0","0","0","0","0","0","0","0","0","0","0","0","0","0","2","0","2","0","0","0","2","0","0","1","0","0","0","16","2","0","0","0","0","0","0","1","0","43","44","41","41","46","45"
"A00044084","Child Age 16-17","V4","","","","","","","","","","","","","","","","","","","","","","","","","","","","","","","","","","","","","","","","","","","","19","2","","","","","","","","","0!WithErrors!","0!WithErrors!","0!WithErrors!","0!WithErrors!","0!WithErrors!","0!WithErrors!"
"A00055624","Child Age 9-10","V4","0","1","0","0","0","0","0","0","0","0","0","1","0","0","0","1","0","0","0","0","0","0","0","0","0","1","0","1","0","0","2","0","2","0","0","1","1","0","0","1","0","0","0","12","2","0","1","1","0","1","0","1","1","40","47","46","40","54","45"
"A00061298","ONE_DAY-AGE 16-17","VA","0","1","1","0","0","0","0","0","1","0","0","1","0","0","1","2","1","0","0","1","0","0","0","0","0","1","0","1","0","0","3","1","3","0","2","0","2","0","0","1","0","1","0","17","2","1","2","0","5","1","0","1","0","44","51","42","55","52","45"
"A00066711","ONE_DAY-Age 8","VA","2","1","1","1","1","0","0","2","0","1","2","2","1","0","2","1","1","1","0","2","0","1","0","0","0","1","1","1","1","1","1","3","1","3","3","3","1","0","0","0","1","3","1","08","2","7","4","6","12","1","3","0","3","66","54","66","88","52","69"
"A00055946","Child-Age 7 ","V1","0","2","2","0","1","0","0","0","0","2","0","1","0","0","0","3","1","0","0","1","0","0","0","1","0","0","1","1","0","1","2","1","3","1","1","0","3","0","0","3","0","0","0","07","2","4","5","2","3","0","0","3","0","56","58","50","51","45","45"
"A00055462","Child Age 15","V1","0","2","0","1","1","0","0","0","0","0","0","1","0","0","1","1","0","0","0","0","0","0","0","0","0","0","1","1","0","1","3","1","1","1","1","1","0","0","0","0","1","0","0","15","1","4","2","1","3","0","1","2","2","54","51","46","46","44","53"
"A00064505","ONE_DAY-AGE 15","VA","","","","","","","","","","","","","","","","","","","","","","","","","","","","","","","","","","","","","","","","","","","","15","1","","","","","","","","","40!WithErrors!","43!WithErrors!","42!WithErrors!","40!WithErrors!","44!WithErrors!","45!WithErrors!"
"A00065941","ONE_DAY-AGE 15","VA","1","0","1","1","2","2","3","0","0","1","1","1","0","0","2","3","1","2","0","2","0","0","0","3","2","0","2","2","1","1","2","2","3","1","3","2","0","2","1","2","1","1","2","15","1","6","11","6","10","0","9","0","0","62","90","63","67","44","90"
"A00061923","ONE_DAY-AGE 16-17","VA","1","0","2","0","2","0","0","3","1","1","0","2","1","1","0","1","3","0","0","2","0","2","0","2","0","1","1","1","1","2","0","2","3","1","3","1","2","0","1","0","1","2","0","16","2","8","8","6","8","2","0","0","2","67","79","68","65","55","45"
"A00060481","Child Age 6","V1","1","3","3","1","1","0","1","1","0","2","1","1","0","0","1","3","1","0","0","2","0","0","0","2","2","0","2","1","0","1","0","2","3","2","2","1","0","0","1","2","1","0","0","06","2","7","8","7","8","0","1","2","0","69","67","72","80","45","55"
"A00066698","ONE_DAY-AGE 9-10","VA","1","1","1","0","0","0","1","1","1","1","0","1","0","0","1","2","1","0","0","2","0","0","0","0","0","0","0","0","0","0","0","1","3","0","2","0","1","0","0","1","1","1","0","10","2","2","2","2","7","0","0","0","0","48","51","49","70","45","45"
"A00055076","Child Age 9-10","V1","0","2","1","0","0","0","0","0","0","0","0","0","0","0","0","3","1","0","0","1","0","0","0","0","0","0","0","1","0","0","0","0","3","0","0","0","2","0","0","2","0","0","0","10","2","1","2","0","1","0","0","2","0","44","51","42","42","45","45"
"A00066860","ONE_DAY-Age 7","VA","1","0","1","0","1","0","2","0","0","0","1","1","1","0","1","3","1","0","0","1","0","0","0","2","1","0","1","1","0","1","0","1","3","1","1","1","1","0","0","1","1","1","0","07","2","5","8","2","5","0","0","0","0","59","68","50","57","45","45"
"A00053390","Child Age 14","V1","3","0","3","0","0","0","0","1","1","3","2","2","0","0","2","2","3","1","0","2","0","1","0","0","2","2","3","2","1","3","0","3","1","3","3","2","1","0","2","0","3","3","0","14","2","15","5","10","13","2","1","0","2","90","65","73","87","58","52"
"A00059142","Child Age 7","V1","1","1","2","1","2","1","2","0","2","0","1","1","2","1","2","2","1","1","0","0","0","1","1","2","0","1","1","2","0","1","2","1","2","1","0","1","0","1","0","0","1","1","1","07","2","5","12","1","4","3","5","0","1","59","81","46","54","71","87"
"A00055624","Child Age 9-10","V1","1","1","2","0","2","1","1","0","0","1","1","1","0","0","1","2","1","1","0","1","0","0","0","1","0","1","1","0","0","1","3","1","3","1","1","1","1","1","0","1","0","1","1","10","2","4","6","2","5","1","4","1","0","56","69","49","61","54","73"
"A00052461","Child Age 14","V1","0","0","0","1","0","0","0","0","0","0","0","1","0","0","1","3","1","0","0","1","0","0","0","0","0","0","0","1","0","0","2","1","3","1","1","0","2","0","0","2","0","1","0","14","1","2","1","0","4","0","1","0","0","46","46","42","48","45","53"
"A00066534","ONE_DAY-Age 8","VA","2","1","3","0","3","0","2","1","1","2","1","2","3","0","2","2","3","0","0","3","0","1","0","3","2","2","3","3","2","3","1","3","2","3","3","1","0","0","1","0","1","3","0","08","1","13","17","7","13","2","0","0","1","82","90","66","82","60","46"
"A00065486","ONE_DAY-Age 8","VA","0","2","2","1","1","0","1","0","0","2","0","1","1","0","3","3","2","0","0","1","0","0","0","2","0","0","3","1","1","3","2","2","3","3","2","2","1","0","1","2","3","2","0","08","1","14","8","5","8","0","1","0","0","85","66","59","66","45","53"
"A00035940","Adolescent- Age  16-17","V1","0","2","1","1","0","0","0","0","0","0","1","1","0","0","1","2","0","0","0","1","0","1","0","2","0","0","0","1","0","0","1","2","2","1","3","2","2","0","0","2","0","0","0","16","1","1","4","2","7","0","1","1","0","45","62","49","57","46","53"
"A00060664","Child-Age 12","V1","1","1","1","1","1","1","0","0","0","0","0","1","0","0","0","2","1","0","0","1","0","0","0","0","1","0","2","1","0","2","0","1","3","2","1","1","1","0","1","2","1","0","0","12","2","8","3","3","4","0","2","1","0","71","55","54","55","44","58"
"A00052182","Child Age 12","V4","0","0","2","3","1","3","0","0","2","2","3","2","1","0","1","1","2","3","1","0","0","0","1","1","0","2","2","3","2","2","1","2","1","2","1","0","2","1","0","1","0","2","3","13","1","8","8","2","4","4","13","0","5","68","73","49","50","69","90"
"A00031832","Child-Age 12","V1","2","0","0","0","0","0","0","0","0","0","1","0","0","0","0","0","1","1","0","0","0","0","0","0","0","0","0","0","0","0","0","0","2","0","2","1","1","0","0","0","0","0","0","12","1","1","0","1","4","0","1","2","1","43","43","46","49","46","52"
"A00056920","Child Age 9-10","V1","1","1","3","1","3","1","2","2","1","2","2","2","2","0","3","2","2","1","0","2","0","0","0","3","0","1","2","2","2","2","1","0","2","2","2","2","1","1","0","1","2","2","1","10","1","10","15","6","8","1","5","0","2","72","90","66","64","53","88"
"A00055122","Child Age 15","V4","1","2","0","0","1","1","0","0","0","0","0","1","0","0","1","2","1","0","0","1","0","0","0","0","0","0","0","0","0","0","2","1","2","0","1","0","0","0","0","2","0","0","0","16","1","1","1","0","5","0","1","1","0","45","48","43","51","46","53"
"A00027439","Child - Age 15","V1","0","1","0","0","0","0","0","0","0","1","0","1","0","0","0","3","1","0","0","0","0","0","0","1","1","0","1","0","0","1","3","1","3","1","1","1","2","0","0","2","1","1","0","15","1","5","1","3","2","0","0","1","0","58","47","52","43","44","45"
"A00057862","Child Age 9-10","V1","0","3","0","0","0","0","0","0","1","0","0","1","0","0","0","3","1","0","0","0","0","0","0","0","0","0","0","1","0","0","0","0","3","0","0","0","3","0","0","3","0","0","0","10","2","1","1","0","0","0","0","4","0","44","47","42","40","45","45"
"A00066391","ONE_DAY-Age 8","VA","0","2","1","0","1","0","1","0","0","1","1","1","0","0","1","1","1","0","0","0","0","0","0","0","0","0","1","1","0","1","3","2","3","2","0","0","1","0","1","2","1","1","0","08","2","6","4","2","3","0","0","1","1","62","54","49","51","44","44"
"A00031881","Child Age 16-17","V5","","","","","","","","","","","","","","","","","","","","","","","","","","","","","","","","","","","","","","","","","","","","19","1","","","","","","","","","0!WithErrors!","0!WithErrors!","0!WithErrors!","0!WithErrors!","0!WithErrors!","0!WithErrors!"
"A00053873","Child Age 6","V1","1","2","1","1","1","1","1","0","1","1","1","1","1","1","1","3","1","0","0","1","0","0","0","2","0","0","1","2","0","1","2","1","3","1","1","1","2","0","1","2","1","1","1","06","1","5","8","3","5","1","3","0","0","61","66","50","58","55","64"
"A00039943","Child - Age 15","V1","0","0","0","0","0","0","0","0","0","0","0","0","0","0","1","2","1","0","0","0","0","0","0","0","0","0","0","0","0","0","2","0","2","0","1","0","2","0","0","1","0","0","0","15","2","1","0","0","2","0","0","2","0","46","44","43","47","46","46"
"A00041557","Child- Ages 9-10","V1","2","0","2","1","2","0","1","2","1","2","1","2","1","0","1","2","3","0","1","2","0","1","0","2","2","0","2","1","1","1","1","1","2","2","1","2","1","0","1","0","1","2","0","9","1","9","9","9","7","1","1","0","0","78","66","71","62","51","53"
"A00060099","Child Age 12","V1","0","1","0","0","0","0","0","0","0","0","0","1","0","0","1","2","1","0","0","1","0","0","0","0","0","0","0","0","0","1","2","0","2","1","1","0","1","0","0","1","1","1","0","12","1","4","0","0","3","0","0","0","0","54","43","42","46","46","45"
"A00066388","ONE_DAY-Age 8","VA","1","2","2","0","3","0","1","1","0","3","0","2","2","0","2","3","2","0","0","3","0","0","0","2","1","0","2","1","1","3","2","3","3","2","3","1","1","0","2","2","2","3","1","08","1","11","11","8","12","0","1","0","0","76","76","70","79","45","53"
"A00041503","Child -Age 8","V1","2","0","2","1","1","0","1","0","0","3","1","2","1","1","1","2","1","0","0","1","0","1","0","2","3","1","2","1","1","2","0","2","2","2","1","2","0","1","2","1","2","3","2","8","1","9","8","10","7","2","4","0","0","70","66","77","63","60","75"
"A00040556","Child- Ages 9-10","V1","1","1","1","1","1","0","1","0","1","0","0","1","0","0","1","3","1","0","0","1","0","0","0","1","0","0","1","2","0","0","3","1","3","1","1","1","2","0","0","1","1","0","0","9","1","4","6","1","5","0","1","2","0","56","57","45","54","45","53"
"A00065820","ONE_DAY-Age 9-10","VA","0","1","2","1","1","3","3","0","1","0","2","1","0","2","0","2","1","3","2","1","1","1","0","2","0","3","1","2","0","0","1","0","2","1","1","1","1","2","0","1","0","0","2","09","1","3","10","1","2","8","11","1","1","52","68","45","44","90","90"
"A00037483","Child-Age 11","V1","1","1","0","0","0","0","0","0","0","1","0","1","0","0","0","1","0","0","0","1","0","0","0","0","0","0","0","0","0","0","1","0","2","0","0","0","2","0","0","2","0","0","0","11","1","0","0","1","2","0","0","1","1","40","41","45","41","44","44"
"A00040581","Child Age 8","V4","0","2","0","0","0","0","1","1","1","1","0","1","0","0","1","3","1","0","0","1","0","1","0","3","0","0","0","0","0","1","3","1","3","0","1","0","3","0","0","3","0","1","0","08","2","2","4","2","4","0","0","3","0","48","54","49","55","44","44"
"A00027439","Child Age 16-17","V4","0","0","1","0","1","0","0","1","0","1","0","1","0","0","1","3","1","0","0","0","0","0","0","1","1","1","1","1","0","1","3","1","3","1","1","1","2","0","1","2","1","2","0","17","1","5","4","5","3","1","0","1","0","60","63","60","47","51","45"
"A00027167","Child - Age 14","V1","0","1","0","0","0","0","0","0","0","0","0","1","0","0","0","2","0","0","0","0","0","0","0","0","0","1","0","0","0","0","3","0","3","0","0","0","1","0","0","2","0","0","0","14","2","0","0","0","0","1","0","2","0","42","44","43","40","51","45"
"A00031219","Adolescent- Age  16-17","V1","1","0","1","1","1","1","1","1","1","1","0","2","1","0","2","2","1","1","0","1","0","1","0","1","2","1","1","2","0","1","1","0","2","1","1","2","0","1","1","1","1","2","1","17","2","5","7","7","5","1","5","0","0","59","73","70","55","52","77"
"A00035292","Child-Age 11","V1","1","1","1","1","0","0","0","0","1","0","0","1","0","0","0","3","0","0","0","1","0","0","0","0","0","0","0","0","0","0","0","0","2","0","1","0","2","0","0","0","0","1","0","11","1","0","1","0","3","0","1","0","0","40","45","41","45","44","53"
"A00058229","Child Age 15","V1","1","0","1","1","0","1","0","3","1","3","1","2","0","1","1","2","3","0","0","2","0","0","0","0","1","1","1","0","1","1","0","3","2","1","3","1","1","0","1","1","0","2","0","15","1","6","1","9","10","2","2","0","0","62","47","73","67","58","61"
"A00061749","ONE_DAY-AGE 13","VA","0","3","0","0","0","0","0","0","0","0","2","1","0","0","0","3","0","0","0","0","0","0","0","0","0","0","0","0","0","0","2","0","3","0","1","0","2","0","0","3","0","0","0","13","2","0","0","0","1","0","0","3","1","42","44","42","43","45","46"
"A00065792","ONE_DAY-AGE 7","VA","1","0","3","1","2","1","2","2","0","1","0","2","1","0","1","3","3","1","0","2","0","0","0","2","0","0","2","2","0","2","1","2","3","2","2","2","1","0","1","1","2","3","1","07","2","11","12","6","8","0","4","0","0","80","81","64","67","45","78"
"A00062353","ONE_DAY-Age 9-10","VA","0","1","1","0","1","0","0","0","0","1","0","1","1","0","1","2","1","0","0","0","0","0","0","1","1","0","1","0","0","0","1","0","3","1","1","1","2","0","1","0","1","1","0","10","2","4","4","4","2","0","0","0","0","56","60","55","47","45","45"
"A00057698","Child Age 12","V1","3","0","0","1","1","1","0","3","0","3","0","3","0","2","3","1","3","3","0","3","0","1","0","0","1","1","1","0","0","1","0","2","1","1","2","3","1","1","3","0","1","3","2","12","2","7","1","13","13","3","8","0","2","67","47","90","90","73","90"
"A00059846","Child - Age 15","V1","1","1","0","0","1","0","0","1","0","1","0","1","0","0","1","2","1","0","0","2","0","0","0","1","1","0","1","0","0","1","3","1","3","1","1","0","3","0","0","2","0","1","0","15","1","4","2","3","6","0","0","2","0","54","51","52","55","44","45"
"A00052614","Adolescent- Age  16-17","V1","0","0","0","1","0","0","0","0","1","0","0","1","0","0","1","3","1","0","0","1","0","0","0","0","0","0","0","0","0","0","2","1","3","0","1","0","2","0","0","2","0","0","0","17","2","1","0","0","4","0","1","1","0","44","43","42","52","45","51"
"A00054578","Child Age 9-10","V1","1","1","1","1","0","0","0","1","0","2","0","1","1","0","1","0","3","0","0","3","0","0","0","1","0","0","2","0","0","1","1","3","2","2","3","0","0","0","3","1","2","2","1","09","1","10","3","6","11","0","2","0","1","83","49","61","76","45","60"
"A00065261","ONE_DAY-AGE 9-10","VA","1","2","0","1","0","0","0","1","0","0","0","1","0","0","0","2","1","0","0","1","0","0","0","0","0","0","0","0","0","0","2","1","3","0","1","1","2","0","0","2","0","1","1","09","1","1","0","2","4","0","2","0","0","43","40","48","51","45","60"
"A00057405","Child Age 13","V1","1","1","1","1","0","1","0","0","0","0","2","1","0","0","2","1","1","0","0","1","0","0","0","0","0","0","1","0","0","1","2","3","3","2","3","0","1","0","0","2","2","2","0","13","2","7","1","0","10","0","2","0","2","72","48","42","79","45","59"
"A00043788","Child Age 13","V4","0","0","0","0","0","0","0","0","0","0","0","1","0","0","0","2","0","0","0","0","0","0","0","0","0","0","0","0","0","0","0","0","2","0","1","1","2","0","0","1","0","0","0","15","2","0","0","1","1","0","0","1","0","42","44","46","44","46","46"
"A00056605","Child Age 14","V1","2","2","1","1","3","2","1","0","2","0","3","1","1","1","3","1","1","2","0","3","0","1","0","2","0","3","1","3","1","2","0","3","2","2","3","0","0","1","0","0","2","1","2","14","2","8","11","0","14","4","8","0","3","70","90","43","90","72","90"
"A00032817","Child-Age 11","V1","1","1","0","1","2","0","0","0","0","0","0","1","0","0","1","2","1","0","0","1","0","0","0","1","0","0","1","0","0","1","2","1","3","1","1","0","0","0","0","1","0","0","0","11","1","4","3","0","5","0","1","1","0","54","53","41","53","44","53"
"A00055116","Child - Age 15","V1","1","0","0","0","0","0","0","2","0","3","2","2","0","0","1","1","1","0","0","1","0","1","0","0","0","0","0","0","0","1","2","1","2","0","1","0","1","0","1","1","1","1","1","15","2","3","0","6","5","0","1","0","2","54","44","65","59","46","53"
"A00040117","Child- Age 6","V1","0","2","3","0","3","0","2","0","1","1","0","2","2","0","3","3","1","0","0","1","0","2","0","3","2","1","1","1","2","3","2","1","3","2","0","0","1","0","1","0","2","1","0","6","1","9","14","4","5","1","0","0","2","80","87","53","58","55","46"
"A00053203","Child Age 9-10","V4","0","2","0","1","0","0","0","0","0","1","0","1","0","0","0","3","0","0","0","0","0","0","0","0","0","0","0","0","0","0","3","0","3","0","1","0","3","0","0","3","0","0","1","12","1","0","0","1","1","0","2","4","0","40","43","46","41","46","59"
"A00064597","ONE_DAY-Age 9-10","VA","1","0","3","3","3","2","0","1","0","1","0","2","0","1","2","2","3","1","0","3","0","0","0","0","0","1","0","3","0","1","0","3","2","2","3","0","2","1","0","2","1","2","1","10","2","7","9","2","12","2","8","0","0","67","83","49","90","62","90"
"A00050743","Child Age 15","V1","0","2","0","0","0","0","","0","0","0","0","1","2","0","0","3","1","0","0","0","0","0","0","2","0","0","0","0","0","0","2","0","3","0","1","0","3","0","0","3","0","0","0","15","2","1","4!WithErrors!","0","1","0","0","3","0","46","44!WithErrors!","43","44","46","46"
"A00032008","Child- Age 6","V1","1","1","1","1","1","0","0","1","0","0","0","1","1","0","0","3","1","0","0","1","0","0","0","1","0","0","1","1","0","1","1","1","3","1","1","1","1","0","1","1","0","1","0","6","2","4","5","3","4","0","1","0","0","56","57","54","59","45","55"
"A00040581","Child- Age 6","V1","0","2","0","1","0","0","1","0","0","0","0","1","0","0","0","3","1","0","0","1","0","0","0","3","0","0","1","0","0","0","3","1","3","1","1","1","3","0","0","3","0","0","0","6","2","3","4","1","3","0","1","4","0","52","53","45","54","45","55"
"A00065262","ONE_DAY-AGE 13","VA","0","1","1","0","0","0","0","0","0","0","0","1","0","0","0","3","0","0","0","0","0","0","0","0","0","0","0","1","0","0","2","0","3","0","0","0","2","0","0","2","0","0","0","13","2","0","2","0","0","0","0","1","0","42","52","42","40","45","46"
"A00055727","Child -Age 8","V1","0","2","0","1","0","1","0","0","0","1","0","1","0","0","0","3","1","0","0","1","0","0","0","0","0","0","0","0","0","0","2","1","3","0","1","0","3","0","0","2","0","1","1","08","2","1","0","1","3","0","3","1","0","45","41","45","51","44","69"
"A00054206","Child Age 14","V4","3","1","0","2","0","0","0","2","1","0","1","1","0","0","2","1","2","0","0","3","0","0","0","0","0","1","1","0","0","1","2","2","2","1","2","1","1","0","0","2","1","1","1","15","1","6","0","3","12","1","3","0","1","62","43","52","74","51","69"
"A00056022","Child- Ages 9-10","V1","1","1","2","1","1","1","2","0","0","1","1","1","0","0","2","3","1","0","0","2","0","1","0","1","0","1","1","0","0","1","3","2","2","1","1","1","2","0","0","1","1","2","0","09","1","5","6","2","8","1","2","1","0","61","57","48","65","51","60"
"A00056724","Child- Ages 9-10","V1","1","0","2","2","2","1","1","1","1","2","2","2","0","0","2","1","2","1","0","2","0","0","0","1","2","1","2","1","2","2","1","2","2","2","2","3","1","1","1","1","1","2","1","10","1","9","7","9","9","1","6","0","3","69","65","77","67","53","90"
"A00055262","Child Age 9-10","V4","0","2","0","0","0","0","0","0","1","0","1","0","0","0","0","2","0","0","0","0","0","1","0","0","0","0","0","0","0","0","2","1","3","0","1","0","2","0","0","3","0","0","0","11","1","0","0","0","2","0","0","3","0","40","41","41","41","44","44"
"A00033714","Child Age 16-17","V4","1","0","2","0","1","0","1","2","0","1","1","1","1","1","2","2","1","0","0","1","0","0","0","1","0","1","3","1","1","3","2","1","2","3","3","0","1","0","0","1","3","2","0","16","1","13","7","3","8","2","0","0","0","83","76","52","60","56","45"
"A00060603","Child Age 11","V1","0","2","0","0","0","0","0","0","0","0","0","1","0","0","1","2","1","0","0","1","0","0","0","0","1","1","1","0","1","1","2","1","3","1","2","1","1","0","1","2","1","1","0","11","1","5","0","3","5","1","0","0","0","58","41","53","53","51","44"
"A00062989","ONE_DAY-Age 15","VA","0","2","0","0","1","0","0","0","1","0","0","1","2","0","1","2","1","0","0","0","0","0","0","1","0","0","0","0","0","0","3","0","2","1","0","0","2","0","0","1","0","1","0","15","2","2","4","0","1","0","0","1","0","50","61","43","44","46","46"
"A00059865","Child Age 14","V1","0","2","0","0","0","0","0","0","1","0","0","1","0","0","0","2","0","1","0","0","0","0","0","0","0","0","0","0","0","0","1","0","2","0","0","0","2","0","0","1","0","0","1","14","2","0","0","0","0","0","2","1","0","42","44","43","40","44","59"
"A00056020","Child- Age 6","V1","1","2","2","0","1","0","3","1","1","0","0","2","1","1","1","2","1","0","0","1","0","0","0","1","0","0","1","1","0","0","2","0","2","1","2","1","1","0","1","2","1","1","0","06","1","4","9","3","5","1","0","0","0","56","69","50","58","55","46"
"A00056138","Child Age 15","V4","1","2","0","0","2","0","0","0","0","0","1","1","3","0","1","3","2","0","0","2","0","0","0","3","0","0","1","0","0","2","2","1","3","1","3","0","3","0","0","2","2","2","0","16","1","8","8","0","8","0","0","1","0","67","80","43","60","46","45"
"A00031881","Child - Age 15","V1","0","2","0","0","0","0","0","0","0","0","0","1","0","0","0","3","0","0","0","0","0","0","0","0","0","0","0","0","0","0","3","0","3","1","0","0","3","0","0","3","0","0","0","15","1","1","0","0","0","0","0","4","0","44","43","42","40","44","45"
"A00053873","Child Age 6","V4","0","2","1","1","1","1","1","0","0","0","0","1","0","1","1","3","1","0","0","0","0","0","0","1","0","0","0","1","0","0","2","1","3","1","0","0","2","0","0","1","0","1","0","08","1","2","5","0","2","1","2","0","0","48","57","41","47","52","60"
"A00056746","Child Age 8","V4","0","1","1","0","0","0","0","0","1","0","1","1","0","0","0","0","0","0","0","1","0","0","0","0","1","0","1","1","0","0","2","1","3","1","0","1","0","0","0","1","1","0","0","09","1","3","2","2","2","0","0","1","1","52","46","48","44","45","45"
"A00056138","Child Age 15","V1","0","2","1","0","1","0","0","0","0","0","1","1","0","0","1","3","1","0","0","1","0","0","0","1","0","0","1","1","0","1","0","1","3","1","1","0","3","0","0","2","1","1","0","15","1","5","4","0","4","0","0","1","0","58","60","42","49","44","45"
"A00060384","Child Age 12","V1","1","1","1","0","1","0","0","3","1","1","1","1","0","0","1","2","1","0","0","3","0","1","0","0","1","1","1","1","1","2","1","2","2","1","1","1","3","0","0","1","1","2","0","12","2","6","3","6","8","1","0","1","0","63","55","66","73","54","45"
"A00035561","Child Age 12","V5","0","3","1","0","0","0","0","1","0","2","0","1","0","0","1","3","1","0","0","1","0","0","0","0","2","0","0","0","1","1","3","1","3","1","1","1","2","0","2","3","0","2","0","12","1","3","1","8","4","0","0","3","0","50","46","72","49","46","45"
"A00031881","Child Age 16-17","V4","0","2","0","0","0","0","0","0","0","0","0","1","0","0","0","3","0","0","0","0","0","0","0","0","0","0","0","1","0","0","2","0","3","1","0","0","2","0","0","2","0","0","0","17","1","1","1","0","0","0","0","1","0","46","49","43","40","45","45"
"A00066589","ONE_DAY-AGE 13","VA","0","1","1","0","0","0","0","0","0","0","0","1","2","1","1","2","1","0","0","0","0","0","1","0","0","0","0","1","0","0","2","0","2","0","0","0","1","0","0","2","0","1","0","13","2","1","4","0","1","2","0","0","0","46","60","42","43","63","46"
"A00060472","Child Age 16-17","V1","0","1","0","1","0","1","0","0","0","0","0","0","0","0","1","2","1","0","0","0","0","0","0","0","0","0","0","0","0","0","1","0","3","0","1","0","3","0","0","2","0","0","0","16","1","1","0","0","2","0","2","3","0","45","43","43","42","46","61"
"A00027443","Child - Age 15","V1","0","2","0","0","0","0","0","0","0","0","0","1","0","0","0","2","0","0","0","0","0","0","0","0","0","0","0","0","0","0","2","0","3","1","1","0","2","0","0","2","0","0","0","15","1","1","0","0","1","0","0","1","0","44","43","42","40","44","45"
"A00055693","Child Age 8","V4","0","3","1","0","0","0","1","0","0","0","0","1","1","0","0","3","1","0","0","1","0","0","0","1","1","0","1","2","0","1","3","1","3","1","1","1","1","0","0","2","1","3","0","09","2","5","6","2","3","0","0","2","0","58","60","49","50","45","46"
"A00052182","Child Age 12","V1","0","2","1","3","1","2","0","1","2","2","2","1","0","0","1","1","1","2","0","0","0","0","0","0","1","1","2","2","0","1","2","2","1","1","1","1","0","2","0","1","2","2","2","12","1","7","4","5","4","1","11","0","4","64","57","61","49","52","90"
"A00040992","Child- Ages 9-10","V1","0","1","0","0","1","0","1","0","0","2","0","1","0","0","0","2","1","0","0","1","0","2","1","1","0","3","3","3","0","3","1","1","2","3","3","0","0","0","0","2","1","2","0","9","1","11","6","2","5","4","0","0","1","87","57","48","54","68","45"
"A00055332","Child - Age 15","V1","0","2","1","1","1","1","0","1","0","1","0","1","0","0","0","3","1","0","0","0","0","0","0","0","0","0","1","0","0","1","3","0","3","0","1","1","2","1","0","3","0","1","1","15","1","3","2","3","1","0","4","2","0","51","51","52","40","44","77"
"A00031410","Child- Ages 9-10","V1","1","3","1","0","0","0","2","0","0","2","0","2","0","0","0","3","0","0","0","1","0","0","0","2","1","0","0","2","0","1","2","0","3","1","1","1","2","0","1","2","1","0","0","9","2","3","7","5","3","0","0","2","0","51","63","60","50","45","46"
"A00055765","Child- Ages 9-10","V1","1","1","3","2","3","2","3","1","0","0","0","1","2","1","1","3","1","1","0","2","0","0","0","3","1","0","2","2","0","2","2","2","3","3","2","2","2","0","0","1","2","2","1","09","1","10","16","4","8","1","6","0","0","83","85","55","65","51","90"
"A00037368","Child-Age 12","V1","1","0","0","0","0","0","0","0","0","1","0","1","0","0","1","3","1","0","0","0","0","0","0","0","0","0","0","0","0","0","2","0","3","1","2","1","3","0","0","2","0","0","0","12","1","2","0","2","4","0","0","2","0","47","43","50","49","46","45"
"A00055612","Child Age 8","V4","1","1","0","0","0","0","0","1","0","1","1","1","0","0","1","3","1","0","0","1","0","0","0","0","0","0","0","0","0","1","3","0","3","0","1","1","2","0","0","1","0","1","0","9","2","2","0","3","4","0","0","1","0","47","42","53","55","45","46"
"A00044217","Child- Ages 9-10","V1","1","1","1","1","1","0","1","0","0","0","0","1","0","0","1","2","1","0","0","1","0","0","0","1","0","0","0","0","0","0","2","1","3","1","1","0","1","0","0","1","0","0","0","9","1","2","4","0","5","0","1","1","0","47","52","42","54","45","53"
"A00066580","ONE_DAY-AGE 9-10","VA","1","2","0","0","0","0","1","0","0","0","0","1","1","0","1","2","1","0","0","1","0","0","0","0","0","0","1","1","0","0","2","3","3","1","3","0","2","0","1","2","0","0","0","09","2","3","3","1","9","0","0","1","0","51","51","45","76","45","46"
"A00074034","ONE_DAY-AGE 9-10","VA","1","1","2","0","1","0","1","0","0","1","1","1","0","0","1","3","1","0","0","1","0","0","0","1","0","0","1","1","0","1","2","1","3","1","1","0","1","0","0","2","1","0","0","10","2","5","6","1","5","0","0","1","0","59","69","46","61","45","45"
"A00018030","Child-Age 11","V1","0","0","0","0","0","0","0","0","0","0","0","1","0","0","0","3","0","0","0","1","0","0","0","0","0","0","0","1","0","0","1","0","3","0","1","0","0","0","0","1","0","0","0","11","2","0","1","0","2","0","0","1","0","40","48","42","46","46","45"
"A00062797","ONE_DAY-AGE 11","VA","1","2","0","1","0","0","0","0","0","0","0","0","0","0","0","3","1","0","0","0","0","0","0","0","0","0","0","0","0","0","2","0","3","0","0","0","3","0","0","3","0","0","0","11","2","1","0","0","1","0","1","4","0","45","44","42","42","46","51"
"A00065992","ONE_DAY-Age 7","VA","1","1","3","0","1","0","1","0","0","0","0","1","0","0","1","3","1","0","0","0","0","0","0","3","0","0","0","2","0","0","1","0","3","0","2","0","2","0","0","2","0","1","0","07","2","1","10","0","4","0","0","0","0","45","75","43","54","45","45"
"A00055867","Child Age 15","V1","1","0","0","0","0","1","0","0","0","0","2","1","0","0","3","2","0","0","0","1","0","0","0","0","0","1","1","0","0","2","3","2","3","1","3","0","3","0","0","2","2","0","0","15","1","6","0","0","10","1","1","3","1","62","43","42","67","51","53"
"A00043740","Child Age 15","V1","2","0","2","1","1","0","1","2","1","1","2","2","0","0","2","2","3","0","0","3","0","1","0","1","1","0","2","0","1","1","2","2","2","1","3","3","2","0","0","1","1","3","0","15","1","8","5","7","12","0","1","0","1","69","64","66","74","44","53"
"A00055612","Child -Age 8","V1","1","1","1","1","0","0","1","0","0","1","1","1","0","0","1","2","1","0","0","1","0","0","0","0","1","0","1","0","1","1","2","1","2","1","1","2","1","0","0","1","1","1","0","08","2","5","2","4","5","0","1","0","0","59","47","58","60","44","52"
"A00066697","ONE_DAY-AGE 9-10","VA","0","1","1","0","0","0","0","1","0","1","0","1","0","0","1","1","1","0","0","2","0","0","0","0","0","1","1","1","0","0","0","0","3","0","1","0","1","0","0","1","0","0","0","10","2","2","2","2","4","1","0","1","1","48","51","49","56","54","45"
"A00059422","Child Age 7","V1","0","2","1","0","0","0","0","0","0","0","0","1","0","0","0","3","0","0","0","0","0","0","0","0","1","0","0","0","0","0","2","0","3","0","0","0","2","0","0","2","0","0","0","07","2","0","1","1","0","0","0","1","0","42","45","46","41","45","45"
"A00066572","ONE_DAY-AGE 14","VA","0","0","0","0","0","0","0","0","0","0","0","1","0","0","0","2","0","0","0","0","0","0","0","0","0","0","0","0","0","0","2","0","2","0","0","0","2","0","0","2","0","0","0","14","2","0","0","0","0","0","0","1","0","42","44","43","40","44","45"
"A00053320","Child -Age 8","V1","0","3","0","1","0","1","0","0","1","0","0","1","0","0","0","2","0","0","0","0","0","1","0","0","0","0","0","1","0","0","3","1","3","0","1","0","3","0","0","2","0","1","0","08","1","0","1","0","2","0","2","3","0","41","44","41","47","45","60"
"A00055158","Child Age 13","V1","3","0","0","3","0","2","0","0","3","2","3","2","0","0","3","0","1","2","0","1","0","3","0","0","0","2","2","0","2","3","0","2","1","2","3","1","1","1","1","0","3","3","2","13","2","11","0","4","12","2","10","0","6","89","44","58","87","63","90"
"A00043758","Adolescent- Age  16-17","V1","2","0","0","3","0","1","0","0","2","3","3","2","0","0","3","0","2","1","0","2","0","3","0","0","3","1","2","0","1","3","2","3","1","3","3","2","0","1","3","0","2","2","3","16","2","12","0","11","13","1","9","0","5","79","44","90","80","51","90"
"A00056225","Child-Age 12","V1","1","3","0","0","0","0","0","0","0","0","0","1","0","0","0","3","0","0","0","2","0","0","0","1","0","0","0","0","0","0","0","0","3","0","0","0","2","0","0","1","0","1","0","12","2","0","1","0","3","0","0","1","0","40","47","42","51","44","45"
"A00061883","ONE_DAY-AGE 14","VA","0","2","0","0","0","1","0","0","1","0","2","0","0","0","0","2","0","0","0","0","0","1","0","0","0","0","0","0","0","0","2","1","2","0","0","0","2","0","0","2","0","0","0","14","1","0","0","0","1","0","1","2","1","40","42","42","40","45","53"
"A00040798","Child Age 11","V1","1","2","0","0","0","0","0","0","0","0","0","1","0","0","0","3","1","0","0","0","0","0","0","0","2","0","0","0","0","2","0","2","3","1","0","1","2","0","1","1","0","1","0","11","1","4","0","4","3","0","0","0","0","54","41","57","45","44","44"
"A00055122","Child Age 15","V1","0","3","0","0","1","0","0","0","1","0","0","1","0","0","1","2","1","0","0","0","0","1","0","1","0","1","0","1","0","1","3","1","2","0","2","0","3","0","1","2","0","1","0","15","1","2","3","1","4","1","0","3","0","47","56","46","49","51","45"
"A00054581","Child Age 9-10","V4","1","2","1","0","1","0","1","0","0","0","0","1","1","0","1","3","1","0","0","1","0","0","0","1","1","0","1","1","0","1","2","0","3","1","0","1","2","0","0","3","0","1","0","10","1","4","6","2","3","0","0","1","0","53","62","50","47","45","45"
"A00035945","Child Age 14","V4","1","0","0","0","0","0","0","0","0","1","0","1","0","0","1","2","1","0","0","0","0","0","0","0","1","0","0","0","0","0","2","0","3","0","1","2","1","0","0","2","0","1","0","14","1","1","0","4","3","0","0","0","0","43","42","55","45","45","45"
"A00051476","Child Age 14","V1","2","1","1","1","1","1","0","2","1","1","1","1","3","1","1","2","1","0","0","1","0","1","0","0","0","2","1","0","0","1","2","1","2","1","2","1","1","0","1","2","1","1","0","14","1","5","5","5","7","3","2","0","0","56","61","58","56","63","62"
"A00058537","Child Age 14","V1","2","0","1","1","0","2","0","3","2","2","3","2","0","0","2","0","1","1","0","1","0","3","0","0","0","1","2","0","1","3","3","3","1","3","3","0","1","1","0","0","1","1","1","14","1","10","1","5","11","1","6","1","5","71","46","58","68","51","90"
"A00052165","Child Age 8","V1","1","0","2","1","2","2","1","0","0","1","0","1","2","1","1","2","1","3","3","1","1","1","1","2","0","1","2","3","1","2","0","1","2","2","2","0","0","2","0","1","2","1","1","08","2","9","12","1","6","7","9","0","0","73","80","45","64","90","90"
"A00057725","Child Age 7","V1","0","2","1","1","0","1","1","0","1","1","0","1","1","0","1","3","1","0","0","0","0","0","0","2","0","0","0","1","1","1","3","0","3","1","0","0","2","0","0","2","1","2","0","07","2","4","6","1","1","0","2","1","0","56","61","46","44","45","62"
"A00056165","Child Age 14","V1","2","2","1","0","0","0","0","0","0","0","0","2","0","0","1","0","1","0","0","2","0","0","0","0","0","0","2","0","0","0","0","1","3","1","1","0","2","0","0","2","1","1","0","14","1","5","1","0","7","0","0","0","1","56","46","42","56","45","45"
"A00056470","Child Age 12","V1","1","1","0","0","0","0","1","1","0","1","0","1","1","0","0","2","0","0","0","0","0","0","0","2","0","0","0","1","0","0","1","0","2","0","1","0","2","0","0","2","0","1","0","12","2","0","5","2","2","0","0","0","0","40","63","50","47","44","45"
"A00051758","Child - Age 15","V1","0","3","0","1","0","0","0","0","0","0","0","1","0","0","0","3","0","1","0","0","0","0","0","0","0","0","0","0","0","1","3","0","3","0","0","0","2","0","0","3","0","0","1","15","2","1","0","0","0","0","3","4","0","46","44","43","40","46","68"
"A00062081","ONE_DAY-AGE 12","VA","1","0","2","1","1","0","1","2","0","1","2","2","0","0","3","2","3","1","0","2","0","0","0","1","0","0","2","1","1","2","0","1","2","2","2","0","1","0","0","1","2","2","2","12","1","11","6","3","9","0","4","0","1","78","65","53","63","46","74"
"A00035364","Child-Age 12","V1","0","0","0","0","0","0","0","1","0","0","0","1","0","0","0","3","0","0","0","0","0","0","0","0","0","0","0","0","0","0","2","0","3","0","0","0","3","0","0","2","0","0","0","12","1","0","0","1","0","0","0","2","0","40","43","46","40","46","45"
"A00051727","Child Age 15","V1","0","2","0","0","1","0","0","0","0","1","0","1","1","0","0","3","1","1","0","2","0","0","0","0","1","0","0","1","1","1","2","1","3","1","1","1","2","0","1","2","1","1","0","15","2","4","3","4","4","0","1","0","0","58","56","58","55","46","53"
"A00027167","Child Age 16-17","V4","1","1","0","1","0","0","0","0","0","0","0","1","0","0","0","2","1","0","0","0","0","0","0","0","0","1","0","0","0","0","2","0","3","0","1","0","3","1","1","2","0","0","0","16","2","1","0","1","2","1","2","2","0","46","44","46","47","51","58"
"A00057809","Child Age 8","V1","0","2","0","0","0","0","0","0","0","0","0","1","0","0","1","3","0","0","0","0","0","0","0","0","0","0","0","0","0","0","3","0","3","0","0","0","3","0","0","2","0","0","0","08","2","0","0","0","1","0","0","3","0","42","41","41","43","44","44"
"A00056703","Adolescent- Age  16-17","V1","1","3","2","0","1","0","1","0","1","1","1","1","1","0","1","3","1","0","0","1","0","0","0","1","0","0","1","1","1","1","1","1","3","2","2","2","2","0","1","2","1","1","1","16","1","6","7","4","6","0","1","1","0","61","76","54","54","46","53"
"A00035292","Child Age 12","V4","0","2","0","0","0","0","0","0","0","0","0","0","0","0","0","3","0","0","0","0","0","0","0","0","0","0","0","0","0","0","3","0","3","0","0","0","3","0","0","2","0","0","0","12","1","0","0","0","0","0","0","4","0","40","43","42","40","46","45"
"A00065934","ONE_DAY-AGE 16-17","VA","1","0","1","0","0","0","0","1","0","1","0","1","0","0","1","0","1","0","0","0","0","0","0","0","0","0","0","0","0","0","1","1","3","0","1","0","0","0","0","2","1","0","0","17","1","2","1","2","4","0","0","1","1","49","49","50","50","45","45"
"A00050848","Child Age 16-17","V4","","","","","","","","","","","","","","","","","","","","","","","","","","","","","","","","","","","","","","","","","","","","18","1","","","","","","","","","0!WithErrors!","0!WithErrors!","0!WithErrors!","0!WithErrors!","0!WithErrors!","0!WithErrors!"
"A00056453","Adolescent- Age  16-17","V1","1","2","0","1","0","0","1","0","0","0","0","2","0","0","2","3","2","0","0","2","2","2","0","0","0","0","1","1","0","0","0","0","3","3","2","3","2","0","0","0","2","2","2","17","1","8","2","3","7","2","3","0","1","70","53","53","60","58","72"
"A00058060","Child Age 8","V1","0","1","2","0","1","0","1","2","0","1","1","2","2","0","1","3","2","0","0","0","0","0","0","2","1","1","1","1","1","2","2","1","2","2","1","1","2","0","1","0","1","2","0","08","2","8","9","6","3","1","0","0","0","69","70","66","51","52","44"
"A00035377","Child Age 16-17","V5","","","","","","","","","","","","","","","","","","","","","","","","","","","","","","","","","","","","","","","","","","","","18","2","","","","","","","","","0!WithErrors!","0!WithErrors!","0!WithErrors!","0!WithErrors!","0!WithErrors!","0!WithErrors!"
"A00031411","Child- Ages 9-10","V1","0","3","0","0","0","1","0","1","0","0","0","1","0","0","0","2","1","0","0","0","0","0","0","1","0","0","0","0","0","0","0","0","2","0","0","1","0","0","0","0","0","0","0","9","2","1","1","2","0","0","1","2","0","44","45","49","40","45","52"
"A00055267","Child Age 13","V1","0","3","0","0","1","0","0","0","0","0","0","1","0","0","2","2","0","0","0","1","0","1","0","1","0","1","0","1","0","0","0","0","2","1","0","0","3","0","0","2","0","0","0","13","1","1","3","0","3","1","0","3","0","42","54","42","47","51","44"
"A00062798","ONE_DAY-Age 6","VA","1","1","3","0","3","0","2","0","1","0","0","1","1","0","0","0","0","0","0","3","0","0","0","0","0","0","0","0","0","1","0","1","3","1","1","1","1","0","0","0","2","0","0","06","2","4","9","1","6","0","0","1","1","56","71","45","69","45","45"
"A00035869","Child-Age 12","V1","1","1","0","1","0","0","0","1","0","1","0","1","0","0","0","2","0","0","0","0","0","0","0","0","0","0","0","0","0","0","0","0","3","0","0","0","1","0","1","1","1","0","0","12","2","1","0","3","1","0","1","1","0","44","43","54","42","44","51"
"A00062144","ONE_DAY-Age 15","VA","0","2","1","1","0","1","0","0","0","0","2","1","0","0","1","1","1","2","0","0","0","1","0","0","0","0","1","1","0","1","3","0","1","1","2","0","1","1","0","2","1","0","2","15","2","5","2","0","3","0","7","2","3","62","52","43","51","46","90"
"A00052613","Child - Age 14","V1","1","0","0","0","0","0","0","0","0","0","1","1","0","0","1","2","1","0","0","1","0","0","0","1","0","1","2","1","0","1","0","2","2","2","2","0","1","0","0","1","1","1","0","14","1","7","2","0","7","1","0","0","0","62","50","42","56","51","45"
"A00033714","Child Age 16-17","V5","","","","","","","","","","","","","","","","","","","","","","","","","","","","","","","","","","","","","","","","","","","","18","1","","","","","","","","","0!WithErrors!","0!WithErrors!","0!WithErrors!","0!WithErrors!","0!WithErrors!","0!WithErrors!"
"A00043282","Adolescent- Age  16-17","V1","1","0","0","1","1","1","0","3","0","2","1","2","0","1","3","2","2","2","0","2","0","0","0","0","3","1","3","0","1","3","2","3","2","3","3","3","0","0","2","0","2","1","1","16","2","13","1","13","12","2","5","0","0","82","48","90","77","55","77"
"A00062349","ONE_DAY-Age 6","VA","1","1","0","1","3","1","3","2","2","2","2","2","3","1","1","1","1","1","0","0","0","1","0","3","1","0","1","1","0","2","0","1","2","2","0","1","1","0","1","0","2","1","1","06","1","8","13","7","3","1","4","0","3","75","83","64","50","55","71"
"A00044084","Adolescent- Age  16-17","V1","0","3","0","0","0","0","0","0","0","0","0","1","0","0","0","3","0","0","0","0","0","0","0","0","0","0","0","0","0","0","3","0","3","0","0","0","2","0","0","2","0","0","0","17","2","0","0","0","0","0","0","3","0","40","43","42","40","45","45"
"A00035377","Child - Age 15","V1","1","1","0","0","0","0","0","1","0","0","0","1","0","0","0","2","0","0","0","1","0","0","0","0","0","0","0","0","0","0","2","0","2","0","1","0","2","0","0","1","0","0","0","15","2","0","0","1","3","0","0","1","0","42","44","46","51","46","46"
"A00055866","Child- Ages 9-10","V1","0","0","2","0","1","0","0","1","0","1","0","2","0","0","2","2","0","0","0","0","0","0","0","1","3","0","2","1","1","1","2","2","3","2","1","1","1","0","1","0","2","2","0","09","2","7","5","7","5","0","0","0","0","66","57","68","59","45","46"
"A00059327","Child Age 11","V1","0","2","0","0","0","0","0","0","0","3","0","2","0","0","0","3","1","0","0","0","0","0","0","0","1","0","1","0","0","1","1","0","3","1","0","3","0","0","1","2","0","3","0","11","2","4","0","8","0","0","0","0","0","59","44","70","40","46","45"
"A00056420","Child- Ages 9-10","V1","0","1","3","3","3","0","1","0","0","0","0","1","3","0","0","0","0","0","0","1","0","0","0","3","0","0","0","1","0","0","3","2","3","1","1","1","3","0","0","2","0","1","2","09","1","1","14","1","4","0","5","2","1","43","80","45","51","45","83"
"A00043740","Child Age 15","V4","1","0","0","0","0","0","0","0","0","1","1","2","0","1","1","2","2","0","0","2","0","0","0","0","0","0","1","1","0","1","0","1","2","1","3","3","2","0","0","1","1","1","0","16","1","6","1","4","8","1","0","0","0","61","48","54","60","51","45"
"A00041557","Child Age 9-10","V4","2","1","2","1","2","0","1","1","1","2","1","2","1","0","2","2","3","0","0","2","0","0","0","1","3","0","2","2","1","3","1","2","3","1","1","1","1","0","1","0","1","2","0","11","1","10","9","8","9","0","1","0","0","76","78","72","67","44","53"
"A00030981","Child - Age 14","V1","3","1","0","1","0","1","0","0","2","3","1","2","1","1","2","1","1","1","0","3","0","1","0","0","3","2","1","1","1","1","2","2","3","1","3","3","3","1","2","1","1","3","2","14","2","5","2","11","13","3","6","1","2","59","52","76","87","65","86"
"A00040342","Child- Age 13","V1","1","0","1","2","0","0","0","1","1","2","1","1","0","1","1","1","1","1","0","1","0","1","0","0","1","1","0","1","1","1","0","1","1","1","1","0","1","2","2","1","0","1","1","13","2","3","2","6","5","2","6","0","2","55","52","66","59","63","85"
"A00040117","Child Age 8","V5","3","2","3","0","3","0","3","0","1","2","0","1","2","1","3","3","3","1","1","3","0","0","0","3","2","0","2","3","0","3","1","2","2","3","3","2","0","0","1","0","1","2","0","09","1","12","17","7","14","2","1","0","0","90","88","65","87","56","53"
"A00055693","Child -Age 8","V1","0","2","1","0","0","0","0","0","0","0","0","1","0","0","0","3","0","0","0","1","0","0","0","1","1","0","0","0","0","0","3","0","3","1","1","1","0","0","0","3","0","1","0","08","2","1","2","2","2","0","0","2","0","45","47","49","47","44","44"
"A00066784","ONE_DAY-AGE 12","VA","0","2","0","0","0","0","0","0","1","0","0","1","0","0","0","2","1","0","0","0","0","1","0","1","0","1","0","1","1","0","1","1","2","1","1","0","1","0","0","1","0","1","0","12","2","2","2","0","2","1","0","0","0","48","51","42","47","54","45"
"A00064503","ONE_DAY-AGE 12","VA","3","0","1","0","1","0","0","0","1","1","1","1","1","0","2","1","1","0","1","2","0","1","0","1","0","2","1","1","0","1","1","2","2","1","2","1","1","0","0","0","1","1","0","12","1","5","5","2","11","3","0","0","1","57","61","50","69","65","45"
"A00055920","Child Age 9-10","V1","1","1","1","0","0","1","0","0","0","0","0","1","0","0","0","3","1","0","0","2","0","0","0","0","1","0","0","0","0","0","2","1","3","1","1","0","3","0","0","3","0","1","0","09","2","2","1","1","5","0","1","2","0","47","45","45","59","45","52"
"A00055267","Child Age 13","V4","0","3","0","0","0","0","0","0","0","0","0","1","0","0","1","2","0","0","0","0","0","1","0","0","0","0","0","1","0","0","1","0","3","0","0","0","2","0","0","2","0","1","0","14","1","0","1","0","1","0","0","1","0","40","46","42","40","45","45"
"A00062997","ONE_DAY-Age 8","VA","0","1","1","1","1","0","0","0","0","1","1","1","2","0","1","2","1","0","0","0","0","0","0","1","2","0","1","1","0","1","1","1","3","1","1","3","1","0","1","1","1","1","0","08","1","5","6","7","3","0","1","0","0","57","60","66","51","45","53"
"A00061715","ONE_DAY-Age 16-17","VA","0","2","0","0","0","0","0","0","0","0","0","1","0","0","0","3","0","0","0","0","0","0","0","0","0","0","0","0","0","0","3","0","3","0","1","0","3","0","0","2","0","0","0","17","1","0","0","0","1","0","0","3","0","42","44","43","41","45","45"
"A00018030","Child Age 13","V4","0","0","0","0","0","0","0","0","0","0","0","1","0","0","0","3","0","0","0","1","0","0","0","1","0","0","0","0","0","1","1","1","3","1","1","0","1","0","0","1","0","0","0","13","2","2","1","0","3","0","0","1","0","51","48","42","51","45","46"
"A00062370","ONE_DAY-AGE 16-17","VA","1","0","0","0","0","0","0","0","1","1","1","1","0","0","0","1","1","0","0","1","0","2","0","1","0","1","1","0","0","1","0","1","2","1","1","0","2","0","1","0","0","1","0","16","1","4","1","2","4","1","0","0","2","54","48","49","48","51","45"
"A00040800","Child Age 16-17","V1","1","2","0","0","0","0","0","0","0","1","0","1","0","0","0","3","0","0","0","0","0","0","0","0","0","0","0","0","0","0","3","0","3","0","1","0","2","0","0","2","0","0","0","16","1","0","0","1","2","0","0","2","0","42","43","46","42","46","45"
"A00031578","Child Age 12","V4","0","0","1","0","0","0","1","1","0","1","0","0","0","0","0","2","0","0","0","1","0","0","0","0","0","0","1","0","0","1","2","0","3","1","0","0","1","0","0","1","0","0","0","12","2","3","2","2","1","0","0","2","0","52","51","50","42","44","45"
"A00053490","Child Age 12","V4","0","2","0","0","0","0","0","0","0","0","0","0","0","0","0","0","0","0","0","0","0","0","0","0","0","0","0","0","0","0","3","0","3","0","3","0","2","0","1","3","0","0","0","14","1","0","0","1","3","0","0","4","1","40","42","45","45","45","45"
"A00059875","Child -Age 8","V1","0","3","1","1","1","0","1","3","1","1","0","1","0","0","1","3","1","0","0","0","0","0","0","0","2","0","1","0","0","1","2","0","3","1","0","3","1","0","1","3","1","2","0","08","2","5","3","10","1","0","1","2","0","59","51","83","43","44","52"
"A00073288","ONE_DAY-AGE 9-10","VA","2","0","2","1","2","2","1","1","1","3","2","3","0","0","2","2","3","2","0","3","0","2","0","2","2","2","2","2","2","2","0","2","1","2","2","2","0","1","2","0","2","2","1","09","2","11","9","10","11","2","7","0","4","80","70","80","85","62","90"
"A00057480","Child Age 9-10","V4","0","2","0","1","0","0","0","0","0","0","0","1","0","0","0","3","1","0","0","0","0","0","0","0","0","0","0","0","0","0","3","1","3","0","1","0","3","0","0","3","0","0","0","12","1","1","0","0","2","0","1","4","0","43","43","42","44","46","52"
"A00039943","Child Age 16-17","V4","0","2","0","0","0","0","0","0","0","1","0","1","0","0","0","3","1","0","0","0","0","0","0","0","0","0","0","0","0","0","3","0","3","0","1","0","1","0","0","2","0","1","0","17","1","1","0","1","1","0","0","1","0","46","44","46","41","45","45"
"A00052183","Child Age 16-17","V1","1","2","0","0","0","0","0","0","0","0","0","1","1","0","0","1","0","0","0","2","0","1","0","0","0","0","0","0","0","0","3","0","1","0","3","0","3","0","0","1","0","0","1","16","1","0","1","0","6","0","1","3","2","42","48","43","54","46","53"
"A00066582","ONE_DAY-AGE 14","VA","0","1","0","0","0","0","0","1","0","0","0","1","0","0","0","2","0","0","0","0","0","0","0","0","0","0","0","0","0","0","2","0","3","0","0","0","2","0","0","3","0","0","0","14","2","0","0","1","0","0","0","2","0","42","44","46","40","44","45"
"A00050848","Child Age 16-17","V1","1","2","0","0","0","0","0","0","0","0","0","1","0","0","1","3","0","0","0","0","0","0","0","0","0","0","0","0","0","0","2","1","3","0","1","0","3","0","0","2","0","0","0","16","1","0","0","0","4","0","0","2","0","42","43","43","48","46","45"
"A00060014","Child Age 13","V1","","","","","","","","","","","","","","","","","","","","","","","","","","","","","","","","","","","","","","","","","","","","13","2","","","","","","","","","42!WithErrors!","44!WithErrors!","42!WithErrors!","40!WithErrors!","45!WithErrors!","46!WithErrors!"
"A00061714","ONE_DAY-AGE 16-17","VA","0","0","0","0","0","0","0","0","0","1","1","1","0","1","0","1","1","0","0","0","0","0","0","0","0","1","0","0","0","0","1","0","3","0","1","0","2","0","0","1","0","0","0","16","1","1","0","1","1","2","0","1","1","45","43","46","40","56","45"
"A00035291","Child Age 14","V4","1","2","0","0","0","0","0","1","0","0","0","0","0","0","0","2","0","0","0","0","0","0","0","0","0","0","0","0","0","0","2","0","2","0","0","0","2","0","0","2","0","0","0","14","2","0","0","1","1","0","0","2","0","42","44","46","43","44","45"
"A00035292","Child Age 12","V5","0","0","1","0","0","0","0","0","0","0","0","1","1","0","0","2","0","0","0","0","0","0","0","0","0","0","0","0","0","0","0","0","2","0","0","0","1","0","0","0","0","0","0","14","1","0","2","0","0","0","0","1","0","40","50","42","40","45","45"
"A00035940","Child Age 16-17","V4","0","2","1","0","0","0","0","0","0","0","0","1","0","0","1","2","0","0","0","1","0","0","0","0","0","0","0","0","0","0","1","0","3","0","2","1","3","0","0","2","0","0","0","17","1","0","1","1","4","0","0","2","0","42","49","46","50","45","45"
"A00056679","Child Age 9-10","V1","0","2","0","0","0","0","0","0","1","1","1","1","0","0","2","3","1","0","0","1","0","0","0","0","0","0","1","1","0","1","3","1","3","1","1","0","2","0","1","2","1","1","0","09","2","5","1","2","5","0","0","1","0","58","45","49","59","45","46"
"A00058685","Child Age 16-17","V1","1","0","0","0","0","0","0","0","0","0","0","1","0","0","1","1","1","0","0","1","0","1","0","0","0","0","0","0","0","0","0","0","2","1","0","0","1","0","0","0","0","1","0","17","1","2","0","0","3","0","0","0","1","49","44","43","47","45","45"
"A00064418","ONE_DAY-Age 11","VA","0","2","0","1","0","0","0","0","1","0","0","1","0","0","0","3","1","0","0","1","0","0","0","0","0","1","0","0","0","0","3","1","3","0","1","1","3","0","0","3","0","1","0","11","2","1","0","1","3","1","1","3","0","45","44","45","51","52","51"
"A00052069","Child Age 9-10","V4","1","1","1","0","0","0","1","0","0","1","0","2","0","0","1","3","1","0","0","0","0","0","0","0","0","0","0","0","0","0","3","1","3","0","1","1","2","0","0","2","0","0","0","11","1","1","2","2","4","0","0","2","0","43","49","49","49","44","44"
"A00060673","Child- Age 6","V1","0","0","1","0","0","0","0","0","0","0","0","1","0","0","0","3","0","0","0","0","0","0","0","0","0","0","0","0","0","0","0","0","2","0","0","0","1","0","0","1","0","0","0","06","1","0","1","0","0","0","0","1","0","40","41","40","40","46","46"
"A00066584","ONE_DAY-Age 16-17","VA","0","2","0","0","0","0","0","0","0","0","0","1","0","0","1","2","0","0","0","0","0","0","0","0","0","0","0","0","0","0","2","0","2","0","1","0","2","0","0","2","0","0","0","17","1","0","0","0","2","0","0","1","0","42","44","43","44","45","45"
"A00057726","Child Age 9-10","V1","1","1","2","1","1","0","1","2","1","2","2","2","0","0","2","2","2","0","0","1","0","1","0","1","2","0","2","1","1","2","1","2","2","2","2","1","1","0","1","0","2","2","0","10","1","10","6","8","8","0","1","0","1","72","62","73","64","45","54"
"A00059734","Child Age 6","V1","0","1","1","1","1","1","1","0","0","0","0","1","0","0","0","2","1","0","0","1","0","0","0","0","1","0","1","0","0","0","3","2","3","1","1","2","1","0","0","2","2","2","0","06","2","5","3","3","4","0","2","1","0","60","50","54","59","45","65"
"A00031578","Child Age 12","V5","0","1","1","0","1","0","0","1","0","0","0","1","0","0","0","2","1","0","0","1","0","0","0","1","1","0","1","1","0","1","2","0","3","1","0","1","1","0","0","1","0","0","0","13","2","4","4","3","1","0","0","1","0","59","60","54","43","45","46"
"A00040117","Child Age 8","V4","","","","","","","","","","","","","","","","","","","","","","","","","","","","","","","","","","","","","","","","","","","","09","1","","","","","","","","","40!WithErrors!","40!WithErrors!","42!WithErrors!","40!WithErrors!","45!WithErrors!","45!WithErrors!"
"A00050847","Child Age 9-10","V1","1","1","0","1","1","0","0","0","0","2","0","1","0","0","2","1","1","0","1","1","0","0","0","0","2","0","1","1","0","1","1","1","2","1","1","1","1","0","1","1","1","2","0","10","1","5","2","6","6","1","1","0","1","56","48","66","57","53","54"
"A00035561","Child-Age 11","V1","0","3","1","1","0","0","0","0","0","2","0","2","0","0","1","3","1","0","0","1","0","0","0","1","2","0","1","0","1","1","0","1","3","1","0","1","2","0","2","2","1","1","0","11","1","5","2","7","3","0","1","1","0","58","49","69","45","44","53"
"A00058053","Child Age 14","V1","1","2","0","0","0","0","0","0","0","0","0","1","1","0","1","3","0","0","0","1","0","0","0","0","0","0","0","0","0","0","3","0","2","0","1","0","2","0","0","2","0","0","0","14","2","0","1","0","4","0","0","2","0","42","48","43","54","44","45"
"A00059109","Child Age 11","V1","0","2","1","0","0","0","0","0","0","0","1","1","0","0","0","2","1","0","0","1","0","0","0","0","0","0","1","0","0","0","0","0","3","0","0","1","1","0","0","2","0","0","0","11","1","2","1","1","1","0","0","1","0","46","45","45","40","44","44"
"A00053171","Child Age 8","V4","1","2","3","3","2","0","1","0","0","1","1","1","1","0","2","2","1","0","0","1","0","0","0","1","3","1","2","1","0","1","2","1","3","2","0","2","2","0","1","1","2","2","0","10","1","8","9","7","5","1","3","0","0","66","72","69","54","53","71"
"A00052183","Child Age 16-17","V4","","","","","","","","","","","","","","","","","","","","","","","","","","","","","","","","","","","","","","","","","","","","18","1","","","","","","","","","0!WithErrors!","0!WithErrors!","0!WithErrors!","0!WithErrors!","0!WithErrors!","0!WithErrors!"
"A00053320","Child Age 8","V4","0","2","0","0","0","0","0","0","0","0","0","0","0","1","0","3","0","0","0","0","0","0","0","0","0","1","0","0","0","0","2","0","3","0","1","0","0","0","0","2","0","1","0","10","1","0","0","0","1","2","0","1","0","40","41","42","41","61","45"
"A00055907","Child Age 7","V1","0","2","2","1","1","2","1","0","1","0","0","1","1","0","0","2","2","0","0","0","0","0","0","1","0","0","1","1","0","1","3","1","2","2","2","1","1","0","0","2","1","0","0","07","2","7","7","1","3","0","3","2","0","66","65","46","51","45","70"
"A00056020","Child Age 6","V4","1","1","1","0","1","1","1","0","1","1","0","1","1","0","0","2","1","0","0","1","0","0","0","1","0","0","0","1","1","1","2","2","3","1","1","2","0","0","1","1","1","2","0","08","1","4","6","4","5","0","1","0","0","54","60","56","57","45","53"
"A00063383","ONE_DAY-AGE 16-17","VA","0","2","0","0","0","0","0","0","0","0","0","1","0","0","0","3","0","0","0","0","0","1","0","0","0","0","0","0","0","0","3","0","3","0","0","0","2","0","0","2","0","0","0","17","2","0","0","0","0","0","0","2","0","40","43","42","40","45","45"
"A00060265","Child Age 11","V1","0","1","0","0","0","0","0","0","0","1","0","1","0","0","0","3","1","0","0","1","0","0","0","0","0","0","0","0","0","0","1","1","3","0","0","0","2","0","1","2","0","1","0","11","2","1","0","2","2","0","0","0","0","45","44","49","46","46","45"
"A00040815","Child Age 9-10","V1","2","1","0","0","0","0","0","2","0","2","0","1","0","0","1","0","2","0","0","2","0","0","0","0","2","0","0","1","1","1","1","2","3","1","1","2","2","0","1","2","0","3","0","9","1","4","1","9","8","0","0","0","1","56","43","71","65","45","45"
"A00043494","Child- Ages 9-10","V1","1","0","2","0","2","1","1","1","0","2","1","2","2","1","1","1","2","1","1","2","1","0","0","2","1","1","3","2","1","2","0","1","2","2","2","1","0","0","0","0","1","2","0","9","1","10","11","5","7","4","2","0","1","83","71","58","62","68","60"
"A00066573","ONE_DAY-Age 7","VA","1","1","2","1","1","0","1","1","0","1","3","1","1","0","1","2","1","0","0","1","0","0","0","2","0","0","2","1","1","1","2","1","2","2","1","1","1","0","1","0","1","2","0","07","1","7","8","4","5","0","1","0","1","62","63","54","57","46","52"
"A00027159","Child-Age 11","V1","0","2","1","0","0","0","0","0","0","0","0","1","0","0","0","2","1","0","0","0","0","0","0","1","0","0","0","0","0","0","2","1","3","1","1","0","1","0","0","2","0","0","0","11","1","2","2","0","2","0","0","1","0","46","49","41","41","44","44"
"A00057967","Child-Age 11","V1","0","2","1","0","0","0","1","0","0","0","0","1","0","0","1","3","1","0","0","1","0","0","0","0","0","0","0","0","0","0","2","2","3","0","2","2","2","0","0","2","0","1","0","11","1","1","2","2","6","0","0","0","0","43","49","49","56","44","44"
"A00037458","Adolescent- Age  16-17","V1","0","0","0","0","0","0","0","0","0","0","0","1","0","0","0","3","0","0","0","0","0","0","0","0","0","0","0","0","0","0","1","0","3","0","1","1","3","0","0","2","0","0","0","16","2","0","0","1","1","0","0","2","0","43","44","46","44","46","45"
"A00053171","Child Age 8","V1","1","2","2","1","1","1","1","0","0","0","0","1","0","0","1","3","1","0","0","1","0","0","0","1","2","1","1","1","0","1","2","1","3","1","0","2","2","0","0","1","1","2","0","08","1","5","6","4","4","1","2","0","0","57","60","56","54","52","60"
"A00056307","Child -Age 8","V1","0","2","1","0","0","0","1","1","0","0","0","1","0","0","0","3","1","0","0","0","0","0","0","0","0","0","0","0","0","0","2","0","3","0","1","1","3","0","0","3","0","0","1","08","2","1","2","2","1","0","1","3","0","45","47","49","43","44","52"
"A00064507","ONE_DAY-Age 9-10","VA","1","0","1","0","1","0","1","0","1","1","1","1","1","0","2","2","1","0","0","1","0","1","0","1","1","1","1","1","1","1","1","1","3","1","1","1","1","0","0","0","1","1","0","10","1","5","6","3","6","1","0","0","0","56","62","54","57","53","45"
"A00037459","Child- Age 13","V1","2","0","1","1","0","0","0","1","0","3","0","1","0","0","2","2","3","0","0","2","0","1","0","0","1","0","2","1","0","2","2","3","3","2","2","1","2","0","2","0","2","2","0","13","1","11","2","8","11","0","1","0","0","78","50","71","72","45","52"
"A00050847","Child Age 9-10","V4","2","1","0","1","0","0","0","1","0","1","0","1","0","0","1","2","1","0","0","1","0","0","0","1","1","0","1","0","0","1","2","2","3","2","2","1","1","0","1","2","2","1","0","12","1","7","1","5","8","0","1","0","0","64","46","61","60","46","52"
"A00052461","Child Age 14","V4","0","2","1","1","0","0","0","0","0","0","0","0","0","0","1","3","0","0","0","0","0","0","0","0","0","0","0","0","0","0","3","0","3","0","1","0","2","0","0","2","0","0","0","15","1","0","1","0","2","0","1","3","0","40","47","42","43","44","53"
"A00055419","Child Age 15","V1","0","1","0","1","0","1","0","0","0","0","0","0","0","0","0","1","0","1","0","0","0","2","0","0","0","0","0","0","0","0","3","0","2","0","0","0","1","1","0","1","0","0","1","15","2","0","0","0","0","0","5","3","2","42","44","43","40","46","83"
"A00051691","Child Age 6","V4","1","0","3","1","2","1","3","0","0","0","0","1","0","1","1","2","1","1","1","3","0","0","0","3","1","0","1","3","0","2","2","0","2","2","1","3","2","0","0","1","1","1","2","08","1","7","14","4","6","2","5","0","0","63","85","56","60","60","82"
"A00053203","Child Age 9-10","V1","0","3","0","0","0","0","0","0","0","0","0","1","0","0","0","3","0","0","0","0","0","0","0","0","0","0","0","0","0","0","3","0","3","0","0","0","3","0","0","3","0","0","0","10","1","0","0","0","0","0","0","5","0","40","41","42","40","45","45"
"A00056830","Child -Age 8","V1","0","3","0","0","0","0","0","0","0","1","0","1","0","0","0","3","1","0","0","0","0","0","0","0","1","0","0","0","0","0","1","0","3","0","1","0","3","0","1","3","0","0","0","08","2","1","0","3","1","0","0","4","0","45","41","53","43","44","44"
"A00058755","Child Age 6","V1","0","1","1","1","1","0","1","0","0","1","0","1","0","1","1","2","0","0","0","0","0","0","1","1","0","0","1","0","0","1","1","0","2","1","0","1","1","0","1","1","0","1","0","06","1","3","4","3","1","2","1","0","0","51","52","50","43","64","52"
"A00062085","ONE_DAY-AGE 8","VA","0","2","1","0","1","0","1","0","0","0","0","1","0","0","0","2","1","0","0","1","0","0","0","0","0","0","1","0","0","1","2","1","3","1","1","0","1","0","1","2","0","1","0","08","1","4","3","1","3","0","0","0","0","54","50","45","51","45","46"
"A00057863","Child Age 8","V1","1","2","1","1","1","1","0","0","0","1","0","1","0","0","1","3","1","0","0","1","0","0","0","1","0","0","0","0","0","1","3","1","3","1","1","0","2","1","0","2","1","1","0","08","1","4","3","1","5","0","3","1","0","54","50","45","57","45","68"
"A00058061","Child Age 9-10","V1","0","1","0","0","0","0","0","0","1","0","0","1","0","0","1","2","0","0","0","1","0","0","0","0","0","0","0","0","0","0","2","0","2","0","1","0","1","0","0","3","0","0","1","10","2","0","0","0","3","0","1","2","0","40","42","42","52","45","52"
"A00051691","Child Age 6","V1","1","0","3","1","3","1","3","0","0","0","0","3","0","1","1","2","2","1","2","1","1","0","1","3","0","1","1","3","1","2","0","1","2","3","0","0","1","0","0","0","1","1","1","06","1","9","15","0","4","6","4","0","0","80","90","40","54","90","71"
"A00035291","Child- Age 13","V1","1","2","0","0","0","0","0","1","0","1","0","0","0","0","1","3","0","0","0","0","0","0","0","0","1","0","0","0","0","0","3","0","2","0","1","0","3","0","1","2","0","0","0","13","2","0","0","4","3","0","0","4","0","42","44","58","51","45","46"
"A00032864","Child-Age 11","V1","1","0","1","0","0","2","1","1","1","0","0","1","0","0","0","2","0","0","0","1","0","0","0","1","0","0","1","1","0","0","1","0","2","0","1","0","2","0","1","0","0","0","0","11","1","1","4","2","3","0","2","1","0","43","58","49","45","44","62"
"A00065750","ONE_DAY-Age 8","VA","2","2","3","0","2","0","1","1","0","2","0","1","0","0","2","3","3","0","0","3","0","0","0","2","1","0","3","2","0","3","1","2","3","3","3","0","1","0","1","1","2","2","0","08","1","14","10","5","12","0","0","0","0","85","72","59","79","45","46"
"A00052237","Child Age 16-17","V4","","","","","","","","","","","","","","","","","","","","","","","","","","","","","","","","","","","","","","","","","","","","19","2","","","","","","","","","0!WithErrors!","0!WithErrors!","0!WithErrors!","0!WithErrors!","0!WithErrors!","0!WithErrors!"
"A00062009","ONE_DAY-Age 11","VA","0","2","2","2","0","0","0","0","0","0","0","1","0","0","1","2","2","0","0","1","0","0","0","0","1","1","1","2","0","2","2","1","3","1","1","3","1","0","0","2","1","2","0","11","1","7","4","4","4","1","2","0","0","65","58","57","49","51","62"
"A00062361","ONE_DAY-Age 9-10","VA","1","1","0","3","0","0","0","0","0","0","0","1","0","0","1","3","0","0","0","1","0","0","0","0","0","0","1","0","0","1","3","1","3","1","1","0","2","1","0","3","1","1","1","09","1","4","0","0","5","0","5","2","0","56","40","42","54","45","83"
"A00034074","Adolescent- Age  16-17","V1","0","0","0","1","0","0","0","0","0","0","0","1","0","0","0","2","0","0","0","1","0","0","0","0","0","0","0","0","0","0","2","0","3","0","1","0","2","0","0","1","0","0","0","17","2","0","0","0","2","0","1","1","0","40","43","42","46","45","51"
"A00035561","Child Age 12","V4","1","2","2","1","2","0","0","1","1","2","0","1","0","0","1","2","1","0","0","0","0","1","0","1","2","0","1","1","0","1","3","1","3","1","1","1","1","0","2","2","1","2","1","12","1","5","6","8","4","0","2","1","0","57","65","72","49","46","59"
"A00038706","Child- Age 13","V1","0","0","0","0","0","0","0","0","0","0","0","1","0","0","0","0","0","0","0","0","0","0","0","0","0","0","0","0","0","0","1","0","2","0","0","0","1","0","0","2","0","1","0","13","1","0","0","0","0","0","0","0","1","40","42","42","40","45","44"
"A00055728","Child Age 9-10","V1","0","3","1","0","0","0","0","0","0","0","0","1","0","0","0","0","0","0","0","0","0","0","0","1","0","0","0","0","0","0","2","0","3","0","0","0","0","0","0","3","0","0","0","09","2","0","2","0","0","0","0","3","1","40","48","41","40","45","46"
"A00061730","ONE_DAY-Age 11","VA","3","0","3","2","3","0","0","3","2","2","2","2","0","0","3","0","3","1","0","3","0","2","0","1","3","2","1","0","2","2","0","3","2","1","3","3","1","0","3","0","2","3","0","11","2","9","7","14","15","2","3","0","5","81","74","90","90","58","65"
"A00056295","Child Age 12","V1","3","0","2","1","2","2","1","0","1","2","3","3","1","1","3","0","3","2","0","3","0","3","0","2","0","1","3","2","2","3","2","3","1","3","3","1","1","1","0","0","2","3","3","12","1","14","10","3","15","2","9","0","5","88","79","53","80","59","90"
"A00055908","Child Age 9-10","V1","1","0","1","3","0","1","0","0","1","3","1","1","0","0","2","2","3","0","0","3","0","1","0","0","0","0","3","0","1","3","2","3","2","3","2","0","3","1","1","2","3","3","2","10","1","15","1","4","11","0","7","1","0","89","45","58","73","45","90"
"A00073286","ONE_DAY-AGE 7","VA","1","0","1","0","2","0","1","0","0","2","0","1","2","0","1","3","1","0","0","1","0","0","0","0","2","0","3","2","0","3","3","0","3","3","1","3","0","0","0","1","2","2","0","07","1","12","8","7","4","0","0","1","0","78","63","64","53","46","45"
"A00062996","ONE_DAY-AGE 11","VA","1","0","2","0","2","0","1","0","0","0","0","1","1","0","0","2","1","0","0","2","0","0","0","2","0","0","0","1","0","1","2","2","3","1","2","3","2","0","0","0","1","0","0","11","2","4","9","3","7","0","0","1","0","59","83","52","68","46","45"
"A00058004","Child Age 8","V1","0","2","0","0","0","0","0","0","0","0","0","1","0","0","0","3","0","0","0","0","0","0","0","0","0","0","0","0","0","0","2","0","3","0","0","0","3","1","0","2","0","0","0","08","1","0","0","0","0","0","1","2","0","41","41","41","41","45","53"
"A00064596","ONE_DAY-AGE 12","VA","1","1","0","0","1","0","1","1","0","0","0","1","0","0","1","3","1","0","0","1","0","0","0","0","0","0","1","1","0","1","1","1","3","1","1","1","1","0","0","1","0","0","0","12","1","4","3","2","5","0","0","1","0","54","54","50","52","46","45"
"A00062983","ONE_DAY-Age 16-17","VA","0","1","2","1","1","0","0","1","0","0","0","1","0","0","1","2","1","0","0","1","0","0","0","0","0","0","0","1","0","0","3","0","2","0","0","2","1","0","0","1","0","0","0","17","1","1","4","3","2","0","1","2","0","46","63","53","44","45","54"
"A00059427","Child Age 9-10","V1","1","3","3","2","3","1","2","1","0","1","0","2","3","0","1","2","2","1","0","2","0","0","0","3","1","1","2","3","1","2","2","1","3","2","2","3","1","0","1","1","2","2","1","10","2","10","17","7","7","1","5","1","0","79","90","65","70","54","80"
"A00034350","Child Age 13","V4","1","0","1","0","1","0","0","0","0","0","0","1","0","0","0","3","1","0","0","0","0","0","0","1","0","0","0","1","0","0","3","0","3","0","1","1","0","0","0","2","0","0","0","13","1","1","4","1","2","0","0","2","0","42","58","45","44","45","44"
"A00053744","Child Age 16-17","V1","1","1","0","2","1","1","0","0","0","0","1","1","0","0","1","1","1","2","0","0","0","1","0","0","0","0","1","1","0","1","2","1","2","0","1","0","0","1","0","2","1","0","2","17","1","4","2","0","4","0","8","1","1","56","53","43","50","45","90"
"A00062146","ONE_DAY-AGE 14","VA","0","1","1","1","0","1","0","0","0","1","0","1","0","0","1","2","1","1","0","0","0","0","0","0","0","0","1","1","0","1","3","0","2","1","0","1","2","1","1","2","0","2","2","14","2","4","2","3","1","0","6","1","0","56","52","52","43","44","86"
"A00057480","Child Age 9-10","V1","0","2","0","1","0","0","0","0","0","0","0","1","0","0","1","3","1","0","0","1","0","0","0","0","0","0","0","0","0","0","1","1","3","0","1","0","3","0","0","3","0","1","0","10","1","1","0","0","4","0","1","2","0","43","41","42","51","45","54"
"A00063329","ONE_DAY-AGE 12","VA","1","1","1","1","0","1","1","1","1","2","2","2","1","1","2","1","2","1","0","2","1","1","1","1","0","1","1","2","1","2","1","2","2","1","2","0","2","1","0","1","1","2","1","12","2","7","6","3","9","4","5","0","2","67","67","54","77","83","78"
"A00060675","Child- Age 6","V1","0","1","3","0","3","1","2","0","0","0","0","1","3","0","1","3","1","1","0","0","0","0","0","3","2","0","3","3","1","3","2","1","3","3","2","1","0","0","0","0","1","1","1","06","2","11","17","3","4","0","3","0","0","85","90","54","59","45","75"
"A00059316","Child Age 12","V1","0","1","1","3","0","0","0","0","1","1","0","1","0","1","2","2","1","0","1","1","0","0","0","0","0","1","2","1","0","1","2","1","3","2","2","1","2","0","0","1","1","1","2","12","2","7","2","2","6","3","5","0","0","67","51","50","64","73","78"
"A00053406","Child Age 6","V1","0","2","1","0","1","0","0","0","0","0","0","1","0","0","1","3","0","0","0","1","0","0","0","1","0","0","1","1","0","1","3","0","3","0","0","0","2","0","0","3","0","0","0","06","1","2","4","0","2","0","0","3","0","46","52","40","47","46","46"
"A00035364","Child Age 14","V4","1","3","0","0","0","0","0","0","0","0","0","1","0","0","1","3","1","0","0","1","0","0","0","0","0","0","0","2","0","1","3","3","3","0","3","1","2","0","0","2","0","0","0","14","1","2","2","1","9","0","0","3","0","46","50","45","62","45","45"
"A00037125","Child-Age 7 ","V1","0","2","1","0","1","0","1","0","0","0","0","1","1","0","0","3","1","0","0","1","0","0","0","1","0","0","0","1","0","0","2","1","3","0","1","1","2","0","1","2","0","1","0","7","2","1","6","2","3","0","0","0","0","45","61","50","51","45","45"
"A00035941","Child - Age 14","V1","0","3","0","0","0","0","0","0","0","0","0","1","0","0","0","3","0","0","0","0","0","0","0","0","0","0","0","0","0","0","3","0","3","0","1","0","2","0","0","3","0","0","0","14","2","0","0","0","1","0","0","4","0","42","44","43","43","44","45"
"A00059935","Child - Age 15","V1","0","2","0","0","0","0","0","0","0","0","0","0","0","0","0","2","0","0","0","0","0","0","0","0","0","0","0","0","0","0","2","0","2","0","0","0","2","0","0","2","0","0","0","15","1","0","0","0","0","0","0","2","0","40","43","42","40","44","45"
"A00060429","Child Age 9-10","V1","0","2","0","0","0","0","0","0","0","0","0","0","0","0","0","0","0","0","0","1","0","0","0","0","0","0","0","0","0","0","2","0","2","0","1","0","1","0","0","1","0","0","0","10","2","0","0","0","2","0","0","2","1","40","42","42","47","45","45"
"A00040815","Child Age 9-10","V4","1","1","0","0","0","0","0","1","0","2","0","1","0","0","0","2","2","0","0","1","0","0","0","0","2","0","0","1","0","1","1","1","3","1","1","3","1","0","1","0","1","3","0","10","1","5","1","9","4","0","0","0","0","56","45","77","51","45","45"
"A00055076","Child Age 9-10","V4","0","3","0","0","1","0","0","0","0","0","0","0","0","0","0","3","1","0","0","0","0","0","0","1","0","0","0","1","0","0","3","0","3","0","1","0","3","0","0","3","0","0","0","11","2","1","3","0","1","0","0","6","0","45","57","42","42","46","45"
"A00054206","Child Age 14","V1","3","0","0","1","0","0","0","2","0","1","0","1","0","0","1","2","1","0","0","1","0","0","0","0","0","0","0","0","0","1","3","1","3","0","1","1","2","0","0","3","1","1","0","14","1","3","0","4","7","0","1","2","0","49","42","55","56","45","53"
"A00040440","Child -Age 8","V1","1","2","1","1","0","0","0","0","0","1","0","1","0","0","1","3","1","0","0","1","0","0","0","0","0","0","1","0","0","1","2","0","3","0","1","0","2","0","0","1","0","0","0","8","2","3","1","1","4","0","1","1","0","52","44","45","55","44","52"
"A00027159","Child Age 13","V4","1","2","1","0","1","0","0","0","0","0","0","1","0","0","1","2","0","0","0","0","0","0","0","1","0","1","0","1","0","1","2","0","3","0","1","0","2","0","0","2","0","0","0","13","1","1","4","0","3","1","0","1","0","42","58","42","47","51","44"
"A00039866","Child-Age 12","V1","0","1","1","1","1","1","0","0","1","1","0","1","0","0","1","2","1","0","0","1","0","1","0","0","0","1","1","0","1","1","2","0","2","1","2","0","3","0","1","1","1","1","0","12","2","5","2","2","4","1","2","1","0","59","51","50","55","54","58"
"A00056307","Child Age 8","V4","0","3","0","0","0","0","0","0","0","0","0","1","0","0","0","3","0","0","0","0","0","0","0","0","0","0","0","0","0","0","3","0","3","0","0","0","3","0","0","3","0","0","0","10","2","0","0","0","0","0","0","5","0","40","42","42","40","45","45"
"A00040800","Child Age 16-17","V4","","","","","","","","","","","","","","","","","","","","","","","","","","","","","","","","","","","","","","","","","","","","19","1","","","","","","","","","0!WithErrors!","0!WithErrors!","0!WithErrors!","0!WithErrors!","0!WithErrors!","0!WithErrors!"
"A00033714","Adolescent- Age  16-17","V1","0","1","1","0","1","0","1","0","0","2","1","1","0","0","2","3","2","0","1","2","0","0","1","1","0","0","2","2","1","2","1","1","2","2","2","0","1","0","1","1","2","2","0","15","1","10","6","3","7","2","0","0","0","76","69","52","58","58","45"
"A00055921","Child Age 7","V4","0","2","0","0","0","0","0","0","1","0","0","0","0","0","0","2","1","0","0","1","0","0","0","0","0","1","0","0","0","0","1","0","3","0","0","0","0","0","0","1","0","1","0","09","2","1","0","0","1","1","0","1","0","44","42","41","42","54","46"
"A00059325","Child-Age 12","V1","1","0","1","3","0","1","0","0","0","0","2","1","0","0","3","0","2","2","0","1","0","0","0","0","0","0","2","1","0","2","0","1","1","3","2","2","0","1","0","1","1","2","2","12","1","10","2","2","8","0","9","0","3","74","50","50","60","46","90"
"A00054581","Child Age 9-10","V1","1","2","1","0","1","0","1","1","0","1","0","1","2","0","0","3","1","0","0","1","0","0","0","2","1","0","1","1","0","1","0","0","3","1","0","1","2","0","0","2","0","1","0","10","1","4","8","4","2","0","0","0","0","53","69","58","44","45","45"
"A00035945","Child- Age 13","V1","0","2","0","0","0","0","0","0","0","0","0","0","0","0","0","3","0","0","0","0","0","0","0","0","2","0","0","0","0","0","1","0","3","0","1","1","1","0","0","2","0","0","0","13","1","0","0","3","1","0","0","2","0","40","42","53","41","45","44"
"A00058951","Child Age 8","V1","0","2","1","0","1","0","0","0","0","0","0","1","0","0","0","3","1","0","0","1","0","0","0","2","0","0","0","1","0","0","2","1","3","0","1","1","1","0","0","2","0","0","0","08","2","1","5","1","3","0","0","1","0","45","57","45","51","44","44"
"A00053490","Child Age 12","V1","0","0","0","0","0","0","0","0","0","1","0","1","0","0","0","2","1","0","0","0","0","0","0","0","0","0","0","0","0","0","2","0","3","0","0","0","2","0","1","2","0","1","0","12","1","1","0","2","0","0","0","0","0","43","43","50","40","46","45"
"A00060846","Child- Age 13","V1","0","2","0","0","0","0","0","0","0","0","0","1","0","0","0","3","0","0","0","0","0","0","0","0","0","0","0","0","0","0","2","0","3","0","0","0","2","0","0","2","0","0","0","13","2","0","0","0","0","0","0","1","0","42","44","42","40","45","46"
"A00043822","Child -Age 8","V1","0","1","3","2","3","3","3","0","0","0","0","2","2","0","1","2","2","2","1","2","0","0","0","2","0","0","2","3","0","2","1","2","3","3","3","1","0","3","0","0","2","2","3","8","1","11","16","1","8","1","13","0","0","76","90","45","66","52","90"
"A00055262","Child Age 9-10","V1","0","3","0","0","0","0","0","0","0","0","0","0","0","0","1","3","0","0","0","1","0","1","0","0","0","0","0","1","1","0","3","1","3","0","1","0","1","0","0","3","0","1","0","09","1","0","1","0","4","0","0","4","0","40","43","42","51","45","45"
"A00056746","Child Age 8","V1","1","1","0","0","0","0","1","0","0","0","1","1","0","0","1","3","1","0","0","1","0","0","0","0","1","0","0","1","0","1","3","1","3","2","1","1","0","0","0","1","1","1","0","08","1","5","2","2","5","0","0","1","0","57","47","48","57","45","46"
"A00066581","ONE_DAY-AGE 12","VA","1","1","1","1","1","0","1","0","1","0","1","1","2","1","1","1","1","0","0","1","0","1","0","1","1","1","1","2","0","1","1","1","2","1","2","1","0","0","1","0","1","1","0","12","1","5","8","3","6","2","1","0","1","57","72","53","55","59","52"
"A00065178","ONE_DAY-Age 9-10","VA","2","1","2","1","2","1","0","1","3","2","1","2","2","0","2","0","3","1","0","2","1","3","0","2","2","2","2","2","0","2","0","3","0","3","3","3","0","0","1","0","1","2","0","10","1","11","10","9","12","3","3","0","4","76","76","77","77","68","71"
"A00031629","Child - Age 15","V1","0","2","0","0","0","0","0","0","0","0","0","0","0","0","0","0","0","0","0","0","0","0","0","1","0","0","0","0","0","0","0","0","3","2","0","0","2","0","2","1","0","0","1","15","1","2","1","2","0","0","1","2","1","47","47","49","40","44","53"
"A00056198","Child Age 9-10","V1","1","0","1","0","1","0","1","0","0","0","0","1","0","0","0","3","1","0","0","1","0","0","0","2","1","0","1","1","0","1","0","1","2","1","1","1","2","0","0","0","1","1","0","09","2","5","6","2","4","0","0","0","0","58","60","49","55","45","46"
"A00061415","ONE_DAY-AGE 9-10","VA","1","1","0","3","0","3","2","0","1","1","1","2","0","2","0","1","3","1","1","2","0","0","0","0","0","0","1","0","1","0","0","2","1","0","3","1","1","2","0","0","0","0","1","10","1","4","2","2","8","3","10","1","2","53","48","50","64","68","90"
"A00050677","Child-Age 7 ","V1","1","2","2","1","0","1","0","2","1","2","1","0","0","0","2","1","0","0","0","1","0","0","0","0","2","1","3","0","0","3","3","1","3","3","2","1","3","1","1","2","3","3","2","7","2","12","2","8","7","1","5","3","1","84","48","71","64","54","87"
"A00052237","Child Age 16-17","V1","1","2","2","1","1","1","0","1","2","2","1","1","1","0","2","2","1","2","0","1","0","1","0","1","1","1","1","1","0","1","2","1","2","1","2","2","2","1","0","1","1","2","1","17","2","5","6","6","7","1","6","0","1","59","69","66","61","52","83"
"A00058516","Child Age 9-10","V1","0","2","0","1","0","0","0","0","0","0","0","0","0","0","1","2","1","0","0","1","0","0","0","0","0","0","0","0","0","0","3","0","3","1","1","0","2","0","0","2","1","0","0","10","1","3","0","0","3","0","1","3","0","49","41","42","47","45","54"
"A00043788","Child Age 13","V1","0","2","0","0","0","0","0","0","0","0","0","1","0","0","0","3","0","0","0","0","0","0","0","0","0","0","0","0","0","0","1","0","3","0","1","1","3","0","0","2","0","0","0","13","2","0","0","1","1","0","0","2","0","42","44","46","43","45","46"
"A00040556","Child Age 9-10","V4","1","2","0","1","0","0","1","0","0","0","0","1","0","0","0","3","1","0","0","1","0","0","0","0","0","0","0","1","0","0","2","0","3","1","0","1","2","0","0","2","0","0","1","11","1","2","2","1","2","0","2","1","0","46","49","45","41","44","62"
"A00055921","Child Age 7","V1","0","2","0","0","0","0","1","0","0","0","0","2","0","1","1","3","0","0","0","1","0","0","0","0","0","0","0","1","0","0","2","0","3","1","1","1","2","0","0","2","1","0","0","07","2","2","2","1","3","1","0","1","0","49","48","46","51","54","45"
"A00056628","Child- Age 13","V1","2","1","3","0","2","1","1","1","2","1","1","1","1","0","3","1","1","3","0","1","0","0","0","2","1","1","2","2","1","3","0","2","1","3","1","1","1","2","1","0","2","2","1","13","1","11","11","5","9","1","7","0","3","78","84","60","66","51","90"
"A00055541","Child- Ages 9-10","V1","0","1","0","1","0","2","0","0","1","1","1","1","1","0","1","2","1","1","0","1","0","1","0","1","0","0","1","2","0","1","2","1","2","0","1","0","1","0","1","1","0","1","1","09","1","3","4","2","4","0","5","0","0","52","52","48","51","45","83"
"A00066248","ONE_DAY-Age 7","VA","0","1","3","0","3","0","0","0","0","1","0","2","0","0","0","2","1","0","0","3","0","1","0","3","0","0","2","2","0","2","2","1","3","3","2","0","1","0","0","2","3","0","0","07","2","11","11","1","6","0","0","1","0","80","78","46","61","45","45"
"A00060806","Child Age 16-17","V1","2","1","0","0","0","0","0","1","0","0","0","1","0","0","0","3","1","0","0","1","0","0","0","0","0","0","0","0","0","0","2","0","3","0","2","1","1","0","0","2","0","0","0","16","2","1","0","2","5","0","0","1","0","46","44","50","56","46","45"
"A00043240","Child - Age 15","V1","1","0","0","0","0","1","0","2","1","1","1","1","0","0","2","2","1","0","0","1","0","1","0","0","0","2","1","0","0","1","1","1","1","1","1","0","1","0","1","0","1","1","0","15","2","5","0","4","6","2","1","0","1","62","44","58","63","57","53"
"A00062809","ONE_DAY-Age 15","VA","0","3","0","0","0","0","0","0","0","0","0","0","0","0","0","3","0","0","0","0","0","0","0","0","0","0","0","0","0","0","3","0","3","0","0","1","3","0","0","3","0","0","0","15","2","0","0","1","0","0","0","6","0","42","44","46","40","46","46"
"A00034350","Child Age 13","V5","1","1","0","0","0","0","0","0","0","0","0","1","0","0","0","3","1","0","0","0","0","0","0","1","0","0","0","1","0","0","3","0","3","1","0","1","3","0","0","2","0","0","0","15","1","2","2","1","1","0","0","3","0","47","51","46","40","44","45"
"A00065250","ONE_DAY-Age 9-10","VA","1","1","2","1","2","1","1","0","0","0","0","1","2","1","2","2","1","1","0","3","0","0","0","2","0","1","2","1","0","2","2","1","2","2","3","3","2","1","0","2","2","2","2","10","1","9","10","3","10","2","6","0","0","69","76","54","70","61","90"
"A00063006","ONE_DAY-AGE 11","VA","1","1","1","0","1","0","1","0","0","0","0","1","3","1","0","2","1","0","0","0","0","1","0","0","1","0","0","1","0","0","1","1","2","0","1","0","1","0","0","0","1","1","0","11","2","2","7","1","3","1","0","0","0","50","74","45","51","52","45"
"A00066314","ONE_DAY-AGE 13","VA","0","2","0","1","0","0","0","0","0","0","0","1","0","0","1","2","0","0","0","1","0","0","0","0","0","0","0","0","0","0","2","1","3","0","1","1","2","0","0","2","0","0","0","13","1","0","0","1","4","0","1","1","0","40","42","45","50","45","52"
"A00055991","Child Age 15","V1","0","1","0","1","0","0","0","0","0","0","0","0","0","0","0","1","0","0","0","0","0","1","0","0","0","1","0","0","0","0","1","0","1","0","0","0","1","0","0","1","0","0","0","15","2","0","0","0","0","1","1","2","2","42","44","43","40","52","53"
"A00058570","Child- Ages 9-10","V1","0","0","0","0","0","0","0","1","0","0","0","1","0","2","1","2","0","0","0","0","0","0","0","0","0","1","0","0","0","0","2","0","3","1","1","0","2","0","0","1","1","0","0","09","2","2","0","1","2","3","0","1","0","47","42","45","46","70","46"
"A00060258","Child Age 9-10","V1","2","0","0","0","0","0","0","1","0","1","0","2","0","0","0","2","2","0","0","3","0","0","0","0","1","0","1","0","0","1","2","3","3","1","3","0","1","0","2","2","1","1","0","09","2","6","0","5","11","0","0","0","0","62","42","60","85","45","46"
"A00063425","ONE_DAY-Age 14","VA","0","1","0","3","0","2","0","0","0","1","1","1","0","0","1","2","1","3","0","0","0","1","0","0","0","0","1","0","1","1","2","0","0","1","0","0","3","2","0","3","1","1","2","14","1","5","0","1","1","0","12","2","1","56","42","45","40","45","90"
"A00030980","Child- Age 13","V1","0","3","0","0","0","0","0","0","0","0","0","1","0","0","0","0","0","0","0","1","0","0","0","3","0","0","0","0","0","0","0","0","0","0","0","0","0","0","0","0","1","1","1","13","2","1","3","0","1","0","1","1","2","46","56","42","43","45","52"
"A00040798","Child Age 11","V4","2","1","0","0","0","0","0","0","0","0","0","1","0","0","2","3","3","0","0","2","0","0","0","0","2","1","1","1","0","2","0","2","3","2","2","2","2","0","0","1","0","2","0","13","1","8","1","4","10","1","0","0","0","68","46","56","69","51","44"
"A00058756","Child Age 11","V1","1","2","0","1","0","0","0","0","0","0","0","1","0","0","0","2","1","0","0","1","0","0","0","0","0","1","0","0","0","0","2","3","2","0","1","1","2","0","0","2","0","0","0","11","1","1","0","1","6","1","1","1","0","43","41","45","56","51","53"
"A00066462","ONE_DAY-Age 11","VA","0","1","3","1","2","0","1","1","1","1","0","2","2","0","2","2","2","1","0","2","0","0","0","2","1","2","2","2","1","2","2","2","3","2","2","0","1","0","1","1","1","2","0","11","1","9","12","4","8","2","2","0","0","73","90","57","64","57","62"
"A00055906","Child - Age 15","V1","0","0","1","0","1","0","0","0","0","0","1","1","0","0","1","2","1","0","0","0","0","0","0","0","0","0","0","1","0","1","0","0","3","1","1","0","1","0","0","1","1","0","0","15","1","4","3","0","2","0","0","1","0","54","56","42","43","44","45"
"A00055903","Child Age 8","V1","0","2","1","0","0","0","2","0","0","1","0","1","0","0","1","3","1","1","0","0","0","0","0","1","0","0","0","1","0","1","3","1","3","1","2","1","3","0","1","1","0","2","0","08","2","3","5","3","4","0","1","2","0","52","57","53","55","44","52"
"A00038603","Child -Age 8","V1","0","2","1","0","1","0","3","1","0","0","0","1","1","0","1","2","1","0","0","0","0","0","0","1","0","0","1","1","0","1","1","0","2","1","0","1","1","0","0","1","1","1","0","8","2","5","8","2","1","0","0","0","0","59","67","49","43","44","44"
"A00055832","Child- Age 6","V1","0","3","1","0","0","0","0","0","0","1","0","1","0","0","0","3","0","0","0","0","0","0","0","2","0","0","0","0","0","0","1","0","3","0","0","0","0","0","0","3","0","0","0","06","2","0","3","1","0","0","0","3","0","40","50","45","40","45","45"
"A00073545","ONE_DAY-AGE 7","VA","1","2","2","0","2","1","2","2","3","3","0","3","3","0","0","3","2","2","0","3","0","0","0","3","3","0","1","0","1","3","1","3","3","3","3","2","1","0","3","1","2","2","0","07","2","11","12","13","10","0","3","0","1","80","81","89","74","45","70"
