"","","","Expresses his/her feelings openly.","Does not seem to know 'right' from 'wrong'.","Is concerned about schoolwork.","Does not care who he/she hurts to get what he/she wants.","Feels bad or guilty when he/she has done something wrong.","Does not show emotions.","Does not care about being on time.","Is concerned about the feelings of others.","Does not care if he/she is in trouble.","Does not let feelings control him/her.","Does not care about doing things well.","Seems very cold and uncaring.","Easily admits to being wrong.","It is easy to tell how he/she is feeling.","Always tries his/her best.","Apologizes ('says he/she is sorry') to persons he/she has hurt.","Tries not to hurt others' feelings.","Shows no remorse when he/she has done something wrong.","Is very expressive and emotional.","Does not like to put the time into doing things well.","The feelings of others are unimportant to him/her.","Hides his/her feelings from others.","Works hard on everything.","Does things to make others feel good.","Callousness Score","Uncaring Score","Unemotional Score","TOTAL SCORE ICU-P"
"Anonymized ID","Subject Type","Visit","DICUP_001","DICUP_002","DICUP_003","DICUP_004","DICUP_005","DICUP_006","DICUP_007","DICUP_008","DICUP_009","DICUP_010","DICUP_011","DICUP_012","DICUP_013","DICUP_014","DICUP_015","DICUP_016","DICUP_017","DICUP_018","DICUP_019","DICUP_020","DICUP_021","DICUP_022","DICUP_023","DICUP_024","DICUP_025","DICUP_026","DICUP_27","DICUY_028"
"A00053490","Child Age 12","V4","2","0","3","0","3","0","0","3","0","0","0","0","1","2","3","3","2","0","3","0","0","1","3","2","0","4","3","7"
"A00060675","Child- Age 6","V1","1","0","0","0","1","0","0","2","0","1","0","0","1","2","2","2","3","0","1","0","0","0","1","3","2","11","5","18"
"A00060846","Child- Age 13","V1","3","0","3","0","3","0","0","3","0","1","0","0","1","2","3","2","2","0","2","0","0","1","3","2","1","5","3","9"
"A00031578","Child- Ages 9-10","V1","1","0","2","0","2","0","0","3","0","1","0","0","1","3","2","2","3","0","2","0","0","1","2","2","1","8","4","13"
"A00063425","ONE_DAY-Age 14","VA","0","0","2","0","1","1","0","1","0","3","0","0","1","1","1","2","2","0","0","0","0","1","1","1","5","13","10","28"
"A00051758","Child - Age 15","V1","2","0","0","0","2","0","0","3","0","1","0","0","1","3","3","3","3","0","3","0","0","1","3","3","1","6","2","9"
"A00031881","Child Age 16-17","V5","","","","","","","","","","","","","","","","","","","","","","","","","","","",""
"A00066584","ONE_DAY-Age 16-17","VA","1","0","2","0","1","1","0","2","0","1","0","0","2","1","2","3","3","0","1","0","0","1","2","2","2","7","8","17"
"A00056746","Child Age 8","V4","3","0","1","0","2","0","1","2","0","1","1","0","1","3","2","2","2","0","2","1","0","0","1","2","5","11","1","17"
"A00060014","Child Age 13","V1","","","","","","","","","","","","","","","","","","","","","","","","","","","",""
"A00040581","Child Age 8","V4","2","0","2","0","3","0","1","3","0","0","0","0","1","3","2","2","3","0","3","1","0","0","1","3","2","7","1","10"
"A00057405","Child Age 13","V1","2","0","1","0","2","1","1","2","0","1","1","0","1","2","1","2","2","0","1","0","0","2","0","1","4","14","7","25"
"A00055728","Child Age 9-10","V1","2","2","1","0","2","0","1","1","0","2","0","0","1","3","3","2","2","0","1","0","1","1","2","2","8","9","4","21"
"A00033714","Child Age 16-17","V5","","","","","","","","","","","","","","","","","","","","","","","","","","","",""
"A00055624","Child Age 9-10","V4","1","0","1","0","3","2","0","1","1","3","0","0","1","1","2","2","2","0","0","1","0","3","1","1","7","11","12","30"
"A00060481","Child Age 6","V1","3","0","2","0","3","0","0","3","0","0","0","0","3","3","2","2","3","0","3","1","0","0","1","3","1","5","0","6"
"A00059325","Child-Age 12","V1","1","0","1","0","1","0","1","3","1","0","0","0","1","2","1","2","3","0","1","1","0","0","1","3","3","11","5","19"
"A00058755","Child Age 6","V1","1","1","0","0","1","0","1","0","1","1","1","0","1","2","1","1","1","0","2","1","1","0","0","1","10","18","4","32"
"A00035291","Child Age 14","V4","3","0","3","0","1","0","0","2","0","1","0","0","1","3","3","1","2","1","2","0","0","1","2","0","3","11","2","16"
"A00059326","Child -Age 8","V1","2","0","1","1","2","0","1","3","1","3","1","1","3","1","2","3","2","2","2","2","1","1","0","2","13","9","5","27"
"A00051727","Child Age 15","V1","3","0","1","0","2","0","1","2","0","2","0","0","1","2","1","2","2","0","1","1","0","1","1","1","5","13","4","22"
"A00043822","Child -Age 8","V1","2","1","1","1","2","0","0","1","0","0","1","0","1","1","1","1","0","1","1","1","1","0","1","1","8","16","5","29"
"A00060673","Child- Age 6","V1","2","0","2","0","2","0","0","3","0","0","0","0","2","2","2","2","2","0","2","0","0","0","2","1","0","9","3","12"
"A00066698","ONE_DAY-AGE 9-10","VA","1","0","0","1","1","0","0","1","2","0","0","1","0","3","2","1","2","2","2","0","1","1","1","2","9","15","4","28"
"A00057863","Child Age 8","V1","3","0","1","0","3","0","0","3","0","2","1","0","3","3","1","3","3","0","3","1","0","1","1","2","4","7","1","12"
"A00066534","ONE_DAY-Age 8","VA","2","0","0","3","1","0","1","2","1","0","1","0","1","2","0","3","2","0","3","3","0","1","0","2","10","15","3","28"
"A00035291","Child Age 14","V5","3","0","3","0","3","0","1","2","2","0","0","1","1","3","3","2","2","0","2","0","0","1","3","1","5","6","2","13"
"A00055267","Child Age 13","V1","2","0","3","0","2","1","0","2","0","2","0","0","2","1","2","2","2","0","1","0","0","1","2","2","3","7","7","17"
"A00059875","Child -Age 8","V1","3","0","3","0","3","0","0","3","0","1","0","0","2","3","3","3","3","0","1","0","0","0","3","3","1","1","2","4"
"A00065185","ONE_DAY-Age 6","VA","2","0","1","0","3","0","0","3","0","0","0","0","1","2","2","2","1","0","2","0","0","1","1","1","0","12","4","16"
"A00066711","ONE_DAY-Age 8","VA","1","0","0","1","1","1","3","1","1","1","1","1","0","1","1","1","1","1","1","1","1","2","1","1","13","18","9","40"
"A00030980","Child- Age 13","V1","3","0","3","0","3","3","0","3","0","0","0","0","3","3","3","3","3","3","3","0","0","0","3","3","3","0","3","6"
"A00043282","Adolescent- Age  16-17","V1","2","1","0","1","1","0","1","1","1","1","1","0","1","2","0","1","0","0","0","3","1","1","0","1","12","20","6","38"
"A00052237","Child Age 16-17","V4","","","","","","","","","","","","","","","","","","","","","","","","","","","",""
"A00034074","Adolescent- Age  16-17","V1","2","0","3","0","2","0","0","2","0","2","0","0","1","1","2","2","2","0","1","0","0","1","2","1","3","9","6","18"
"A00040800","Child Age 16-17","V4","","","","","","","","","","","","","","","","","","","","","","","","","","","",""
"A00052461","Child Age 14","V1","1","2","2","0","2","1","0","3","0","1","1","0","2","2","1","2","2","0","2","1","0","1","0","2","5","11","6","22"
"A00027159","Child-Age 11","V1","1","0","1","0","2","1","1","2","0","1","0","0","1","1","2","3","2","0","1","0","0","1","2","2","3","9","8","20"
"A00054206","Child Age 14","V4","2","0","1","0","3","0","0","3","0","0","0","0","1","3","1","3","3","0","1","1","0","1","0","1","1","11","4","16"
"A00052613","Child - Age 14","V1","1","1","0","2","0","1","3","1","1","0","0","0","0","2","1","1","1","1","2","0","1","1","1","1","11","19","6","36"
"A00062146","ONE_DAY-AGE 14","VA","1","0","3","1","2","1","0","2","0","1","1","1","1","1","2","2","2","1","1","1","1","1","2","2","8","8","8","24"
"A00040556","Child Age 9-10","V4","1","0","1","0","1","0","1","1","1","1","1","1","0","1","1","1","1","0","1","0","1","1","1","1","8","17","7","32"
"A00065802","ONE_DAY-Age 15","VA","2","0","2","0","0","0","0","2","0","2","0","0","2","2","3","2","3","0","2","0","0","0","2","2","3","8","3","14"
"A00057967","Child-Age 11","V1","3","0","2","0","3","0","0","3","0","1","0","0","1","3","3","3","2","0","3","0","0","0","2","2","1","6","0","7"
"A00057725","Child Age 7","V1","2","0","3","0","2","1","1","3","1","0","1","0","1","2","2","2","3","0","2","0","0","1","1","3","3","7","5","15"
"A00054206","Child Age 14","V1","2","0","3","0","3","0","0","3","0","1","0","0","2","3","2","2","3","0","2","1","0","1","1","1","2","7","3","12"
"A00066314","ONE_DAY-AGE 13","VA","1","0","2","0","2","0","0","2","0","2","0","0","1","2","3","2","2","0","1","0","0","0","2","1","3","9","5","17"
"A00043788","Child Age 13","V4","2","0","0","0","3","0","0","3","0","0","0","0","3","3","0","3","3","0","2","0","0","0","2","2","0","8","2","10"
"A00060472","Child Age 16-17","V1","1","0","3","0","3","0","0","3","0","1","2","0","3","1","1","3","3","0","1","1","0","1","1","3","4","4","7","15"
"A00039943","Child - Age 15","V1","2","0","3","0","3","0","0","3","0","0","0","0","2","2","2","2","2","0","2","0","0","0","1","2","0","7","3","10"
"A00055122","Child Age 15","V4","1","0","2","0","1","1","0","2","0","1","1","0","1","1","1","2","2","0","1","1","0","1","1","1","4","13","8","25"
"A00058537","Child Age 14","V1","0","1","0","0","1","1","3","1","2","1","1","1","1","1","1","1","1","1","0","1","1","1","0","0","14","19","10","43"
"A00027443","Child - Age 15","V1","2","0","3","0","2","1","0","2","0","2","0","0","2","2","3","2","2","0","2","0","2","0","2","2","5","6","4","15"
"A00053406","Child Age 6","V1","3","0","2","0","2","0","0","3","0","0","0","0","2","3","3","3","3","0","3","0","0","0","3","3","0","3","0","3"
"A00064507","ONE_DAY-Age 9-10","VA","1","0","1","0","2","0","1","1","0","1","0","0","1","1","1","1","2","0","1","1","0","0","1","1","5","14","6","25"
"A00040440","Child -Age 8","V1","2","0","3","0","3","1","1","3","0","2","2","0","1","2","2","2","2","1","1","0","0","1","2","2","6","7","6","19"
"A00044084","Child Age 16-17","V4","","","","","","","","","","","","","","","","","","","","","","","","","","","",""
"A00064597","ONE_DAY-Age 9-10","VA","3","0","1","0","3","0","0","3","0","0","0","0","1","3","1","3","3","0","3","0","0","0","1","3","0","8","0","8"
"A00064416","ONE_DAY-Age 16-17","VA","2","0","2","0","3","0","0","3","0","2","0","0","2","2","3","3","3","0","2","0","0","1","1","2","2","5","4","11"
"A00055991","Child Age 15","V1","0","0","3","0","1","1","1","2","0","1","0","0","1","1","1","1","1","0","1","0","0","1","2","1","3","13","9","25"
"A00032864","Child-Age 11","V1","1","0","2","0","2","1","1","3","0","1","0","0","2","2","3","3","3","0","1","0","0","0","2","2","2","5","6","13"
"A00058215","Child Age 6","V1","2","0","0","0","2","0","1","2","0","1","1","0","1","2","2","2","2","0","2","0","0","0","2","2","4","11","3","18"
"A00040117","Child Age 8","V5","1","1","0","0","1","1","1","2","1","1","1","0","1","1","1","2","1","0","2","1","0","1","1","1","7","16","7","30"
"A00055267","Child Age 13","V4","2","1","3","0","2","1","0","1","1","2","0","0","2","2","2","2","2","2","1","0","1","1","2","2","9","7","6","22"
"A00053390","Child Age 14","V1","1","1","0","1","1","1","1","1","2","0","2","1","0","0","0","1","1","2","1","2","1","3","0","1","15","20","11","46"
"A00066572","ONE_DAY-AGE 14","VA","2","0","3","0","2","0","0","3","0","0","0","0","1","2","3","2","3","0","1","0","0","1","3","2","0","5","5","10"
"A00059733","Child Age 9-10","V1","1","0","3","1","2","0","1","2","0","0","0","0","1","2","3","1","1","0","2","0","1","2","3","2","4","8","6","18"
"A00035292","Child Age 12","V4","3","0","0","0","2","0","0","2","0","0","0","0","0","3","3","3","3","0","0","0","0","0","3","3","1","7","3","11"
"A00065792","ONE_DAY-AGE 7","VA","2","0","2","0","2","0","1","2","0","0","1","0","1","1","1","3","1","0","2","2","0","0","1","2","5","11","4","20"
"A00031411","Child- Ages 9-10","V1","1","0","2","0","1","0","0","1","0","1","1","0","1","3","1","1","2","0","2","1","2","0","1","1","7","14","3","24"
"A00031881","Child - Age 15","V1","2","2","3","0","3","0","0","3","0","0","0","0","3","2","3","3","2","0","1","0","0","0","3","3","2","1","4","7"
"A00053171","Child Age 8","V4","","","","","","","","","","","","","","","","","","","","","","","","","","","",""
"A00056419","Child- Age 6","V1","3","0","3","0","2","0","1","2","0","2","0","0","2","2","3","2","3","0","0","0","0","0","2","3","4","4","4","12"
"A00056420","Child- Ages 9-10","V1","3","0","1","0","3","0","0","3","0","1","0","0","3","2","3","3","3","0","3","0","1","1","3","2","2","3","2","7"
"A00058061","Child Age 9-10","V1","2","0","3","0","3","0","0","3","0","1","0","0","1","1","3","3","3","0","3","0","0","1","3","2","1","3","4","8"
"A00055920","Child Age 9-10","V1","1","0","3","0","3","0","0","3","0","1","0","0","2","1","3","3","3","0","1","0","0","1","3","3","1","1","7","9"
"A00027167","Child - Age 14","V1","2","0","1","0","3","0","0","2","0","1","1","0","1","1","1","2","2","0","1","1","0","1","2","2","4","10","6","20"
"A00018030","Child-Age 11","V1","0","0","0","0","3","0","0","2","0","0","0","0","1","2","2","2","2","0","0","0","0","0","2","2","1","10","7","18"
"A00055832","Child- Age 6","V1","1","0","3","0","3","0","0","3","0","0","0","0","1","1","3","3","3","1","1","3","0","0","3","1","4","4","6","14"
"A00035869","Child-Age 12","V1","2","0","3","0","3","0","0","3","0","1","0","0","2","2","3","3","2","0","1","0","0","0","2","2","1","4","4","9"
"A00053873","Child Age 6","V4","1","0","1","0","1","0","1","1","1","1","1","0","0","2","1","1","1","2","1","1","1","1","1","1","10","17","6","33"
"A00055076","Child Age 9-10","V4","3","0","2","0","3","0","0","3","0","1","0","0","3","3","3","3","2","0","2","0","0","0","2","3","1","3","1","5"
"A00033714","Child Age 16-17","V4","1","0","1","0","2","0","1","1","1","1","1","1","1","2","0","1","1","0","1","1","1","1","0","1","9","17","6","32"
"A00035561","Child Age 12","V5","1","0","2","0","2","0","0","3","0","1","0","0","1","2","3","3","3","0","2","0","0","0","3","2","1","5","4","10"
"A00056138","Child Age 15","V1","0","0","3","0","1","1","0","3","0","1","0","0","0","1","2","3","3","0","1","0","3","3","2","3","4","7","11","22"
"A00062983","ONE_DAY-Age 16-17","VA","1","3","1","0","2","0","0","2","0","1","0","0","1","1","2","1","2","0","1","0","0","1","2","2","5","11","7","23"
"A00064503","ONE_DAY-AGE 12","VA","1","0","1","1","1","1","1","1","1","1","1","1","0","0","1","1","1","1","1","1","1","1","1","1","11","17","9","37"
"A00035377","Child Age 16-17","V5","","","","","","","","","","","","","","","","","","","","","","","","","","","",""
"A00059142","Child Age 7","V1","3","0","3","1","2","0","0","2","0","0","0","0","1","3","3","3","1","0","3","0","0","0","2","3","2","6","0","8"
"A00062085","ONE_DAY-AGE 8","VA","3","0","1","0","2","0","0","2","0","1","1","0","2","2","2","2","2","0","1","1","0","1","1","2","4","10","4","18"
"A00053873","Child Age 6","V1","2","0","0","0","1","0","1","1","1","0","1","0","0","2","2","1","1","1","2","1","1","1","2","1","8","16","4","28"
"A00066462","ONE_DAY-Age 11","VA","3","1","1","1","2","0","0","2","0","1","1","0","0","3","1","1","1","0","3","0","0","0","1","1","5","16","0","21"
"A00040798","Child Age 11","V1","3","0","2","0","3","0","0","3","0","3","0","0","3","3","3","3","3","0","2","0","0","0","2","2","3","3","1","7"
"A00056470","Child Age 12","V1","3","0","2","0","2","0","0","3","0","1","0","0","2","1","1","3","2","0","1","0","0","1","2","2","1","8","5","14"
"A00052182","Child Age 12","V4","2","1","2","0","3","0","1","1","0","0","1","1","2","3","1","2","1","0","2","1","1","1","1","1","8","11","3","22"
"A00057726","Child Age 9-10","V1","1","1","1","0","1","0","0","1","1","1","0","0","1","2","1","1","1","1","2","1","1","0","0","1","8","17","4","29"
"A00044084","Adolescent- Age  16-17","V1","2","3","3","0","3","0","0","3","0","3","0","0","1","2","3","3","2","0","3","0","0","0","3","2","6","4","2","12"
"A00032008","Child- Age 6","V1","3","0","1","0","3","0","1","3","0","1","1","0","1","3","1","3","0","0","3","1","0","0","1","1","4","13","0","17"
"A00061923","ONE_DAY-AGE 16-17","VA","1","0","3","0","3","0","0","2","0","1","1","0","1","2","1","2","2","0","3","1","0","2","1","2","4","9","5","18"
"A00040117","Child Age 8","V4","1","1","1","0","2","0","0","3","0","0","0","0","1","2","2","2","1","0","3","1","0","1","1","2","2","12","4","18"
"A00062361","ONE_DAY-Age 9-10","VA","1","0","1","0","2","0","1","2","0","1","0","0","1","1","1","3","3","0","2","0","0","0","1","2","3","10","5","18"
"A00056307","Child Age 8","V4","2","0","3","0","3","0","0","3","0","1","0","0","3","2","3","3","3","0","2","0","0","0","3","3","1","0","3","4"
"A00056165","Child Age 14","V1","1","0","0","0","2","0","0","2","0","1","1","0","0","2","2","2","2","0","2","2","2","2","1","1","7","14","6","27"
"A00027439","Child - Age 15","V1","3","0","2","0","3","0","0","3","0","1","0","0","3","2","3","3","3","0","2","0","0","0","3","3","1","1","2","4"
"A00066396","ONE_DAY-Age 14","VA","1","0","1","0","2","0","1","3","1","0","0","0","1","1","2","3","2","0","1","1","0","1","1","1","3","11","7","21"
"A00065486","ONE_DAY-Age 8","VA","2","0","1","0","3","0","0","3","0","2","1","0","1","3","2","3","2","0","1","1","0","0","1","3","4","8","3","15"
"A00035377","Child Age 16-17","V4","2","0","0","0","2","0","0","0","0","1","0","0","2","1","2","2","2","0","2","0","0","0","2","1","4","11","4","19"
"A00053744","Child Age 16-17","V1","1","0","1","0","1","1","1","2","1","0","0","0","0","0","1","2","2","0","1","1","0","2","0","2","4","15","10","29"
"A00034350","Child Age 13","V5","3","0","2","0","3","0","0","3","0","1","0","0","3","3","3","3","3","0","3","0","0","0","1","2","1","4","0","5"
"A00065178","ONE_DAY-Age 9-10","VA","0","1","0","1","1","0","1","1","0","0","1","1","0","0","0","1","1","1","1","1","1","2","0","1","10","20","10","40"
"A00032817","Child-Age 11","V1","3","0","1","0","1","0","1","3","0","1","1","0","1","1","1","1","3","1","3","1","0","0","1","2","5","13","2","20"
"A00031219","Adolescent- Age  16-17","V1","2","0","2","0","3","0","1","3","0","1","0","0","1","3","2","3","3","0","3","0","0","0","1","3","2","6","1","9"
"A00066391","ONE_DAY-Age 8","VA","3","0","2","0","3","0","0","3","0","1","0","0","2","3","3","2","3","3","1","0","0","1","2","3","4","4","3","11"
"A00061714","ONE_DAY-AGE 16-17","VA","3","0","3","1","2","0","0","2","2","1","0","0","1","2","2","3","2","0","1","0","1","1","2","1","6","8","4","18"
"A00059935","Child - Age 15","V1","2","0","3","0","3","0","0","2","0","3","0","0","2","2","3","1","2","0","0","0","0","1","3","1","4","6","6","16"
"A00052461","Child Age 14","V4","2","0","2","0","2","0","1","3","0","0","0","0","1","2","2","2","3","0","1","0","0","1","1","1","1","10","5","16"
"A00050847","Child Age 9-10","V4","1","0","1","0","2","0","1","2","1","1","1","0","1","1","2","3","1","0","1","1","0","1","1","1","6","12","7","25"
"A00062369","ONE_DAY-AGE 16-17","VA","3","1","2","1","3","0","0","3","0","1","0","0","1","3","2","1","3","0","3","0","0","1","2","2","3","8","1","12"
"A00050677","Child-Age 7 ","V1","1","0","2","0","2","3","1","1","0","2","0","0","1","2","1","0","2","0","1","0","0","0","1","1","5","14","8","27"
"A00053320","Child Age 8","V4","","","","","","","","","","","","","","","","","","","","","","","","","","","",""
"A00063327","ONE_DAY-Age 9-10","VA","1","0","2","0","2","0","1","2","1","1","0","0","1","1","2","2","2","0","2","0","0","1","2","2","4","9","6","19"
"A00035364","Child-Age 12","V1","3","0","3","0","3","0","0","3","0","3","0","0","3","3","3","3","3","0","1","0","0","0","3","2","3","1","2","6"
"A00031578","Child Age 12","V5","1","0","3","0","2","0","0","2","0","2","0","0","1","3","3","2","3","0","1","0","0","0","3","2","3","5","4","12"
"A00035292","Child Age 12","V5","2","0","2","0","2","1","1","2","0","1","0","0","0","2","2","2","2","0","1","0","0","1","2","2","3","10","6","19"
"A00062349","ONE_DAY-Age 6","VA","1","1","0","0","2","0","1","1","1","0","1","0","1","1","1","2","2","1","2","1","0","1","1","2","8","13","6","27"
"A00050847","Child Age 9-10","V1","1","0","0","0","1","0","1","2","0","1","0","0","1","1","2","2","2","0","0","1","0","1","1","2","4","13","8","25"
"A00066581","ONE_DAY-AGE 12","VA","0","0","1","0","1","1","0","1","1","1","1","0","0","1","1","1","1","0","0","1","0","3","1","1","6","17","12","35"
"A00053171","Child Age 8","V1","3","0","1","0","3","0","0","3","0","1","0","0","3","2","2","3","3","0","3","0","3","0","1","3","4","5","1","10"
"A00052165","Child Age 8","V1","1","0","1","2","2","0","1","1","0","0","1","1","0","2","0","1","0","0","2","1","1","1","0","0","9","20","5","34"
"A00055903","Child Age 8","V1","2","0","0","0","3","0","1","2","0","2","0","0","2","2","3","2","2","0","2","0","0","1","2","2","4","8","4","16"
"A00060503","Child Age 13","V1","1","3","1","0","2","0","0","3","0","1","1","0","0","1","1","1","3","0","2","1","0","1","0","1","6","15","6","27"
"A00060806","Child Age 16-17","V1","2","0","1","0","2","0","1","2","0","1","0","0","2","2","1","2","2","0","2","0","0","1","1","2","3","11","4","18"
"A00035377","Child - Age 15","V1","3","0","2","0","2","0","0","2","0","1","0","0","1","1","1","1","1","0","1","0","0","0","1","1","2","14","4","20"
"A00065262","ONE_DAY-AGE 13","VA","3","0","3","0","2","0","0","3","0","1","0","0","1","3","3","2","3","0","3","0","0","0","3","3","1","4","0","5"
"A00037458","Adolescent- Age  16-17","V1","3","0","3","0","3","0","0","3","0","0","0","0","3","1","3","3","3","0","0","0","0","0","3","1","0","2","5","7"
"A00059327","Child Age 11","V1","3","0","2","0","3","0","0","3","0","0","0","0","3","3","3","3","3","0","3","0","0","0","3","3","0","1","0","1"
"A00063003","ONE_DAY-Age 13","VA","2","0","2","0","2","1","2","1","2","1","2","1","1","2","2","2","1","1","2","2","2","2","2","2","15","10","6","31"
"A00066248","ONE_DAY-Age 7","VA","2","0","2","0","2","0","1","3","0","1","0","0","1","3","2","3","2","0","3","0","0","0","2","2","2","8","1","11"
"A00061730","ONE_DAY-Age 11","VA","3","0","3","0","2","0","0","2","0","0","1","0","1","3","0","1","2","0","3","1","0","0","0","2","3","13","0","16"
"A00040556","Child- Ages 9-10","V1","1","0","1","1","1","0","1","1","1","1","0","1","1","1","1","1","1","0","2","0","1","1","1","1","8","16","6","30"
"A00057698","Child Age 12","V1","2","0","1","0","1","0","1","1","2","0","2","0","0","1","0","1","1","1","2","2","1","1","0","1","11","19","5","35"
"A00061749","ONE_DAY-AGE 13","VA","2","0","2","0","3","0","0","3","0","2","0","0","2","2","3","2","2","0","2","0","0","0","3","2","2","5","3","10"
"A00066582","ONE_DAY-AGE 14","VA","0","0","1","0","2","1","0","3","0","1","0","0","2","1","2","2","3","0","0","0","0","2","1","2","1","9","11","21"
"A00059316","Child Age 12","V1","2","1","1","0","3","0","0","3","0","1","1","0","2","2","2","3","2","0","3","1","0","0","1","2","4","8","2","14"
"A00039866","Child-Age 12","V1","1","0","3","0","2","1","0","2","0","1","0","0","1","1","2","3","2","0","1","0","0","1","1","2","2","8","8","18"
"A00050848","Child Age 16-17","V4","","","","","","","","","","","","","","","","","","","","","","","","","","","",""
"A00040581","Child- Age 6","V1","1","0","1","0","3","0","0","3","0","1","0","0","3","1","3","3","3","0","2","0","0","1","3","3","1","2","6","9"
"A00052183","Child Age 16-17","V1","1","0","3","0","2","1","0","1","0","3","1","1","1","1","1","1","1","0","0","0","1","2","1","1","8","13","10","31"
"A00055908","Child Age 9-10","V1","1","0","2","0","3","0","1","1","0","2","1","0","2","1","1","2","2","0","1","1","0","1","1","1","7","10","7","24"
"A00063006","ONE_DAY-AGE 11","VA","1","0","2","0","1","1","0","1","1","1","0","0","1","1","2","1","1","1","1","1","0","1","3","1","6","12","8","26"
"A00055907","Child Age 7","V1","2","0","3","0","3","0","0","3","0","1","0","0","2","2","3","3","3","0","3","0","0","1","2","2","1","3","3","7"
"A00055727","Child -Age 8","V1","1","0","2","0","2","0","0","2","0","1","0","0","1","1","2","1","2","0","2","0","0","2","2","2","2","10","7","19"
"A00062989","ONE_DAY-Age 15","VA","1","0","2","0","3","0","0","1","0","1","0","0","1","2","2","1","2","0","1","0","0","0","2","2","3","9","5","17"
"A00040117","Child- Age 6","V1","1","0","1","0","1","1","0","2","3","1","0","0","1","1","1","2","2","0","3","1","0","1","3","3","6","10","6","22"
"A00040800","Child Age 16-17","V1","3","0","3","0","3","0","0","3","0","2","0","0","3","3","3","3","2","0","2","0","0","0","3","1","2","3","1","6"
"A00018030","Child Age 13","V4","3","0","1","0","3","0","0","3","0","1","0","0","1","1","3","2","3","0","3","0","0","0","2","3","1","6","2","9"
"A00051690","Child - Age 15","V1","2","0","3","0","2","0","0","2","0","2","0","0","1","2","3","2","3","0","0","0","0","1","3","2","3","5","6","14"
"A00073545","ONE_DAY-AGE 7","VA","3","1","1","1","3","0","0","2","0","2","0","0","2","2","2","3","2","0","2","1","0","0","2","1","6","8","2","16"
"A00059422","Child Age 7","V1","3","0","2","0","2","0","0","3","0","0","0","0","2","3","3","3","3","0","2","0","0","0","3","2","0","4","1","5"
"A00053490","Child Age 12","V1","2","0","3","0","3","0","3","3","0","0","0","0","1","3","3","3","3","0","3","0","0","0","3","1","3","4","1","8"
"A00060099","Child Age 12","V1","2","0","3","0","3","0","0","1","0","1","0","0","2","2","2","2","2","0","1","0","0","1","1","2","3","7","5","15"
"A00058951","Child Age 8","V1","3","0","2","0","3","0","0","3","0","1","0","0","2","2","3","3","3","0","3","0","0","0","2","3","1","3","1","5"
"A00044217","Child- Ages 9-10","V1","1","0","2","0","2","0","1","2","0","1","0","0","1","1","3","2","2","0","3","0","2","1","3","3","5","6","5","16"
"A00056679","Child Age 9-10","V1","2","0","1","0","1","0","1","1","1","1","1","0","0","2","1","1","1","0","1","1","1","1","1","1","8","17","5","30"
"A00062996","ONE_DAY-AGE 11","VA","3","0","1","0","2","0","0","3","0","1","0","0","1","3","3","3","3","0","0","0","0","0","2","3","1","6","3","10"
"A00041503","Child -Age 8","V1","1","1","2","0","1","0","0","2","0","0","1","0","2","1","1","2","2","1","1","1","0","1","1","2","5","11","7","23"
"A00055076","Child Age 9-10","V1","3","0","0","0","2","0","0","3","0","1","0","0","3","3","3","3","3","0","1","0","0","0","3","3","1","4","2","7"
"A00065941","ONE_DAY-AGE 15","VA","2","0","2","0","2","0","1","3","0","2","0","0","0","2","1","3","3","0","1","1","0","0","1","2","4","10","4","18"
"A00060384","Child Age 12","V1","1","0","1","0","2","0","0","2","0","0","0","0","1","1","1","1","3","0","1","0","0","1","1","2","1","12","7","20"
"A00056703","Adolescent- Age  16-17","V1","2","1","1","0","3","1","1","3","1","1","0","0","1","1","3","3","3","0","1","0","0","1","3","3","4","4","7","15"
"A00055612","Child Age 8","V4","2","0","1","0","2","0","0","2","0","1","0","0","1","2","2","1","2","0","2","0","0","0","2","2","2","11","3","16"
"A00065263","ONE_DAY-Age 12","VA","2","0","1","0","2","0","1","2","0","0","0","0","1","2","1","2","2","0","1","1","0","1","1","1","3","13","5","21"
"A00062997","ONE_DAY-Age 8","VA","2","0","3","0","3","0","1","3","0","1","0","0","1","3","3","3","3","0","1","0","0","0","3","3","2","2","3","7"
"A00043788","Child Age 13","V1","3","0","3","0","3","0","0","3","0","3","0","0","2","3","2","3","3","0","0","0","0","0","2","3","3","3","3","9"
"A00053203","Child Age 9-10","V1","3","0","1","0","3","0","0","3","0","2","0","0","3","2","3","3","3","0","1","0","0","1","3","2","2","3","4","9"
"A00056020","Child Age 6","V4","2","0","3","1","2","0","0","2","0","0","0","0","1","2","2","2","2","0","1","1","0","1","1","2","3","9","5","17"
"A00062797","ONE_DAY-AGE 11","VA","2","0","1","0","2","0","0","2","0","1","0","0","1","2","2","2","3","0","2","0","0","0","1","2","2","10","3","15"
"A00041557","Child- Ages 9-10","V1","1","0","0","0","1","1","1","1","1","0","1","0","0","1","1","1","1","0","1","1","0","1","0","1","6","19","8","33"
"A00058060","Child Age 8","V1","2","0","2","1","2","0","0","2","1","1","0","0","1","3","1","3","3","0","2","1","0","0","1","2","5","9","2","16"
"A00056020","Child- Age 6","V1","3","0","2","0","2","0","1","1","0","1","0","0","1","3","1","2","2","0","3","1","0","1","1","2","5","11","1","17"
"A00056307","Child -Age 8","V1","1","0","3","0","3","0","1","3","0","1","0","0","1","3","3","1","2","0","2","0","0","0","3","3","2","5","3","10"
"A00039943","Child Age 16-17","V4","2","0","3","0","3","0","0","3","0","2","0","0","2","2","3","3","3","0","2","0","0","0","3","3","2","1","3","6"
"A00041557","Child Age 9-10","V4","2","0","1","0","1","0","1","2","1","1","1","0","0","2","0","1","2","1","1","1","0","0","0","2","7","17","4","28"
"A00058685","Child Age 16-17","V1","1","0","1","0","1","0","0","1","0","1","0","0","1","1","1","1","0","0","1","1","1","1","0","1","5","18","7","30"
"A00062798","ONE_DAY-Age 6","VA","1","1","1","1","1","1","1","1","1","1","1","1","1","1","1","1","1","1","1","1","1","1","1","1","12","16","8","36"
"A00063329","ONE_DAY-AGE 12","VA","1","0","1","1","1","1","2","2","2","0","1","1","0","1","1","1","1","1","3","1","1","1","1","2","11","16","6","33"
"A00066589","ONE_DAY-AGE 13","VA","2","0","3","1","2","0","0","2","0","1","0","0","2","2","2","2","2","1","3","0","0","0","2","2","4","7","2","13"
"A00073288","ONE_DAY-AGE 9-10","VA","1","0","0","0","2","0","1","2","2","1","3","0","2","1","0","1","1","0","1","3","1","1","0","1","12","17","7","36"
"A00055612","Child -Age 8","V1","1","0","0","2","1","0","0","1","1","0","1","0","1","2","2","1","1","1","2","1","1","1","1","2","9","15","5","29"
"A00035945","Child Age 14","V4","1","0","1","0","2","0","0","1","0","1","0","0","1","1","1","","1","0","0","1","1","1","0","1","5","17!WithErrors!","8","30!WithErrors!"
"A00040815","Child Age 9-10","V1","2","0","2","0","2","0","0","3","0","1","0","0","2","2","3","3","3","0","2","0","0","0","2","2","1","5","3","9"
"A00058570","Child- Ages 9-10","V1","2","0","2","1","2","0","1","2","0","1","1","0","1","2","2","1","1","1","2","0","0","1","1","2","6","12","4","22"
"A00035561","Child-Age 11","V1","1","0","2","0","2","0","0","3","0","1","0","0","1","1","3","3","3","0","3","1","0","0","3","3","2","4","4","10"
"A00052069","Child Age 9-10","V4","3","0","1","0","3","0","1","3","0","3","0","0","1","3","3","3","3","0","0","1","0","0","2","1","5","7","3","15"
"A00037483","Child-Age 11","V1","2","0","2","0","3","0","0","3","0","3","0","0","3","3","3","3","3","0","3","0","0","0","3","3","3","1","1","5"
"A00055921","Child Age 7","V1","2","0","2","0","3","0","0","2","0","1","0","0","1","1","2","2","2","0","3","1","0","0","1","2","3","9","3","15"
"A00066697","ONE_DAY-AGE 9-10","VA","1","0","2","1","1","0","0","2","1","0","0","0","0","1","2","1","1","2","1","0","0","1","2","2","5","13","7","25"
"A00037125","Child-Age 7 ","V1","3","0","3","0","3","0","0","3","0","1","0","0","2","3","3","3","3","0","3","1","0","0","2","3","2","2","0","4"
"A00059109","Child Age 11","V1","1","0","1","0","3","0","1","2","0","0","0","0","2","2","2","1","2","0","1","0","0","1","1","1","2","11","6","19"
"A00065250","ONE_DAY-Age 9-10","VA","1","0","2","0","2","0","1","1","0","1","1","0","1","2","1","1","1","0","2","1","0","1","1","1","6","14","5","25"
"A00062370","ONE_DAY-AGE 16-17","VA","1","2","2","1","1","2","1","1","2","1","1","2","1","0","1","1","1","1","0","1","2","3","2","1","16","14","13","43"
"A00043740","Child Age 15","V4","1","1","1","0","1","1","1","1","1","1","2","0","1","1","0","1","2","0","0","2","1","1","0","1","11","17","9","37"
"A00052614","Adolescent- Age  16-17","V1","1","0","2","0","2","0","1","2","0","2","0","0","1","1","3","3","2","0","1","0","0","1","2","2","4","7","7","18"
"A00058756","Child Age 11","V1","1","0","2","0","3","0","0","3","0","1","0","0","2","3","3","2","3","0","2","0","1","1","3","3","2","3","4","9"
"A00060603","Child Age 11","V1","2","0","1","0","2","0","1","2","0","1","0","0","1","2","2","3","2","0","2","1","0","1","1","2","4","10","4","18"
"A00056225","Child-Age 12","V1","","","","","","","","","","","","","","","","","","","","","","","","","","","",""
"A00053203","Child Age 9-10","V4","1","0","1","0","3","0","0","3","0","3","0","0","1","1","3","3","3","0","0","0","0","0","3","3","3","4","7","14"
"A00055541","Child- Ages 9-10","V1","1","0","1","0","2","0","1","2","1","1","0","1","0","2","3","2","2","0","3","0","1","2","3","2","6","9","5","20"
"A00056605","Child Age 14","V1","0","1","1","2","0","2","3","0","3","0","1","2","0","1","1","0","0","1","0","1","1","3","1","0","18","21","13","52"
"A00065934","ONE_DAY-AGE 16-17","VA","3","0","1","0","2","0","0","2","0","2","1","0","1","2","1","1","3","0","1","1","0","0","0","1","5","14","3","22"
"A00060429","Child Age 9-10","V1","3","0","2","0","3","0","0","3","0","1","0","0","1","2","2","3","3","0","1","0","0","0","2","2","1","6","3","10"
"A00051476","Child Age 14","V1","2","0","1","0","2","1","0","3","0","1","1","0","1","2","2","2","3","0","2","1","0","1","1","2","3","10","5","18"
"A00035940","Adolescent- Age  16-17","V1","0","0","2","0","3","0","0","2","0","1","0","0","1","1","2","1","2","0","1","0","0","2","2","1","2","10","9","21"
"A00065992","ONE_DAY-Age 7","VA","1","0","0","0","2","0","2","1","0","1","0","0","1","1","1","2","2","0","2","0","0","1","2","1","5","13","6","24"
"A00055921","Child Age 7","V4","2","0","1","0","3","0","0","3","0","1","0","0","1","3","3","3","3","0","3","1","0","1","1","2","2","7","2","11"
"A00043758","Adolescent- Age  16-17","V1","0","0","1","0","2","1","0","3","0","0","2","1","1","0","0","0","3","0","1","3","1","3","0","1","7","16","12","35"
"A00060258","Child Age 9-10","V1","1","0","0","0","2","0","1","2","1","1","1","0","1","2","1","1","2","1","2","2","0","1","0","2","8","15","5","28"
"A00063383","ONE_DAY-AGE 16-17","VA","2","0","2","0","2","0","0","3","0","2","0","0","2","1","3","3","3","0","1","0","0","0","2","2","2","5","5","12"
"A00031832","Child-Age 12","V1","1","2","1","0","1","0","1","0","0","0","1","0","0","1","1","1","1","3","1","2","1","1","0","1","13","18","7","38"
"A00065750","ONE_DAY-Age 8","VA","2","0","1","0","3","0","0","2","0","2","1","0","1","2","1","3","2","0","2","1","0","0","1","2","5","10","3","18"
"A00033714","Adolescent- Age  16-17","V1","1","0","1","0","2","0","1","1","1","1","1","0","1","1","1","3","2","1","1","1","1","1","1","1","9","12","7","28"
"A00066388","ONE_DAY-Age 8","VA","1","3","1","0","1","2","1","2","1","1","2","0","1","1","1","2","0","2","1","2","0","0","0","1","13","17","8","38"
"A00056295","Child Age 12","V1","1","0","1","1","1","2","2","1","1","1","2","1","0","2","1","1","1","2","2","3","2","2","0","0","17","19","8","44"
"A00037368","Child-Age 12","V1","3","0","3","0","3","0","0","3","0","3","0","0","1","2","3","2","3","0","1","0","0","1","3","3","3","3","4","10"
"A00059734","Child Age 6","V1","3","0","3","0","3","0","1","2","0","1","0","0","1","2","2","2","2","0","1","1","0","0","2","2","4","7","3","14"
"A00031578","Child Age 12","V4","1","0","2","0","2","0","0","2","0","1","0","0","1","1","2","2","2","0","1","0","0","1","3","2","2","8","7","17"
"A00056453","Adolescent- Age  16-17","V1","3","2","2","3","2","0","0","2","0","0","0","0","3","3","3","3","3","1","3","1","0","0","3","3","8","2","0","10"
"A00058053","Child Age 14","V1","3","0","3","0","3","0","0","3","0","1","0","0","2","2","2","2","3","0","2","0","0","0","3","3","1","3","2","6"
"A00059846","Child - Age 15","V1","3","0","2","0","2","1","0","3","0","1","0","0","3","1","2","3","3","0","2","1","0","1","2","3","2","4","5","11"
"A00055624","Child Age 9-10","V1","1","0","1","0","2","1","1","3","1","2","0","0","2","1","2","2","3","0","1","1","0","1","1","3","5","8","8","21"
"A00061415","ONE_DAY-AGE 9-10","VA","0","0","0","0","0","0","0","3","0","0","2","0","0","3","0","0","1","1","3","3","0","1","0","1","6","22","4","32"
"A00027159","Child Age 13","V4","2","0","2","0","2","0","0","3","0","2","0","0","2","2","2","2","3","0","1","0","0","1","2","3","2","6","5","13"
"A00034350","Child-Age 11","V1","3","0","1","0","3","0","0","3","0","2","0","0","3","3","2","3","3","0","3","1","0","0","1","3","3","5","0","8"
"A00058229","Child Age 15","V1","1","0","2","0","3","1","0","2","0","1","1","0","1","1","0","1","1","0","1","2","0","1","0","1","5","15","8","28"
"A00055262","Child Age 9-10","V1","3","0","0","0","2","0","0","2","0","2","1","0","2","2","2","3","2","0","2","1","1","1","2","1","6","10","3","19"
"A00057480","Child Age 9-10","V1","2","0","2","0","2","0","0","3","0","1","0","0","2","2","3","2","2","0","2","0","0","1","3","3","1","5","4","10"
"A00034350","Child Age 13","V4","3","0","2","0","3","0","0","3","0","1","0","0","3","3","2","3","3","0","3","1","0","0","1","2","2","5","0","7"
"A00056830","Child -Age 8","V1","1","0","0","0","1","0","0","3","0","0","0","0","1","1","3","3","3","0","3","0","0","0","2","3","0","8","4","12"
"A00056724","Child- Ages 9-10","V1","2","0","1","1","1","0","1","2","1","1","1","0","1","2","1","2","1","2","2","2","1","1","0","1","11","16","4","31"
"A00057809","Child Age 8","V1","1","0","3","0","3","0","0","0","0","0","0","0","1","1","3","3","3","0","1","0","0","0","3","3","3","2","6","11"
"A00055122","Child Age 15","V1","1","1","2","0","2","2","0","2","1","2","1","0","2","1","2","3","3","0","0","0","1","2","2","2","7","6","11","24"
"A00031629","Child - Age 15","V1","1","0","2","0","1","1","0","1","0","0","0","0","1","1","1","3","1","1","1","0","1","1","2","1","4","12","8","24"
"A00027167","Child Age 16-17","V4","2","0","2","0","3","0","0","3","0","2","0","0","2","2","2","2","3","0","1","0","0","1","2","2","2","6","5","13"
"A00057480","Child Age 9-10","V4","3","0","2","0","3","0","2","3","0","1","0","0","0","3","3","3","3","0","1","0","0","0","3","3","3","4","2","9"
"A00051691","Child Age 6","V4","1","0","2","1","2","0","2","1","1","1","1","0","1","2","2","2","1","1","2","1","1","1","1","1","11","12","5","28"
"A00040992","Child- Ages 9-10","V1","1","0","2","0","1","1","0","2","1","0","0","1","1","2","2","2","2","1","3","1","1","1","2","2","6","10","5","21"
"A00061410","ONE_DAY-Age 11","VA","3","0","2","0","2","0","1","3","1","3","0","0","1","3","2","2","3","0","2","1","0","1","1","3","6","8","2","16"
"A00038603","Child -Age 8","V1","2","0","2","0","3","0","0","3","0","1","0","0","1","3","3","3","2","2","1","1","0","0","2","3","4","5","3","12"
"A00066573","ONE_DAY-Age 7","VA","1","1","0","0","1","0","1","1","1","1","1","0","0","1","0","1","0","0","1","1","0","0","0","1","8","21","6","35"
"A00056920","Child Age 9-10","V1","2","0","1","1","1","1","1","2","1","1","1","0","0","2","1","2","1","1","3","2","1","1","1","1","10","16","4","30"
"A00058516","Child Age 9-10","V1","1","0","3","0","3","0","0","3","0","1","0","0","1","2","2","2","2","0","2","0","0","1","1","3","1","7","5","13"
"A00056138","Child Age 15","V4","","","","","","","","","","","","","","","","","","","","","","","","","","","",""
"A00065261","ONE_DAY-AGE 9-10","VA","3","0","2","0","3","0","0","3","0","1","0","0","1","2","3","2","3","0","2","0","0","0","2","3","1","5","2","8"
"A00054581","Child Age 9-10","V4","3","0","1","0","3","0","0","3","0","1","0","0","1","3","3","3","3","0","2","1","0","0","2","3","2","5","1","8"
"A00062009","ONE_DAY-Age 11","VA","1","2","2","0","1","0","0","2","0","0","1","0","1","2","0","2","1","0","1","2","1","0","0","1","7","16","5","28"
"A00055262","Child Age 9-10","V4","2","0","3","0","2","0","0","1","0","1","0","0","2","2","3","3","2","0","1","1","2","0","2","1","6","6","4","16"
"A00060280","Child Age 16-17","V1","1","0","3","0","2","1","0","1","0","1","0","1","1","0","3","1","1","0","0","0","1","1","2","1","5","10","10","25"
"A00043740","Child Age 15","V1","1","0","0","0","1","1","2","1","1","0","2","0","0","1","0","1","1","0","0","2","1","1","0","1","10","20","9","39"
"A00060265","Child Age 11","V1","3","0","2","0","1","0","0","3","0","1","0","0","1","3","2","3","2","0","2","1","3","0","1","2","5","10","1","16"
"A00043494","Child- Ages 9-10","V1","2","3","1","0","1","0","1","2","0","1","1","0","1","2","1","2","1","0","1","1","0","0","1","2","8","14","4","26"
"A00058004","Child Age 8","V1","3","0","0","0","2","0","0","3","0","0","0","0","2","2","3","3","3","0","2","0","0","0","3","3","0","5","2","7"
"A00055419","Child Age 15","V1","0","0","3","0","1","2","0","1","0","2","0","0","0","1","3","1","1","1","0","0","1","2","3","1","6","11","12","29"
"A00052182","Child Age 12","V1","2","2","1","0","3","0","1","2","0","1","1","0","1","2","1","2","2","0","3","2","1","0","0","1","9","13","2","24"
"A00050743","Child Age 15","V1","2","0","3","0","3","1","0","3","0","2","0","0","2","2","3","3","3","0","2","0","0","1","3","3","2","1","5","8"
"A00056138","Child Age 15","V4","","","","","","","","","","","","","","","","","","","","","","","","","","","",""
"A00035941","Child - Age 14","V1","2","0","0","0","3","0","0","2","0","1","0","0","2","2","3","2","3","0","1","0","0","0","2","1","2","8","4","14"
"A00054578","Child Age 9-10","V1","1","0","0","3","2","0","0","3","0","1","0","0","2","1","3","2","3","0","3","0","0","0","2","0","4","10","4","18"
"A00031881","Child Age 16-17","V4","3","0","3","0","2","0","0","2","0","1","0","0","2","2","2","2","3","0","1","0","2","0","2","2","4","6","3","13"
"A00055693","Child Age 8","V4","3","0","2","0","2","0","1","3","0","1","0","0","3","3","3","3","2","0","2","0","0","0","1","3","2","5","1","8"
"A00031410","Child- Ages 9-10","V1","1","0","1","0","2","0","0","2","0","1","0","0","3","2","3","3","3","0","2","0","0","0","2","3","2","4","4","10"
"A00059865","Child Age 14","V1","2","0","3","0","3","0","0","2","0","1","0","0","1","2","3","2","2","0","1","0","0","0","2","2","2","6","4","12"
"A00066784","ONE_DAY-AGE 12","VA","1","0","0","0","2","0","0","2","0","2","0","0","1","1","3","2","2","0","1","0","0","1","3","2","3","9","7","19"
"A00059427","Child Age 9-10","V1","2","1","1","0","3","0","0","2","1","1","1","0","1","3","1","3","2","0","3","1","0","0","1","2","6","10","1","17"
"A00040815","Child Age 9-10","V4","3","0","1","0","3","0","0","3","0","0","0","0","2","3","2","3","3","0","1","0","0","0","2","2","0","6","2","8"
"A00058003","Child Age 8","V1","1","0","0","0","3","0","1","3","0","0","1","0","1","2","1","3","2","0","3","3","0","0","1","2","5","11","3","19"
"A00035945","Child- Age 13","V1","1","0","1","0","1","0","1","2","0","1","1","0","1","2","1","3","1","0","1","1","0","1","1","1","5","14","6","25"
"A00037459","Child- Age 13","V1","1","0","1","0","1","0","1","1","1","1","1","0","1","1","1","1","2","0","1","1","0","1","1","1","7","15","7","29"
"A00054581","Child Age 9-10","V1","2","0","1","0","3","0","0","2","0","1","0","0","1","2","3","3","3","0","1","0","0","1","2","3","2","5","5","12"
"A00030981","Child - Age 14","V1","2","0","1","0","2","1","0","3","0","1","2","0","1","1","1","2","3","0","1","3","3","2","0","2","9","12","8","29"
"A00051691","Child Age 6","V1","2","1","0","2","1","0","1","1","1","0","0","0","0","2","0","1","0","2","3","1","1","1","0","1","11","21","3","35"
"A00055158","Child Age 13","V1","2","1","0","0","1","0","3","0","1","1","2","1","0","3","0","0","1","1","1","2","1","1","0","0","16","22","4","42"
"A00060100","Child Age 9-10","V1","2","1","3","2","1","2","2","1","1","1","1","1","1","1","1","1","1","1","2","1","1","1","1","1","14","14","7","35"
"A00055866","Child- Ages 9-10","V1","2","0","2","0","3","0","0","3","0","1","0","0","1","3","1","3","2","0","2","1","0","1","1","2","2","9","3","14"
"A00064418","ONE_DAY-Age 11","VA","1","0","3","0","3","0","0","3","0","1","0","0","2","1","3","3","3","0","3","0","0","1","3","3","1","1","5","7"
"A00035561","Child Age 12","V4","2","0","2","0","3","0","0","3","0","1","0","0","1","2","3","2","3","0","2","1","0","0","3","2","2","5","3","10"
"A00062353","ONE_DAY-Age 9-10","VA","2","0","2","0","2","0","0","2","0","0","0","0","2","2","3","3","3","0","2","0","0","0","2","2","1","5","3","9"
"A00040342","Child- Age 13","V1","1","0","2","0","2","0","1","2","0","1","1","0","1","1","1","1","1","0","1","1","0","1","1","1","5","14","7","26"
"A00052069","Child Age 9-10","V1","2","0","1","0","1","0","0","2","0","2","1","0","2","3","2","3","2","0","1","1","0","1","2","2","5","9","4","18"
"A00055116","Child - Age 15","V1","1","0","1","0","2","0","0","2","0","1","0","0","1","2","2","1","3","0","1","0","0","1","1","0","2","13","6","21"
"A00027439","Child Age 16-17","V4","2","0","3","0","2","0","0","3","0","1","0","0","2","2","2","2","3","0","2","1","0","0","2","3","2","5","3","10"
"A00062081","ONE_DAY-AGE 12","VA","2","1","2","1","2","0","1","2","0","1","1","0","1","3","1","2","2","1","2","1","0","0","1","1","8","12","2","22"
"A00061715","ONE_DAY-Age 16-17","VA","2","0","1","0","2","0","0","3","0","1","0","0","2","1","3","3","3","0","0","0","0","1","3","2","1","5","7","13"
"A00073286","ONE_DAY-AGE 7","VA","3","1","2","0","1","0","0","2","2","0","1","0","3","3","1","3","2","0","0","0","0","0","1","2","5","9","3","17"
"A00066860","ONE_DAY-Age 7","VA","3","0","1","0","3","0","0","2","0","1","1","0","1","2","1","2","2","0","2","1","0","0","1","2","4","11","2","17"
"A00050848","Child Age 16-17","V1","2","0","2","0","3","0","0","2","0","0","0","0","2","2","3","3","3","0","2","0","3","1","3","1","4","4","4","12"
"A00056022","Child- Ages 9-10","V1","3","0","3","0","3","0","1","3","0","0","0","0","2","2","2","2","3","0","3","1","0","1","1","3","2","5","2","9"
"A00035292","Child-Age 11","V1","2","1","2","1","2","1","1","2","0","1","0","0","1","2","3","2","3","0","2","0","0","1","3","3","5","5","5","15"
"A00061298","ONE_DAY-AGE 16-17","VA","0","0","3","0","2","1","0","2","0","2","0","1","1","0","2","1","1","0","0","0","0","1","1","2","4","11","11","26"
"A00052183","Child Age 16-17","V4","","","","","","","","","","","","","","","","","","","","","","","","","","","",""
"A00040798","Child Age 11","V4","2","0","2","0","2","0","0","3","0","2","0","0","1","2","1","3","2","0","2","0","0","0","1","2","2","10","3","15"
"A00035364","Child Age 14","V4","","","","","","","","","","","","","","","","","","","","","","","","","","","",""
"A00066580","ONE_DAY-AGE 9-10","VA","1","0","1","0","2","0","1","2","0","1","0","0","1","2","1","3","2","0","3","0","0","0","1","1","3","12","3","18"
"A00055462","Child Age 15","V1","1","0","0","0","2","0","0","3","0","1","0","1","0","1","2","1","2","0","2","1","0","2","1","1","3","15","7","25"
"A00053320","Child -Age 8","V1","3","0","2","0","3","1","0","2","0","1","0","0","2","2","3","3","3","0","2","0","0","1","3","1","2","4","4","10"
"A00056198","Child Age 9-10","V1","2","0","1","1","2","0","0","2","0","0","0","0","1","2","2","1","2","0","2","0","0","1","1","2","2","12","4","18"
"A00064505","ONE_DAY-AGE 15","VA","2","0","2","0","2","1","0","2","0","1","0","0","1","1","3","1","1","0","0","1","0","1","2","2","3","10","8","21"
"A00060664","Child-Age 12","V1","3","0","1","0","2","0","0","3","1","0","1","0","1","3","2","1","3","0","3","1","0","0","1","2","3","11","0","14"
"A00055693","Child -Age 8","V1","3","0","3","0","3","0","0","3","0","1","0","0","3","3","3","3","3","0","2","0","3","0","3","3","4","0","1","5"
"A00043240","Child - Age 15","V1","1","3","1","1","1","1","1","1","1","1","0","1","0","2","1","1","1","1","1","2","1","1","0","1","14","18","7","39"
"A00074034","ONE_DAY-AGE 9-10","VA","1","0","1","0","1","0","1","3","1","1","1","0","1","1","1","3","2","1","1","1","0","1","1","2","6","12","7","25"
"A00035940","Child Age 16-17","V4","0","0","2","0","2","1","0","2","0","1","0","0","1","2","2","2","3","0","1","0","0","2","2","2","2","8","9","19"
"A00055906","Child - Age 15","V1","1","3","1","0","1","0","1","2","0","0","0","0","1","0","0","2","2","0","1","1","0","1","1","1","6","15","8","29"
"A00052237","Child Age 16-17","V1","1","0","1","0","2","0","0","2","1","1","1","0","1","2","2","2","3","0","2","1","0","1","2","2","5","9","5","19"
"A00035827","Adult- Age 22-59","V1","2","0","2","0","2","0","0","2","0","0","0","0","2","2","2","2","2","0","2","0","2","0","2","2","3","8","3","14"
"A00056628","Child- Age 13","V1","0","0","3","1","2","0","1","2","1","0","1","0","0","1","0","1","2","1","1","2","0","3","1","1","8","14","10","32"
"A00055332","Child - Age 15","V1","3","0","3","0","2","0","0","2","0","1","0","0","3","2","3","3","3","0","2","0","0","1","3","2","2","2","3","7"
"A00055946","Child-Age 7 ","V1","1","0","3","0","3","0","0","3","0","2","0","0","2","1","3","3","3","0","1","0","0","0","3","3","2","1","6","9"
"A00057862","Child Age 9-10","V1","3","0","3","0","3","0","0","3","0","2","0","0","3","2","2","3","3","0","2","2","0","1","2","3","4","2","3","9"
"A00034073","Adolescent- Age  16-17","V1","1","0","2","0","3","1","0","1","0","1","0","0","1","1","3","2","1","0","1","0","0","1","3","1","3","8","8","19"
"A00062809","ONE_DAY-Age 15","VA","3","0","3","0","2","0","0","3","0","2","0","0","2","2","3","3","3","0","2","0","0","0","3","2","2","3","2","7"
"A00064596","ONE_DAY-AGE 12","VA","3","0","1","0","2","0","1","2","1","1","1","0","1","2","1","2","2","0","2","1","0","0","1","2","6","12","2","20"
"A00038706","Child- Age 13","V1","1","0","0","0","2","0","0","2","0","2","0","0","2","2","2","2","2","0","1","0","0","0","2","2","3","10","5","18"
"A00055765","Child- Ages 9-10","V1","3","2","1","0","1","0","2","1","2","0","1","0","2","2","1","1","1","1","2","1","1","1","1","1","12","15","3","30"
"A00035291","Child- Age 13","V1","3","0","2","0","3","0","0","3","0","2","0","0","2","3","2","2","2","0","2","0","0","0","1","1","2","9","1","12"
"A00055867","Child Age 15","V1","1","0","3","0","3","0","1","3","0","0","0","0","2","3","3","3","3","0","2","0","0","2","3","2","1","2","5","8"
"A00061883","ONE_DAY-AGE 14","VA","1","0","3","0","2","2","0","2","1","2","1","1","1","1","2","2","2","0","0","1","0","3","2","1","7","9","12","28"
"A00062144","ONE_DAY-Age 15","VA","2","1","1","1","1","1","0","1","0","1","1","1","0","1","1","3","3","1","2","1","1","1","1","1","10","13","6","29"
"A00065820","ONE_DAY-Age 9-10","VA","1","1","2","1","1","2","1","1","1","1","1","1","0","0","1","0","1","2","0","2","1","3","0","1","14","18","13","45"
"A00056746","Child Age 8","V1","3","0","1","0","3","0","0","2","0","1","1","0","3","3","2","2","2","0","3","1","0","0","1","1","4","9","0","13"
"A00039075","Adolescent- Age  16-17","V1","1","0","1","0","3","0","0","2","0","0","0","0","2","2","1","2","2","0","0","0","0","1","1","1","1","11","7","19"
