"","","","<u>When you rode a bicycle</u> during the past 12 months, how often did you wear a helmet?","How often do you wear a seat belt when <u>riding</u> in a car driven by someone else?","During the past 30 days, how many times did you <u>ride</u> in a car or other vehicle <u>driven by someone who had been drinking alcohol</u>?","During the past 30 days, how many times did you <u>drive</u> a car or other vehicle <u>when you had been drinking alcohol</u>?","During the past 30 days, on how many days did you carry <u>a weapon</u> such as a gun, knife, or club?","During the past 30 days, on how many days did you carry <u>a gun</u>?","During the past 30 days, on how many days did you carry a weapon such as a gun, knife, or club <u>on school property</u>?","During the past 30 days, on how many days did you <u>not</u> go to school because you felt you would be unsafe at school or on your way to or from school?","During the past 12 months, how many times has someone threatened or injured you with a weapon such as a gun, knife, or club <u>on school property</u>?","During the past 12 months, how many times were you in a physical fight?","During the past 12 months, how many times were you in a physical fight in which you were injured and had to be treated by a doctor or nurse?","During the past 12 months, how many times were you in a physical fight <u>on school property</u>?","During the past 12 months, did your boyfriend or girlfriend ever hit, slap, or physically hurt you on purpose?","Have you ever been physically forced to have sexual intercourse when you did not want to?","During the past 12 months, have you ever been bullied <u>on school property</u>?","During the past 12 months, have you ever been <u>electronically</u> bullied? (Include being bullied through e-mail, chat rooms, instant messaging, Web sites, or texting.)","During the past 12 months, did you ever feel so sad or hopeless almost every day for <u>two weeks or more in a row</u> that you stopped doing some usual activities?","During the past 12 months, did you ever <u>seriously</u> consider attempting suicide?","During the past 12 months, did you make a plan about how you would attempt suicide?","During the past 12 months, how many times did you actually attempt suicide?","<u> If you attempted suicide</u> during the past 12 months, did any attempt result in an injury, poisoning, or overdose that had to be treated by a doctor or nurse?","Have you ever tried cigarette smoking, even one or two puffs?","How old were you when you smoke a whole cigarette for the first time?","During the past 30 days, on how many days did you smoke cigarettes?","During the past 30 days, on  the days you smoked, how many cigarettes did you smoke <u>per day</u>?","During the past 30 days, how did you <u>usually</u> get your own cigarettes? (Select only <u>one</u> response.)","During the past 30 days, on how many days did you smoke cigarettes <u>on school property</u>?","Have you ever smoked cigarettes daily, that is, at least one cigarette every day for 30 days?","During the past 12 months, did you ever try <u>to quit</u> smoking cigarettes?","During the past 30 days, on how many days did you use <u>chewing tobacco, snuff, or dip,</u> such as Redman, Levi Garrett, Beechnut, Skoal, Skoal Bandits, or Copenhagen?","During the past 30 days, on how many days did you use <u>chewing tobacco, snuff, or dip on school property</u>?","During the past 30 days, on how many days did you smoke <u>cigars, cigarillos, or little cigars</u>?","During your life, on how many days have you had at least one drink of alcohol?","How old were you when you had your first drink of alcohol other than a few sips?","During the past 30 days, on how many days did you have at least one drink of alcohol?","During the past 30 days, on how many days did you have 5 or more drinks of alcohol in a row, that is, within a couple of hours?","During the past 30 days, how did you <u>usually</u> get the alcohol you drank?","During the past 30 days, on how many days did you have at least one drink of alcohol <u>on school property</u>?","During your life, how many times have you used marijuana?","How old were you when you tried marijuana for the first time?","During the past 30 days, how many times did you use marijuana?","During the past 30 days, how many times did you use marijuana <u>on school property</u>?","During your life, how many times have you used <u>any</u> form of cocaine, including powder, crack, or freebase?","During the past 30 days, how many times did you use <u>any</u> form of cocaine, including powder, crack, or freebase?","During your life, how many times have you sniffed glue, breathed the contents of aerosol spray cans, or inhaled any paints or sprays to get high?","During your life, how many times have you used <u>heroin</u> (also called smack, junk, or China White)?","During your life, how many times have you used <u>methamphetamines</u> (also called speed, crystal, crank, or ice)?","During your life, how many times have you used <u>ecstasy</u> (also called MDMA)?","During your life, how many times have you taken <u>steroid pills or shots</u> without a doctor's prescription?","During your life, how many times have you taken a <u>prescription drug</u> (such as OxyContin, Percocet, Vicodin, codeine, Adderall, Ritalin, or Xanax) without a doctor's prescription?","During you life, how many times have you used a needle to inject any <u>illegal</u> drug into your body?","During the past 12 months, has anyone offered, sold, or given you an illegal drug <u>on school property</u>?","Have you ever had sexual intercourse?","How old were you when you had sexual intercourse for the first time?","During your life, with how many people have you had sexual intercourse?","During the past 3 months, with how many people did you have sexual intercourse?","Did you drink alcohol or use drugs before you had sexual intercourse the <u>last time</u>?","The <u>last time</u> you had sexual intercourse, did you or your partner use a condom?","The <u>last time</u> you had sexual intercourse, what <u>one</u> method did you or your partner use to <u>prevent pregnancy</u>? (Select only <u>one</u> response.)","How do <u>you</u> describe your weight?","Which of the following are you trying to do about your weight?","During the past 30 days, did you <u>go without eating for 24 hours or more</u> (also called fasting) to lose weight or keep from gaining weight?","During the past 30 days, did you <u>take any diet pills, powders, or liquids</u> without a doctor's advice to lose weight or to keep from gaining weight? (Do <u>not</u> include meal replacement products such as Slim Fast)","During the past 30 days, did you <u>vomit or take laxatives</u> to lose weight or to keep from gaining weight?","During the past 7 days, how many times did you drink <u>100% fruit juices</u> such as orange juice, apple juice, or grape juice? (Do <u>not</u> count punch, Kool-Aid, sports drinks, or other fruit-flavored drinks.)","During the past 7 days, how many times did you eat <u>fruit</u>? (Do <u>not</u> count fruit juice.)","During the past 7 days, how many times did you eat <u>green salad</u>?","During the past 7 days, how many times did you eat <u>potatoes</u>? (Do <u>not</u> count french fries, fried potatoes, or potato chips.)","During the past 7 days, how many times did you eat <u>carrots</u>?","During the past 7 days, how many times did you eat <u>other vegetables</u>? (Do <u>not</u> count green salad, potatoes, or carrots.)","During the past 7 days, how many times did you drink a <u>can, bottle, or glass of soda or pop</u>, such as Coke, Pepsi, or Sprite? (Do <u>not</u> count diet soda or diet pop.)","During the past 7 days, on how many days were you physically active for a total of <u>at least 60 minutes per day</u>? (Add up all the time you spent in any kind of physical activity that increased your heart rate and made you breathe hard some of the time.)","On an average school day, how many hours do you watch TV?","On an average school day, how many hours do you play video or computer games or use a computer for something that is not school work? (Include activities such as Xbox, PlayStation, Nintendo DS, iPod touch, Facebook, and the Internet.)","In an average week when you are in school, on how many days do you go to physical education (PE) classes?","During the past 12 months, on how many sports teams did you play? (Count any teams run by your school or community groups.)","Have you ever been taught about AIDS or HIV infection in school?","Has a doctor or nurse ever told you that you have asthma?","Do you still have asthma?"
"Anonymized ID","Subject Type","Visit","YRBSHS_01","YRBSHS_02","YRBSHS_03","YRBSHS_04","YRBSHS_05","YRBSHS_06","YRBSHS_07","YRBSHS_08","YRBSHS_9","YRBSHS_10","YRBSHS_11","YRBSHS_12","YRBSHS_13","YRBSHS_14","YRBSHS_15","YRBSHS_16","YRBSHS_17","YRBSHS_18","YRBSHS_19","YRBSHS_20","YRBSHS_21","YRBSHS_22","YRBSHS_23","YRBSHS_24","YRBSHS_25","YRBSHS_26","YRBSHS_27","YRBSHS_28","YRBSHS_29","YRBSHS_30","YRBSHS_31","YRBSHS_32","YRBSHS_33","YRBSHS_34","YRBSHS_35","YRBSHS_36","YRBSHS_37","YRBSHS_38","YRBSHS_39","YRBSHS_40","YRBSHS_41","YRBSHS_42","YRBSHS_43","YRBSHS_44","YRBSHS_45","YRBSHS_46","YRBSHS_47","YRBSHS_48","YRBSHS_49","YRBSHS_50","YRBSHS_51","YRBSHS_52","YRBSHS_53","YRBSHS_54","YRBSHS_55","YRBSHS_56","YRBSHS_57","YRBSHS_58","YRBSHS_59","YRBSHS_60","YRBSHS_61","YRBSHS_62","YRBSHS_63","YRBSHS_64","YRBSHS_65","YRBSHS_66","YRBSHS_67","YRBSHS_68","YRBSHS_69","YRBSHS_70","YRBSHS_71","YRBSHS_72","YRBSHS_73","YRBSHS_74","YRBSHS_75","YRBSHS_76","YRBSHS_77","YRBSHS_78","YRBSHS_79"
"A00066572","ONE_DAY-AGE 14","VA","4","5","1","1","1","1","1","1","1","1","1","1","2","2","2","2","2","2","2","1","2","2","1","1","1","1","1","2","1","1","1","1","1","1","1","1","1","1","1","1","1","1","1","1","1","1","1","1","1","1","1","2","2","1","1","1","1","1","1","2","2","2","2","2","4","6","3","2","2","5","1","7","1","2","4","2","1","2","3"
"A00044084","Adolescent- Age  16-17","V2","1","5","1","1","1","1","1","1","1","1","1","1","2","2","2","2","2","2","2","1","2","2","1","1","1","1","1","2","1","1","1","1","1","1","1","1","1","1","1","1","1","1","1","1","1","1","1","1","1","1","1","2","2","1","1","1","1","1","1","3","3","2","2","2","1","5","2","2","2","3","1","3","1","1","2","2","1","1","2"
"A00040543","Adult-Age 18-21","V2","1","5","1","1","2","1","1","1","1","1","1","1","2","2","2","2","2","2","2","1","2","1","6","6","3","2","1","2","3","1","1","2","2","1","1","1","1","1","6","6","1","1","1","1","1","1","1","1","1","1","1","1","1","6","5","3","3","2","4","3","1","2","2","2","5","2","3","2","1","2","2","4","5","1","3","2","1","2","3"
"A00039686","Adult-Age 18-21","V2","6","5","1","1","1","1","1","1","1","1","1","1","2","2","2","2","2","2","2","1","2","1","6","7","4","2","1","1","3","1","1","1","5","7","2","1","2","1","3","6","1","1","1","1","1","1","1","1","1","1","1","2","1","8","5","3","3","2","4","4","4","2","2","2","1","1","1","1","1","1","2","2","5","5","1","1","3","2","3"
"A00035926","Adult-Age 18-21","V2","2","3","2","1","1","1","1","1","1","2","1","1","2","2","2","2","2","2","2","1","2","1","7","1","1","1","1","2","1","1","1","1","5","6","3","2","2","1","2","6","2","1","1","1","1","1","1","1","1","1","1","2","1","7","6","3","2","2","4","4","1","2","2","2","7","2","2","3","1","2","2","3","7","7","1","1","1","2","3"
"A00035377","Child - Age 15","V2","2","3","1","1","1","1","1","1","1","1","1","1","2","2","2","2","2","2","2","1","2","2","1","1","1","1","1","2","1","1","1","1","1","1","1","1","1","1","2","6","1","1","1","1","1","1","1","1","1","1","1","2","2","1","1","1","1","1","1","3","3","2","2","2","2","1","2","1","1","2","1","3","4","2","4","3","1","2","1"
"A00039159","Adult-Age 18-21","V2","5","5","1","1","1","1","1","1","1","1","1","1","2","2","2","2","2","2","2","1","2","1","7","1","1","1","1","2","3","1","1","2","6","6","5","1","6","1","3","6","1","1","1","1","1","1","1","1","1","1","1","2","2","1","1","1","1","1","1","4","1","2","2","2","1","5","2","1","3","5","1","6","4","1","3","2","1","2","1"
"A00062369","ONE_DAY-AGE 16-17","VA","1","3","1","1","1","1","1","1","1","1","1","1","2","2","2","2","2","2","2","1","2","2","1","1","1","1","1","2","3","1","1","1","1","1","1","1","1","1","1","1","1","1","1","1","1","1","1","1","1","1","1","2","2","1","1","1","1","1","1","4","1","1","1","2","5","2","2","2","2","1","1","2","2","1","5","1","1","1","2"
"A00062146","ONE_DAY-AGE 14","VA","6","5","1","1","1","1","1","1","1","1","1","1","2","2","2","2","2","2","2","1","2","2","1","1","1","1","1","2","1","1","1","1","1","1","1","1","1","1","1","1","1","1","1","1","1","1","1","1","1","1","1","2","2","1","1","1","1","1","1","3","4","2","2","2","1","2","1","1","1","2","1","3","1","1","4","3","3","2","1"
"A00053474","Adult-Age 18-21","V2","1","5","1","1","1","1","1","1","1","2","1","1","1","2","2","2","2","2","2","1","2","2","1","1","1","1","1","2","1","1","1","1","5","7","2","1","3","1","2","7","1","1","1","1","1","1","1","1","1","1","1","2","1","8","4","3","3","2","4","3","4","2","2","2","2","2","1","1","1","2","2","3","3","3","1","4","1","2","1"
"A00053546","Adult-Age 18-21","V2","1","5","1","1","1","1","1","1","1","1","1","1","2","2","2","2","2","2","2","1","2","1","7","1","1","1","1","2","3","1","1","1","6","7","1","1","1","1","7","6","1","1","1","1","1","1","1","1","1","2","1","1","1","7","7","4","3","3","6","2","2","2","2","2","2","1","1","1","1","1","1","2","3","2","5","3","1","2","1"
"A00044012","Adult-Age 18-21","V2","2","5","1","1","1","1","1","1","1","1","1","1","2","2","2","2","2","2","2","1","2","2","1","1","1","1","1","2","1","1","1","1","7","6","5","6","2","5","1","1","1","1","1","1","1","1","1","1","1","2","1","2","1","8","2","3","3","2","4","4","1","1","2","2","1","1","1","1","1","1","3","1","5","1","1","3","1","2","3"
"A00060629","ONE_DAY- Age 18-21","VA","1","1","3","1","1","1","1","1","1","1","1","1","2","2","2","2","2","2","2","1","2","1","3","1","1","1","1","2","1","1","1","1","7","5","3","1","5","1","7","4","6","1","6","1","1","1","1","5","1","3","1","2","1","3","7","5","2","3","2","2","2","2","2","2","1","2","1","1","1","1","2","1","7","7","1","1","1","1","3"
"A00043466","Adult-Age 18-21","V2","1","4","1","1","1","1","1","1","1","1","1","1","1","2","2","2","2","2","2","1","2","1","6","1","1","1","1","2","1","1","1","2","7","6","3","2","5","1","6","6","2","1","1","1","2","1","1","1","1","1","1","2","1","7","5","4","2","2","4","3","4","2","2","2","1","3","2","2","2","1","4","4","3","4","1","1","1","1","4"
"A00027439","Child Age 16-17","V4","2","5","1","1","1","1","1","1","1","1","1","1","2","2","2","2","2","2","2","1","2","2","1","1","1","1","1","2","3","1","1","1","1","1","1","1","1","1","1","5","5","1","1","1","1","1","1","1","1","1","1","2","1","6","3","2","3","2","8","3","3","2","2","2","1","1","1","4","4","6","7","8","2","4","4","4","1","2","1"
"A00038731","Adult-Age 18-21","V2","5","4","1","1","1","1","1","1","1","1","1","1","2","2","2","2","2","2","2","1","2","2","1","1","1","1","1","2","1","1","1","1","5","7","4","1","3","1","1","1","1","1","1","1","1","1","1","1","1","1","1","1","2","1","1","1","1","1","1","3","4","2","2","2","2","2","3","3","1","4","1","2","2","6","1","1","1","1","2"
"A00053578","Adult-Age 18-21","V2","1","5","1","1","1","1","1","1","1","1","1","1","2","1","2","2","2","2","2","1","2","2","1","1","1","1","1","2","1","1","1","1","1","7","1","1","1","1","1","1","1","1","1","1","1","1","1","1","1","1","1","2","1","4","7","4","3","2","4","2","2","2","2","2","6","2","1","1","1","2","1","2","1","1","1","3","1","2","1"
"A00032007","Adult-Age 18-21","V2","1","5","2","1","1","1","1","1","1","1","1","1","2","2","2","2","2","1","2","1","2","2","1","1","1","1","1","2","1","1","1","1","4","7","2","2","5","1","1","1","1","1","1","1","1","1","1","1","1","1","1","2","1","8","2","3","3","3","3","2","2","2","2","2","1","6","2","2","1","5","1","5","1","6","1","1","1","1","3"
"A00059990","ONE_DAY- Age 18-21","VA","2","5","2","1","4","1","3","1","3","4","1","2","2","2","2","2","2","2","1","1","2","2","1","1","1","1","1","2","1","1","1","1","3","7","2","1","5","1","2","6","1","1","1","1","1","1","1","1","1","1","1","1","1","3","7","5","3","2","4","3","3","1","2","2","2","6","2","2","1","3","5","8","1","7","4","3","1","1","4"
"A00061298","ONE_DAY-AGE 16-17","VA","1","5","1","1","1","1","1","1","1","1","1","1","2","2","2","2","2","2","2","1","2","2","1","1","1","1","1","2","1","1","1","1","1","1","1","1","1","1","1","1","1","1","1","1","1","1","1","1","1","1","1","2","2","1","1","1","1","1","1","4","4","2","2","2","2","1","2","1","1","1","1","5","5","6","4","2","1","2","1"
"A00056453","Adolescent- Age  16-17","V2","4","5","1","1","1","1","1","1","1","1","1","1","2","2","2","2","2","2","2","1","2","2","1","1","1","1","1","2","1","1","1","2","1","1","1","1","1","1","2","6","1","1","1","1","1","1","1","1","1","1","1","2","1","6","3","3","3","2","4","3","2","2","2","2","3","2","1","2","2","2","2","1","4","3","3","2","1","2","3"
"A00060280","Child Age 16-17","V2","2","5","1","1","1","1","1","1","1","1","1","1","2","2","2","2","2","2","2","1","2","1","6","2","3","5","1","2","3","1","1","1","4","6","2","1","5","1","5","5","3","1","1","1","1","1","1","1","1","1","1","2","2","1","1","1","1","1","1","4","4","2","2","2","1","2","2","1","1","2","2","6","5","4","4","3","1","2","1"
"A00056165","Child Age 14","V2","","","","","","","","","","","","","","","","","","","","","","","","","","","","","","","","","","","","","","","","","","","","","","","","","","","","","","","","","","","","","","","","","","","","","","","","","","","","","","",""
"A00034073","Adolescent- Age  16-17","V2","2","5","1","1","1","1","1","1","1","1","1","1","2","2","2","2","2","2","2","1","2","2","1","1","1","1","1","2","1","1","1","1","3","6","2","1","7","1","4","5","3","1","1","1","1","1","1","1","1","1","1","2","2","1","1","1","1","1","1","3","4","2","2","2","5","3","3","4","1","1","4","7","5","3","4","2","1","1","2"
"A00033714","Adolescent- Age  16-17","V2","2","4","1","1","4","1","1","1","1","3","1","1","2","2","2","2","2","2","2","1","2","1","5","1","1","1","1","2","2","1","1","2","3","5","1","1","1","1","1","1","1","1","1","1","1","1","1","1","1","1","1","2","2","1","1","1","1","1","1","3","1","2","2","2","5","4","2","2","2","2","2","5","3","3","4","2","1","2","1"
"A00028844","Adult-Age 18-21","V2","1","2","1","2","1","1","1","1","1","1","1","1","2","2","2","2","2","2","2","1","2","1","7","5","4","5","1","1","2","1","1","2","6","5","4","5","5","1","7","5","1","1","1","1","1","1","1","1","1","1","1","1","1","7","6","3","3","2","4","3","2","2","2","2","1","2","1","2","1","1","2","4","4","5","1","1","1","2","3"
"A00031881","Child Age 16-17","V4","1","5","1","1","1","1","1","1","1","1","1","1","2","2","2","2","2","2","2","1","2","2","1","1","1","1","1","2","1","1","1","2","1","1","1","1","1","1","1","1","1","1","1","1","1","1","1","1","1","1","1","2","1","7","2","2","3","2","4","4","4","2","2","2","1","1","2","1","1","2","2","1","4","3","5","2","1","1","3"
"A00031166","Adult-Age 18-21","V2","5","3","1","1","1","1","1","1","1","1","1","1","2","2","2","2","2","2","2","1","2","1","7","1","1","1","1","2","1","1","1","1","4","7","1","1","1","1","4","7","1","1","1","1","1","1","1","1","1","1","1","2","2","1","1","1","1","1","1","2","2","2","2","2","2","2","3","2","2","2","2","2","3","3","1","1","1","2","1"
"A00051690","Child - Age 15","V2","2","5","1","1","1","1","1","1","1","1","1","1","2","2","2","2","2","2","2","1","2","2","1","1","1","1","1","2","1","1","1","1","1","1","1","1","1","1","1","1","1","1","1","1","1","1","1","1","1","1","1","2","2","1","1","1","1","1","1","3","4","2","2","2","2","5","1","1","2","3","1","1","1","5","4","3","1","2","1"
"A00039943","Child - Age 15","V2","1","4","1","1","1","1","1","1","1","1","1","1","2","2","2","2","2","2","2","1","2","2","1","1","1","1","1","2","1","1","1","2","2","5","1","1","1","1","1","1","1","1","1","1","1","1","1","1","1","1","1","2","2","1","1","1","1","1","1","4","1","2","2","2","1","5","4","2","1","5","3","6","3","4","4","3","1","2","1"
"A00058229","Child Age 15","V2","6","5","1","1","1","1","1","1","1","1","1","1","2","2","1","1","2","2","2","1","2","2","1","1","1","1","1","2","1","1","1","1","3","1","1","1","1","1","1","1","1","1","1","1","1","1","1","1","1","1","1","2","2","1","1","1","1","1","1","4","1","2","2","2","3","2","1","2","2","3","2","2","1","4","4","1","3","2","1"
"A00061883","ONE_DAY-AGE 14","VA","4","3","1","1","1","1","1","1","1","1","1","1","2","2","2","2","2","2","2","1","2","2","1","1","1","1","1","2","1","1","1","1","1","1","1","1","1","1","1","1","1","1","1","1","1","1","1","1","1","1","1","2","2","1","1","1","1","1","1","3","4","2","2","2","3","3","1","2","3","2","1","3","4","3","3","2","1","2","1"
"A00057005","ENROLLED","V2","1","5","1","1","1","1","1","1","1","1","1","1","2","2","2","2","2","2","2","1","2","2","1","1","1","1","1","2","1","1","1","2","4","1","4","1","2","1","1","1","1","1","1","1","1","1","1","1","1","1","1","2","2","1","1","1","1","1","1","3","4","2","2","2","2","2","2","3","4","5","2","1","7","1","1","1","1","2","3"
"A00059865","Child Age 14","V2","5","5","1","1","1","1","1","1","1","1","1","1","2","2","2","2","2","2","2","1","2","2","1","1","1","1","1","2","3","1","1","1","1","1","1","1","1","1","1","1","1","1","1","1","1","1","1","1","1","1","1","2","2","1","1","1","1","1","1","3","3","2","2","2","1","2","2","1","1","2","1","6","3","4","4","1","1","2","3"
"A00028656","Adult-Age 18-21","V2","2","5","1","1","1","1","1","1","1","1","1","1","2","2","2","2","2","2","2","1","2","2","1","1","1","1","1","2","1","1","1","1","2","7","1","1","1","1","1","1","1","1","1","1","1","1","1","1","1","1","1","2","1","8","2","3","3","3","6","3","4","2","2","2","3","4","3","2","2","4","1","3","3","2","1","1","1","2","1"
"A00052502","Adult-Age 18-21","V2","6","5","1","1","1","1","1","1","1","2","1","1","2","2","2","2","2","2","2","1","2","1","1","1","1","1","1","2","1","1","1","1","4","6","2","1","7","1","2","7","2","1","1","1","1","1","1","1","1","1","1","2","1","8","3","2","2","3","6","2","2","2","2","2","3","2","1","1","1","2","2","4","4","2","1","1","1","1","2"
"A00057203","ENROLLED","V2","1","5","1","1","1","1","1","1","1","2","1","1","2","2","2","2","2","2","2","1","2","1","6","1","1","1","1","2","1","1","1","1","6","6","3","2","2","1","1","1","1","1","1","1","1","1","1","1","1","1","1","2","1","8","4","2","3","2","3","3","4","2","2","2","4","5","5","2","4","5","2","3","2","1","1","1","3","3","3"
"A00052183","Child Age 16-17","V4","2","5","1","1","1","1","1","1","1","1","1","1","2","2","2","2","2","2","2","1","2","1","1","1","1","1","1","2","1","1","1","1","6","7","5","5","5","3","3","7","1","1","1","1","1","1","1","1","1","1","1","2","1","7","4","4","2","2","4","2","4","2","2","2","2","2","2","2","1","3","1","1","3","5","1","1","1","2","1"
"A00040628","Adult-Age 18-21","V2","4","5","1","1","1","1","1","1","1","1","1","1","2","2","2","2","2","2","2","1","2","2","1","1","1","1","1","2","1","1","1","1","5","7","1","1","1","1","1","1","1","1","1","1","1","1","1","1","1","1","1","2","1","8","2","2","3","2","4","3","3","2","2","2","2","4","3","3","1","3","2","8","2","1","1","4","1","2","1"
"A00061727","ONE_DAY- Age 18-21","VA","1","5","1","1","1","1","1","1","1","1","1","1","1","1","2","2","1","2","2","1","2","2","1","1","1","1","1","2","1","1","1","1","6","4","2","2","6","1","5","6","2","1","1","1","1","1","1","1","1","1","1","2","1","6","4","3","3","3","5","3","4","2","2","2","1","1","1","1","1","2","2","5","5","1","1","1","1","1","4"
"A00051727","Child Age 15","V2","1","4","1","1","1","1","1","1","1","1","1","1","2","2","2","2","2","2","2","1","2","1","5","1","1","1","1","2","1","1","1","2","3","5","2","1","6","1","7","5","5","1","1","1","1","1","1","1","1","1","1","2","1","5","3","3","3","3","3","3","1","2","2","2","1","6","4","2","1","2","1","5","4","1","4","1","1","2","1"
"A00038605","Adult-Age 18-21","V2","1","4","1","1","1","1","1","1","1","1","1","1","2","2","2","2","2","2","2","1","2","2","1","1","1","1","1","2","1","1","1","1","1","1","1","1","1","1","1","1","1","1","1","1","1","1","1","1","1","1","1","2","2","1","1","1","1","1","1","3","1","2","2","2","2","1","2","1","1","2","2","2","2","5","1","1","1","2","1"
"A00037531","Adult-Age 18-21","V2","1","5","1","1","5","1","1","1","1","2","1","1","2","2","2","1","2","2","2","1","2","1","3","7","4","2","1","1","3","1","1","1","3","6","1","1","1","1","7","6","2","1","1","1","1","1","1","1","1","2","1","1","1","7","5","3","3","2","4","3","3","2","2","2","1","4","2","1","1","2","7","8","3","4","4","1","1","2","3"
"A00060472","Child Age 16-17","V2","6","5","1","1","1","1","1","1","1","1","1","1","2","2","2","2","2","2","2","1","2","2","1","1","1","1","1","2","1","1","1","1","1","1","1","1","1","1","1","1","1","1","1","1","1","1","1","1","1","1","1","2","2","1","1","1","1","1","1","3","1","2","2","2","3","2","1","1","1","1","2","4","4","3","3","1","1","1","4"
"A00031219","Adolescent- Age  16-17","V2","5","5","1","1","2","1","1","1","1","1","1","1","2","2","1","2","2","2","2","1","2","1","1","1","1","1","1","2","1","1","1","1","2","7","2","1","6","1","6","6","6","1","1","1","1","1","1","1","1","1","1","2","1","5","2","3","2","3","3","3","4","2","2","2","6","5","2","2","2","2","2","2","1","4","4","1","1","2","4"
"A00062983","ONE_DAY-Age 16-17","VA","1","5","1","1","3","1","1","1","1","1","1","1","2","2","2","2","2","2","2","1","2","2","1","1","1","1","1","2","1","1","1","1","3","6","1","1","1","1","1","1","1","1","1","1","1","1","1","1","1","1","1","2","2","1","1","1","1","1","1","4","1","2","2","2","3","4","3","2","2","5","3","2","1","3","4","1","1","2","1"
"A00053390","Child Age 14","V2","2","5","1","1","1","1","1","1","1","2","1","1","2","2","2","2","2","2","2","1","2","2","1","1","1","1","1","2","1","1","1","1","1","1","1","1","1","1","1","1","1","1","1","1","1","1","1","1","1","1","1","2","2","1","1","1","1","1","1","2","2","2","2","2","3","2","2","2","1","3","2","1","2","1","3","3","2","2","1"
"A00055332","Child - Age 15","V2","6","5","1","1","1","1","1","1","1","1","1","1","2","2","2","2","2","2","2","1","2","2","1","1","1","1","1","2","1","1","1","1","1","1","1","1","1","1","1","1","1","1","1","1","1","1","1","1","1","1","1","2","2","1","1","1","1","1","1","3","4","2","2","2","2","2","3","1","2","5","1","1","1","2","2","1","1","2","3"
"A00054173","Adult-Age 18-21","V2","6","5","1","1","1","1","1","1","1","1","1","1","2","2","2","2","1","2","2","1","2","1","6","1","1","1","1","1","1","1","1","1","6","5","2","2","6","1","6","6","1","1","1","1","1","1","1","1","1","1","1","2","1","7","7","3","2","2","4","4","1","2","2","2","1","2","2","2","2","4","1","3","1","1","1","1","1","1","4"
"A00028766","Adult-Age 18-21","V2","2","5","1","1","1","1","1","1","1","3","1","1","2","2","2","2","2","2","2","1","2","1","1","1","1","1","1","2","1","1","1","1","7","7","4","4","2","1","1","1","1","1","1","1","1","1","1","1","1","1","1","2","1","7","6","3","3","2","4","2","2","2","2","2","5","5","5","4","4","4","2","7","2","4","1","3","2","2","1"
"A00031217","Adult-Age 18-21","V2","6","5","1","1","3","1","1","1","1","3","1","1","1","2","2","2","2","2","2","1","2","2","1","1","1","1","1","2","1","1","1","1","2","6","1","1","1","1","1","1","1","1","1","1","1","1","1","1","1","1","1","2","1","7","3","3","3","2","4","4","1","2","1","2","2","3","2","1","2","3","2","7","4","4","4","4","1","3","4"
"A00027439","Child - Age 15","V2","2","5","1","1","1","1","1","1","1","1","1","1","2","2","1","2","2","2","2","1","2","1","6","1","1","1","1","2","2","1","1","2","1","6","2","1","6","2","4","6","3","1","1","1","1","1","1","1","1","1","1","2","2","1","1","1","3","3","1","4","2","2","2","2","3","4","1","3","3","4","2","8","4","3","4","4","1","2","1"
"A00043462","Adult-Age 18-21","V2","2","3","1","1","1","1","1","1","1","1","1","1","2","2","2","2","2","2","2","1","2","1","7","1","1","1","1","2","1","1","1","1","5","3","2","2","2","1","5","7","1","1","1","1","1","1","1","1","1","1","1","2","1","8","5","3","3","2","4","4","1","2","2","2","2","7","3","3","3","5","3","3","1","1","1","2","1","2","1"
"A00035960","Adult-Age 18-21","V2","6","5","1","1","1","1","1","1","1","1","1","1","2","2","2","2","2","2","2","1","2","2","1","1","1","1","1","2","1","1","1","1","6","6","3","2","2","1","2","7","1","1","1","1","1","1","1","1","1","1","1","2","2","1","1","1","1","1","1","3","1","2","2","2","2","4","2","2","1","3","1","3","3","6","1","1","1","2","1"
"A00057406","ENROLLED","V2","4","5","1","1","1","1","1","1","1","1","1","1","2","2","2","2","2","2","2","1","2","1","7","1","1","1","1","2","1","1","1","1","1","1","1","1","1","1","1","7","2","1","1","1","1","1","1","1","1","1","1","2","1","3","7","3","3","3","6","4","3","2","2","2","5","3","1","3","1","1","2","3","2","7","1","1","1","1","2"
"A00027443","Child - Age 15","V2","4","4","1","1","1","1","1","1","1","1","1","1","2","2","2","2","2","2","2","1","2","2","1","1","1","1","1","2","1","1","1","2","1","1","1","1","1","1","1","1","1","1","1","1","1","1","1","1","1","1","1","2","2","1","1","1","1","1","1","3","4","2","2","2","3","2","2","2","1","3","2","5","2","3","3","4","1","1","3"
"A00033714","Child Age 16-17","V5","2","4","1","1","1","1","1","1","1","2","1","1","2","2","2","2","2","2","2","1","2","1","5","5","4","2","4","2","2","1","1","2","6","5","3","3","2","1","7","5","4","1","1","1","1","1","1","1","1","2","1","2","1","8","2","3","3","2","3","3","4","2","2","2","3","2","1","2","1","2","2","3","1","3","1","1","1","2","1"
"A00043240","Child - Age 15","V2","5","5","1","1","1","1","1","1","1","1","1","1","2","2","2","2","2","2","2","1","2","2","1","1","1","1","1","2","1","1","1","1","2","1","1","1","1","1","1","1","1","1","1","1","1","1","1","1","1","1","1","2","2","1","1","1","1","1","1","3","4","2","2","2","2","4","2","1","1","4","2","3","5","5","3","1","1","3","4"
"A00058537","Child Age 14","V2","5","5","1","1","1","1","1","1","1","1","1","1","2","2","2","2","1","2","2","1","2","2","1","1","1","1","1","2","3","1","1","1","1","1","1","1","1","1","1","1","1","1","1","1","1","1","1","1","1","1","1","2","2","1","1","1","1","1","1","3","4","2","2","2","1","1","1","1","1","1","2","1","5","7","1","1","3","2","1"
"A00058685","Child Age 16-17","V2","2","5","1","1","1","1","1","1","1","1","1","1","2","2","2","2","2","2","2","1","2","2","1","1","1","1","1","2","1","1","1","1","1","1","1","1","1","1","7","6","4","1","1","1","1","1","1","1","1","1","1","2","1","7","6","4","3","2","4","3","2","2","2","2","2","1","1","2","1","1","3","8","2","5","4","4","1","3","4"
"A00063450","ONE_DAY- Age 18-21","VA","6","5","1","1","1","1","1","1","1","1","1","1","2","2","2","2","2","2","2","1","2","2","1","1","1","1","1","2","1","1","1","2","5","6","3","1","5","2","2","7","1","1","1","1","1","1","1","1","1","1","1","2","1","8","2","2","3","2","3","3","4","2","2","2","2","4","5","2","1","3","1","4","2","4","1","1","1","1","2"
"A00040915","Adult-Age 18-21","V2","1","5","1","1","1","1","1","1","1","1","1","1","2","2","2","2","2","2","2","1","2","1","5","3","2","8","1","2","3","1","1","1","7","6","3","1","2","1","6","7","4","1","1","1","1","1","1","1","1","1","1","2","2","1","1","1","1","1","1","3","3","2","2","2","2","1","1","2","1","1","3","1","7","7","1","1","2","2","1"
"A00061923","ONE_DAY-AGE 16-17","VA","3","5","1","1","1","1","1","1","1","1","1","1","2","2","2","2","2","2","2","1","2","2","1","1","1","1","1","2","1","1","1","1","2","6","2","1","8","1","1","1","1","1","1","1","1","1","1","1","1","1","1","2","2","1","1","1","1","1","1","4","1","2","2","2","1","4","4","2","2","3","1","8","1","1","3","2","2","2","1"
"A00064505","ONE_DAY-AGE 15","VA","3","5","1","1","4","1","1","1","1","1","1","1","2","2","2","2","2","2","2","1","2","2","1","1","1","1","1","2","1","4","1","1","4","5","2","1","6","1","1","1","1","1","1","1","1","1","1","1","1","1","1","2","2","1","1","1","1","1","1","4","1","2","2","2","2","2","2","1","1","2","2","5","4","4","4","3","1","2","1"
"A00037877","Adult-Age 18-21","V2","3","4","1","1","1","1","1","1","1","1","1","1","2","2","2","2","2","2","2","1","2","1","7","2","2","5","1","2","3","1","1","1","5","7","2","2","5","1","4","7","3","2","1","1","1","1","1","1","1","1","1","1","1","7","2","3","3","3","3","3","1","2","2","2","2","5","1","2","2","3","2","5","2","6","2","3","2","2","1"
"A00061881","ONE_DAY- Age 18-21","VA","4","5","1","1","3","1","1","1","1","6","2","4","2","2","2","2","2","2","2","1","2","2","1","1","1","1","1","2","1","1","1","2","5","7","3","1","4","1","1","1","1","1","1","1","1","1","1","1","1","1","1","2","2","1","1","1","1","1","1","4","4","2","2","2","3","2","2","2","1","4","1","3","4","6","1","1","1","1","2"
"A00055462","Child Age 15","V2","1","5","1","1","1","1","1","1","1","1","1","1","2","2","2","2","2","2","2","1","2","2","1","1","1","1","1","2","1","1","1","1","1","1","1","1","1","1","1","1","1","1","1","1","1","1","1","1","1","1","1","2","2","1","1","1","1","1","1","3","4","2","2","2","1","6","1","2","2","5","5","8","3","3","4","4","1","2","4"
"A00051064","Adult-Age 18-21","V2","3","5","1","1","1","1","1","1","1","1","1","1","2","2","2","2","2","2","2","1","2","2","1","1","1","1","1","2","1","1","1","2","4","7","2","1","3","1","4","6","2","1","1","1","1","1","1","1","1","1","1","1","1","8","2","3","3","2","4","3","1","2","2","2","2","3","2","1","1","3","1","5","1","3","1","1","1","1","3"
"A00028287","Adult-Age 18-21","V2","6","5","1","1","1","1","1","1","1","1","1","1","2","2","2","2","1","2","2","1","2","2","1","1","1","1","1","2","1","1","1","1","1","1","1","1","1","1","1","1","1","1","1","1","1","1","1","1","1","1","1","2","2","1","1","1","1","1","1","3","1","2","2","2","2","5","5","5","1","4","5","2","1","4","1","1","1","2","3"
"A00062809","ONE_DAY-Age 15","VA","1","5","1","1","1","1","1","1","1","1","1","1","2","2","2","2","2","2","2","1","2","2","1","1","1","1","1","2","1","1","1","1","1","1","1","1","1","1","1","1","1","1","1","1","1","1","1","1","1","1","1","2","2","1","1","1","1","1","1","3","4","2","2","2","1","1","1","2","2","2","2","4","5","5","3","2","1","1","2"
"A00054533","Adult-Age 18-21","V2","1","4","1","1","1","1","1","1","1","1","1","1","2","2","2","2","2","2","2","1","2","2","1","1","1","1","1","2","1","1","1","1","1","1","1","1","1","1","1","1","1","1","1","1","1","1","1","1","1","1","1","2","2","1","1","1","1","1","1","3","4","2","2","2","1","2","2","1","2","2","1","1","2","2","1","1","1","2","1"
"A00043282","Adolescent- Age  16-17","V2","2","5","1","1","1","1","1","1","1","1","1","1","2","2","2","2","2","2","2","1","2","2","1","1","1","1","1","2","1","1","1","1","2","1","1","1","1","1","1","1","1","1","1","1","1","1","1","1","1","1","1","2","2","1","1","1","1","1","1","3","1","2","2","2","3","3","3","1","1","1","2","5","4","1","2","3","1","2","3"
"A00034350","Child Age 13","V5","5","5","1","1","1","1","1","1","1","1","1","1","2","2","2","2","2","2","2","1","2","2","1","1","1","1","1","2","1","1","1","1","2","1","1","1","1","1","1","1","1","1","1","1","1","1","1","1","1","1","1","2","2","1","1","1","1","1","1","3","4","2","2","2","2","3","1","2","1","1","2","3","5","7","2","1","2","1","3"
"A00038285","Adult-Age 18-21","V2","1","5","2","2","1","1","1","1","1","1","1","1","2","2","2","2","2","2","2","1","2","2","1","1","1","1","1","2","1","1","1","1","5","6","4","5","5","1","4","7","1","1","1","1","1","1","1","1","1","3","1","2","1","4","7","5","2","2","4","4","1","2","1","1","2","3","2","1","1","3","1","8","4","2","3","1","1","3","3"
"A00033180","Adult-Age 18-21","V2","2","4","3","1","3","1","1","1","1","1","1","1","2","2","2","2","1","2","2","1","2","1","6","2","3","7","1","2","3","1","1","1","6","5","3","1","6","1","3","7","1","1","1","1","2","1","1","1","1","2","1","1","2","1","1","1","1","1","1","3","4","2","2","2","2","3","1","1","1","5","2","2","4","5","2","2","1","2","1"
"A00043788","Child Age 13","V4","2","5","1","1","1","1","1","1","1","1","1","1","2","2","2","2","2","2","2","1","2","2","1","1","1","1","1","2","1","1","1","1","2","5","1","1","1","1","1","1","1","1","1","1","1","1","1","1","1","1","1","2","1","5","2","2","3","2","4","3","4","2","2","2","3","3","3","3","2","4","4","8","2","1","4","3","1","1","2"
"A00055867","Child Age 15","V2","5","5","1","1","1","1","1","1","1","1","1","1","2","2","2","2","2","2","2","1","2","2","1","1","1","1","1","2","1","1","1","1","1","1","1","1","1","1","1","1","1","1","1","1","1","1","1","1","1","1","1","2","2","1","1","1","1","1","1","2","4","2","2","2","2","5","1","2","4","4","2","8","2","3","4","4","1","2","1"
"A00065802","ONE_DAY-Age 15","VA","6","5","1","1","1","1","1","1","1","1","1","1","2","2","2","2","2","2","2","1","2","2","1","1","1","1","1","2","1","1","1","1","2","1","2","1","6","1","1","1","1","1","1","1","1","1","1","1","1","1","1","2","2","1","1","1","1","1","1","4","4","2","2","2","2","2","1","2","2","2","1","7","1","4","4","4","1","2","1"
"A00035945","Child Age 14","V4","2","4","1","1","1","1","1","1","1","1","1","1","2","2","2","2","2","2","2","1","2","2","1","1","1","1","1","2","1","1","1","1","1","1","1","1","1","1","1","1","1","1","1","1","1","1","1","1","1","1","1","2","2","1","1","1","1","1","1","3","4","2","2","2","3","1","2","1","2","3","3","5","7","4","3","2","1","1","3"
"A00056138","Child Age 15","V2","4","5","1","1","1","1","1","1","1","3","1","3","2","2","2","2","2","2","2","1","2","2","1","1","1","1","1","2","1","1","1","1","1","5","1","1","1","1","1","1","1","1","1","1","1","1","1","1","1","1","1","2","2","1","1","1","1","1","1","4","4","2","2","2","2","4","2","2","2","4","2","6","2","1","6","3","1","2","1"
"A00035292","Child Age 12","V5","1","5","1","1","1","1","1","1","1","1","1","1","2","2","2","2","2","2","2","1","2","2","1","1","1","1","1","2","1","1","1","1","1","1","1","1","1","1","1","1","1","1","1","1","1","1","1","1","1","1","1","2","2","1","1","1","1","1","1","3","4","2","2","2","6","2","1","1","2","3","2","1","1","4","4","2","1","1","3"
"A00044171","Adult-Age 18-21","V2","6","5","1","1","1","1","1","1","1","1","1","1","1","1","2","2","2","2","2","1","2","2","1","1","1","1","1","2","1","1","1","1","3","7","1","1","1","1","1","1","1","1","1","1","1","1","1","1","1","1","1","2","1","7","2","3","3","3","3","3","4","2","2","2","2","2","2","2","2","2","1","6","3","1","4","3","2","2","3"
"A00052237","Child Age 16-17","V4","1","5","1","1","1","1","1","1","1","1","1","1","2","1","2","2","2","2","2","1","2","2","1","1","1","1","1","2","1","1","1","1","2","1","3","1","6","1","1","1","1","1","1","1","1","1","1","1","1","1","1","2","1","8","3","2","3","2","3","2","3","2","2","2","2","1","1","2","2","1","2","2","7","7","2","1","1","1","4"
"A00060628","ONE_DAY- Age 18-21","VA","2","2","1","1","1","1","1","1","1","2","1","1","1","2","2","2","1","2","2","1","2","1","4","7","3","2","1","1","2","1","1","1","3","4","2","1","8","1","7","5","3","1","2","2","1","1","1","2","1","3","1","2","1","4","7","4","3","3","6","3","3","2","2","2","2","5","2","1","2","2","1","5","1","1","1","1","1","2","3"
"A00055267","Child Age 13","V4","6","3","1","1","1","1","1","1","1","1","1","1","2","2","2","2","2","2","2","1","2","2","1","1","1","1","1","2","1","1","1","1","1","1","1","1","1","1","1","1","1","1","1","1","1","1","1","1","1","1","1","2","2","1","1","1","1","1","1","4","1","2","2","2","1","2","2","1","2","5","2","3","1","4","3","1","1","2","1"
"A00030981","Child - Age 14","V2","2","5","1","1","1","1","1","1","1","1","1","1","2","2","2","2","2","2","2","1","2","2","1","1","1","1","1","2","1","1","1","1","3","1","1","1","1","1","1","1","1","1","1","1","1","1","1","1","1","1","1","2","2","1","1","1","1","1","1","1","1","2","2","2","6","3","2","2","1","5","1","2","3","5","4","2","1","1","2"
"A00037476","Adult-Age 18-21","V2","1","5","1","1","1","1","1","1","1","1","1","1","2","2","2","2","2","2","2","1","2","1","7","1","1","1","1","2","3","1","1","1","6","6","2","1","6","1","7","6","2","1","1","1","1","1","1","1","1","5","1","2","1","8","2","3","3","3","6","3","2","2","2","2","2","3","2","3","1","3","3","5","3","5","1","1","1","2","3"
"A00033248","Adult-Age 18-21","V2","1","5","4","1","1","1","1","1","1","1","1","1","2","2","2","2","2","2","2","1","2","2","1","1","1","1","1","2","1","1","1","1","2","7","2","1","1","1","1","1","1","1","1","1","1","1","1","1","1","1","1","1","1","6","7","7","3","2","4","3","3","2","2","2","5","5","5","4","1","3","1","1","1","1","4","4","1","1","2"
"A00053744","Child Age 16-17","V2","2","4","1","1","1","1","1","1","1","1","1","1","2","2","2","2","2","2","2","1","2","2","1","1","1","1","1","2","1","1","1","1","1","1","1","1","1","1","1","1","1","1","1","1","1","1","1","1","1","1","1","2","2","1","1","1","1","1","1","3","4","2","2","2","2","3","2","1","2","4","2","1","4","2","4","1","1","2","1"
"A00039075","Adolescent- Age  16-17","V2","3","4","1","1","1","1","1","1","1","1","1","1","2","2","2","2","2","2","2","1","2","2","1","1","1","1","1","2","1","1","1","1","1","1","1","1","1","1","1","1","1","1","1","1","1","1","1","1","1","1","1","2","2","1","1","1","1","1","1","5","4","2","2","2","5","3","1","2","1","2","2","6","2","6","4","2","1","2","1"
"A00037387","Adult-Age 18-21","V2","2","2","1","1","1","1","1","1","1","1","1","1","2","2","2","2","2","2","2","1","2","2","1","1","1","1","1","2","1","1","1","2","1","1","1","1","1","1","6","6","3","1","1","1","1","1","1","1","1","1","1","2","2","1","1","1","1","1","1","2","2","2","2","2","3","5","2","2","1","3","2","2","3","5","1","1","1","2","1"
"A00051477","Adult-Age 18-21","V2","2","5","3","3","1","1","1","1","1","1","1","1","2","2","2","2","2","2","2","1","2","1","1","1","1","1","1","2","1","1","1","1","7","6","4","2","2","2","6","6","4","2","1","1","1","1","1","1","1","2","1","2","1","8","7","6","2","3","2","1","2","2","2","2","6","1","2","1","1","2","2","2","1","7","1","1","1","1","3"
"A00052461","Child Age 14","V4","6","5","1","1","1","1","1","1","1","1","1","1","2","2","2","2","2","2","2","1","2","2","1","1","1","1","1","2","1","1","1","1","1","1","1","1","1","1","1","1","1","1","1","1","1","1","1","1","1","1","1","2","2","1","1","1","1","1","1","3","4","2","2","2","2","3","2","1","3","2","3","4","4","3","4","2","1","2","3"
"A00052614","Adolescent- Age  16-17","V2","4","5","1","1","1","1","1","1","1","1","1","1","2","2","2","2","2","2","2","1","2","2","1","1","1","1","1","2","1","1","1","1","2","6","1","1","1","1","1","1","1","1","1","1","1","1","1","1","1","1","1","2","2","1","1","1","1","1","1","3","4","2","2","2","1","1","1","1","2","1","1","1","2","4","3","1","1","2","1"
"A00066582","ONE_DAY-AGE 14","VA","6","5","1","1","1","1","1","1","1","1","1","1","2","2","2","2","2","2","2","1","2","2","1","1","1","1","1","2","1","1","1","1","1","1","1","1","1","1","1","1","1","1","1","1","1","1","1","1","1","1","1","2","2","1","1","1","1","1","1","3","1","2","2","2","4","3","1","1","2","2","1","2","2","2","6","2","2","2","1"
"A00038718","Adult-Age 18-21","V2","4","4","2","1","1","1","1","1","1","1","1","1","2","2","2","2","2","2","2","1","2","1","4","3","4","2","1","1","2","4","2","1","3","7","3","4","3","1","1","7","1","1","1","1","1","1","1","1","1","1","1","2","1","8","5","3","2","3","3","3","3","2","2","2","1","3","2","2","2","2","1","8","3","2","4","1","1","2","1"
"A00063383","ONE_DAY-AGE 16-17","VA","2","5","1","1","1","1","1","1","1","1","1","1","2","2","2","2","2","2","2","1","2","2","1","1","1","1","1","2","1","1","1","1","7","6","3","4","5","1","1","1","1","1","1","1","1","1","1","1","1","1","1","2","1","6","2","3","3","3","3","4","1","2","2","2","1","3","2","1","2","4","2","1","5","5","4","1","1","2","1"
"A00051726","Adult-Age 18-21","V2","2","5","2","2","5","1","2","1","1","2","1","1","2","2","2","2","1","1","2","1","2","1","5","1","1","1","1","2","3","1","1","5","3","5","2","1","5","1","7","5","6","1","1","1","2","1","1","1","1","3","1","2","2","1","1","1","1","1","1","3","3","2","2","2","2","3","2","2","1","2","3","6","4","5","1","1","1","1","4"
"A00033714","Child Age 16-17","V4","2","4","1","1","1","1","1","1","1","1","1","1","2","2","2","2","2","2","2","1","2","1","6","1","1","1","1","2","3","1","1","1","2","6","1","1","1","1","2","6","1","1","1","1","1","1","1","1","1","1","1","2","2","1","1","1","1","1","1","3","4","2","2","2","2","2","1","2","2","2","2","4","3","3","4","1","1","2","1"
"A00052197","Adult-Age 18-21","V2","2","5","1","1","2","1","1","1","1","1","1","1","1","2","2","2","2","2","2","1","2","2","1","1","1","1","1","2","1","1","1","1","3","7","2","2","8","1","1","1","1","1","1","1","1","1","1","1","1","1","1","2","1","8","2","3","3","2","3","4","1","2","2","2","5","2","1","1","1","2","2","1","2","1","4","1","1","2","1"
"A00054534","Adult-Age 18-21","V2","3","5","1","1","1","1","1","1","1","1","1","1","2","2","2","2","2","2","2","1","2","2","1","1","1","1","1","2","1","1","1","1","3","6","1","1","1","1","1","1","1","1","1","1","1","1","1","1","1","1","1","2","2","1","1","1","1","1","1","4","1","2","2","2","1","2","3","2","2","4","2","1","1","2","1","1","1","2","1"
"A00051514","Adult-Age 18-21","V2","2","5","2","2","1","1","1","1","1","1","1","1","2","2","2","2","2","2","2","1","2","2","1","1","1","1","1","2","1","1","1","1","7","7","5","6","2","1","1","1","1","1","1","1","1","1","1","1","1","1","1","2","1","6","2","3","3","3","3","3","1","2","2","2","2","2","2","1","1","2","2","5","2","5","5","1","1","2","1"
"A00054206","Child Age 14","V4","1","5","1","1","3","1","1","1","1","1","1","1","2","2","2","2","2","2","2","1","2","2","1","1","1","1","1","2","1","1","1","2","1","2","1","1","1","1","1","1","1","1","1","1","1","1","1","1","1","1","1","2","2","1","1","1","1","1","1","4","1","2","2","2","2","2","4","2","3","2","2","4","4","5","4","2","1","1","4"
"A00038158","Adult-Age 18-21","V2","2","5","1","1","1","1","1","1","1","4","1","1","2","1","2","2","2","2","2","1","2","1","6","1","1","1","1","2","1","1","1","2","7","6","1","1","1","1","1","1","1","1","1","1","1","1","1","1","1","1","1","2","1","4","7","3","3","2","4","3","3","2","2","2","1","4","1","1","1","7","1","8","1","1","4","1","1","2","1"
"A00035940","Adolescent- Age  16-17","V2","6","4","1","1","1","1","1","1","1","1","1","1","2","2","2","2","2","2","2","1","2","2","1","1","1","1","1","2","1","1","1","1","1","1","1","1","1","1","1","1","1","1","1","1","1","1","1","1","1","1","1","2","2","1","1","1","1","1","1","3","4","2","2","2","2","1","3","2","4","4","3","2","2","6","6","2","1","2","3"
"A00056605","Child Age 14","V2","3","4","1","1","1","1","1","1","1","1","1","1","2","2","2","2","2","2","2","1","2","2","1","1","1","1","1","2","1","1","1","1","1","1","1","1","1","1","1","1","1","1","1","1","1","1","1","1","1","1","1","2","2","1","1","1","1","1","1","3","3","2","2","2","2","5","2","1","1","4","1","6","3","4","4","3","1","2","1"
"A00050848","Child Age 16-17","V2","2","5","1","1","1","1","1","1","1","1","1","1","2","2","2","2","2","2","2","1","2","2","1","1","1","1","1","2","1","1","1","1","2","7","1","1","1","1","5","6","1","1","1","1","1","1","1","1","1","1","1","2","2","1","1","1","1","1","1","3","2","2","2","2","5","4","1","3","1","2","4","8","4","2","4","4","1","2","1"
"A00029979","Adult-Age 18-21","V2","6","5","1","1","1","1","1","1","1","1","1","1","2","2","2","2","2","2","2","1","2","2","1","1","1","1","1","2","1","1","1","1","5","7","2","1","2","1","2","7","1","1","1","1","1","1","1","1","1","1","1","2","1","8","2","3","3","2","4","3","4","2","2","2","1","2","2","1","2","3","2","1","2","1","1","1","1","2","1"
"A00043740","Child Age 15","V2","4","5","1","1","1","1","1","1","1","1","1","1","2","2","2","2","2","2","2","1","2","2","1","1","1","1","1","2","1","1","1","1","1","1","1","1","1","1","1","1","1","1","1","1","1","1","1","1","1","1","1","2","2","1","1","1","1","1","1","4","4","2","2","2","1","3","1","2","2","2","5","2","3","3","1","1","1","1","4"
"A00062370","ONE_DAY-AGE 16-17","VA","2","2","1","1","1","1","1","1","1","1","1","1","2","2","2","2","2","2","2","1","2","2","1","1","1","1","1","2","1","1","1","1","2","6","2","1","6","1","2","6","2","1","1","1","1","1","1","1","1","1","1","2","2","1","1","1","1","1","1","3","3","2","2","2","1","3","2","2","2","3","2","6","2","2","4","2","2","1","4"
"A00066396","ONE_DAY-Age 14","VA","3","5","1","1","1","1","1","1","1","1","1","1","2","2","2","1","2","2","2","1","2","2","1","1","1","1","1","2","1","1","1","1","1","1","1","1","1","1","1","1","1","1","1","1","1","1","1","1","1","1","1","2","2","1","1","1","1","1","1","4","4","2","2","2","3","2","2","2","2","2","1","3","1","5","3","2","1","2","3"
"A00057235","ENROLLED","V2","2","5","1","1","1","1","1","1","1","1","2","2","1","1","1","1","1","1","2","1","2","1","6","1","1","1","1","2","1","1","1","1","6","7","1","1","6","1","4","7","3","1","1","1","1","1","1","1","1","1","1","2","1","5","7","3","3","3","6","4","1","1","1","1","2","2","2","2","1","3","3","1","5","1","1","2","1","2","3"
"A00062989","ONE_DAY-Age 15","VA","1","4","1","1","1","1","1","1","1","1","1","1","2","2","2","2","2","2","2","1","2","2","1","1","1","1","1","2","1","1","1","2","1","1","1","1","1","1","1","1","1","1","1","1","1","1","1","1","1","1","1","2","2","1","1","1","1","1","1","3","3","2","2","2","2","5","2","2","2","3","1","3","1","3","3","2","3","2","3"
"A00058053","Child Age 14","V2","1","4","1","1","1","1","1","1","1","1","1","1","2","2","2","2","2","2","2","1","2","2","1","1","1","1","1","2","1","1","1","1","2","1","1","1","1","1","1","1","1","1","1","1","1","1","1","1","1","1","1","2","2","1","1","1","1","1","1","3","3","2","2","2","1","2","1","1","1","3","3","4","4","1","4","3","2","1","3"
"A00051638","Adult-Age 18-21","V2","2","4","1","1","1","1","1","1","1","1","1","1","2","2","2","2","2","2","2","1","2","1","7","1","1","1","1","2","3","1","1","2","7","6","4","5","2","1","7","7","4","1","1","1","1","1","1","1","1","3","1","1","1","8","2","2","2","2","4","5","1","2","2","2","1","3","2","1","2","2","2","4","5","5","1","1","1","2","3"
"A00043384","Adult-Age 18-21","V2","1","5","2","1","1","1","1","1","1","1","1","1","2","2","2","2","2","2","2","1","2","2","1","1","1","1","1","2","1","1","1","1","4","7","2","1","3","1","3","7","1","1","1","1","1","1","1","1","1","1","1","2","1","8","7","3","3","3","3","3","4","2","2","2","2","2","1","2","2","2","1","1","1","4","1","1","1","2","1"
"A00038159","Adult-Age 18-21","V2","1","4","1","1","1","1","1","1","1","1","1","1","2","2","2","2","2","2","2","1","2","2","1","1","1","1","1","2","1","1","1","2","1","1","1","1","1","1","1","1","1","1","1","1","1","1","1","1","1","1","1","2","2","1","1","1","1","1","1","5","1","2","2","2","2","3","1","1","1","2","1","4","5","7","1","1","1","1","3"
"A00044307","Adult-Age 18-21","V2","2","5","1","1","2","1","1","1","1","1","1","1","2","2","2","2","2","2","2","1","2","1","7","1","1","1","1","2","1","1","1","1","2","7","2","3","2","1","7","7","6","1","1","1","1","1","1","1","1","1","1","2","1","4","5","3","3","3","6","3","1","2","2","2","6","5","5","4","1","5","1","3","7","5","1","1","1","3","3"
"A00054206","Child Age 14","V2","1","5","1","1","1","1","1","1","1","1","1","1","2","2","2","2","2","2","2","1","2","2","1","1","1","1","1","2","1","1","1","2","2","1","1","1","1","1","1","1","1","1","1","1","1","1","1","1","1","1","1","2","2","1","1","1","1","1","1","3","4","2","2","2","2","2","2","1","2","4","1","5","1","7","4","1","1","1","2"
"A00062144","ONE_DAY-Age 15","VA","2","5","1","1","1","1","1","1","1","1","1","1","2","2","2","2","2","2","2","1","2","2","1","1","1","1","1","2","1","1","1","1","3","6","1","1","1","1","2","6","1","1","1","1","1","1","1","1","1","1","1","2","2","1","1","1","1","1","1","4","1","1","2","2","2","3","2","1","1","1","3","4","5","7","3","1","1","3","4"
"A00057182","ENROLLED","V2","2","5","1","1","1","1","1","1","1","1","1","1","2","2","2","2","2","2","2","1","2","2","1","1","1","1","1","2","1","1","1","1","5","7","3","1","6","1","1","5","1","1","1","1","1","1","1","1","1","2","1","2","2","1","1","1","1","1","1","3","4","2","2","2","2","3","2","1","2","2","1","2","1","1","1","1","1","1","3"
"A00035940","Child Age 16-17","V4","6","5","1","1","1","1","1","1","1","1","1","1","2","2","2","2","2","2","2","1","2","2","1","1","1","1","1","2","1","1","1","1","1","1","1","1","1","1","1","1","1","1","1","1","1","1","1","1","1","1","1","2","2","1","1","1","1","1","1","1","2","2","2","2","1","2","3","4","4","3","4","3","1","6","4","1","1","2","1"
"A00051063","Adult-Age 18-21","V2","1","5","1","1","1","1","1","1","1","1","1","1","2","2","2","2","2","2","2","1","2","2","1","1","1","1","1","2","1","1","1","1","1","1","1","1","1","1","2","7","2","1","1","1","1","1","1","1","1","1","1","2","1","8","2","3","3","2","4","3","4","2","2","2","1","3","4","2","3","4","2","3","3","3","3","1","1","2","1"
"A00065941","ONE_DAY-AGE 15","VA","6","5","1","1","1","1","1","1","1","1","1","1","2","2","2","2","2","2","2","1","2","2","1","1","1","1","1","2","1","1","1","1","1","1","1","1","1","1","1","1","1","1","1","1","1","1","1","1","1","1","1","2","2","1","1","1","1","1","1","3","3","2","2","2","1","1","1","1","1","1","3","4","4","7","5","1","1","2","1"
"A00040800","Child Age 16-17","V2","5","5","1","1","1","1","1","1","1","1","1","1","2","2","2","2","2","2","2","1","2","2","1","1","1","1","1","2","1","1","1","1","1","1","1","1","1","1","1","1","1","1","1","1","1","1","1","1","1","1","1","2","2","1","1","1","1","1","1","3","3","2","2","2","2","2","1","1","1","2","2","8","5","3","3","2","1","2","1"
"A00037458","Adolescent- Age  16-17","V2","2","5","1","1","1","1","1","1","1","1","1","1","2","2","2","2","2","2","2","1","2","2","1","1","1","1","1","2","1","1","1","1","1","1","1","1","1","1","1","1","1","1","1","1","1","1","1","1","1","1","1","2","2","1","1","1","1","1","1","3","4","2","2","2","1","1","2","3","1","2","1","3","2","2","4","1","1","2","1"
"A00033231","Adult-Age 18-21","V2","4","5","1","1","1","1","1","1","1","1","1","1","2","2","1","1","2","2","2","1","2","2","1","1","1","1","1","2","1","1","1","1","4","7","3","3","5","1","3","7","2","1","1","1","1","1","1","1","1","1","1","1","2","1","1","1","1","1","1","3","1","2","2","2","2","3","2","1","2","2","3","2","3","4","4","4","1","1","4"
"A00055906","Child - Age 15","V2","2","4","1","1","1","1","1","2","1","1","1","1","2","2","2","2","2","2","2","1","2","2","1","1","1","1","1","2","1","1","1","2","3","5","2","1","6","1","1","1","1","1","1","1","1","1","1","1","1","1","1","2","2","1","1","1","1","1","1","3","4","2","2","2","1","3","1","2","1","2","2","5","2","6","5","1","1","2","1"
"A00061715","ONE_DAY-Age 16-17","VA","1","5","1","1","1","1","1","1","1","1","1","1","2","2","2","2","2","2","2","1","2","2","1","1","1","1","1","2","3","1","1","1","2","6","1","1","1","1","2","7","2","1","1","1","1","1","1","1","1","1","1","2","2","1","1","1","1","1","1","2","2","2","2","2","1","2","1","1","1","3","2","6","4","1","4","4","1","2","1"
"A00035941","Child - Age 14","V2","2","5","1","1","1","1","1","1","1","1","1","1","2","2","2","2","2","2","2","1","2","2","1","1","1","1","1","2","1","1","1","1","1","1","1","1","1","1","1","1","1","1","1","1","1","1","1","1","1","1","1","2","2","1","1","1","1","1","1","4","1","2","2","2","2","2","2","1","1","2","2","3","3","3","4","2","1","2","1"
"A00063425","ONE_DAY-Age 14","VA","6","5","1","1","1","1","1","1","1","3","1","3","2","2","2","2","2","2","2","1","2","2","1","1","1","1","1","2","1","1","1","1","1","1","1","1","1","1","1","1","1","1","1","1","1","1","1","1","1","1","1","2","2","1","1","1","1","1","1","3","1","2","2","2","2","4","1","1","1","4","2","7","4","4","4","3","1","2","1"
"A00043758","Adolescent- Age  16-17","V2","1","5","1","1","1","1","1","1","1","1","1","1","2","2","2","2","1","2","2","1","2","2","1","1","1","1","1","2","1","1","1","1","1","1","1","1","1","1","1","1","1","1","1","1","1","1","1","1","1","1","1","2","2","1","1","1","1","1","1","5","1","1","2","2","2","2","2","2","1","3","1","4","5","5","4","2","1","2","1"
"A00050848","Child Age 16-17","V4","1","5","1","1","1","1","1","1","1","1","1","1","2","2","2","2","2","2","2","1","2","1","7","1","1","1","1","2","3","1","1","1","7","6","2","2","4","1","7","6","4","1","1","1","1","1","1","1","1","2","1","2","1","8","3","3","2","2","4","3","2","2","2","2","2","2","1","2","1","2","2","1","1","1","1","4","1","2","1"
"A00065934","ONE_DAY-AGE 16-17","VA","1","5","1","1","1","1","1","1","1","1","1","1","2","2","2","2","2","2","2","1","2","2","1","1","1","1","1","2","3","1","1","1","2","7","1","1","1","1","1","1","1","1","1","1","1","1","1","1","1","1","1","2","2","1","1","1","1","1","1","3","4","2","2","2","1","2","1","1","1","1","3","6","1","7","6","1","1","2","1"
"A00030913","Adult-Age 18-21","V2","1","5","1","1","1","1","1","1","1","1","1","1","2","2","2","2","2","2","2","1","2","2","1","1","1","1","1","2","1","1","1","1","2","7","2","1","6","1","1","1","1","1","1","1","1","1","1","1","1","1","1","2","2","1","1","1","1","1","1","3","4","2","2","2","2","2","1","1","1","2","2","1","2","2","3","2","1","2","1"
"A00029092","Adult-Age 18-21","V2","1","2","1","1","1","1","1","1","1","1","1","1","2","2","2","2","2","2","2","1","2","2","1","1","1","1","1","2","1","1","1","1","1","1","1","1","1","1","1","1","1","1","1","1","1","1","1","1","1","1","1","2","1","8","2","3","3","2","4","2","2","2","2","2","1","2","2","2","2","2","2","1","1","7","2","1","1","2","4"
"A00052183","Child Age 16-17","V2","2","5","1","1","1","1","1","1","1","1","1","1","2","2","2","2","2","2","2","1","2","2","1","1","1","1","1","2","1","1","1","1","1","1","1","1","1","1","3","6","1","1","1","1","1","1","1","1","1","1","1","2","1","7","2","2","3","2","4","2","4","2","2","2","1","2","2","2","1","4","2","5","1","6","4","2","1","2","1"
"A00029076","Adult-Age 18-21","V2","1","5","1","1","1","1","1","1","1","1","1","1","2","2","2","2","2","2","2","1","2","1","7","1","1","1","1","2","1","1","1","1","3","7","1","1","1","1","1","1","1","1","1","1","1","1","1","1","1","1","1","2","1","8","2","2","3","2","4","3","1","2","2","2","1","5","2","2","2","4","1","7","5","4","1","1","1","1","2"
"A00039943","Child Age 16-17","V5","1","5","1","1","1","1","1","1","1","1","1","1","2","2","2","2","2","2","2","1","2","2","1","1","1","1","1","2","1","1","1","1","3","6","1","1","1","1","1","1","1","1","1","1","1","1","1","1","1","1","1","2","2","1","1","1","1","1","1","4","1","2","2","2","2","3","4","1","1","5","2","6","3","4","4","2","1","2","1"
"A00034074","Adolescent- Age  16-17","V2","1","5","1","1","1","1","1","1","1","1","1","1","2","2","2","2","1","2","2","1","2","1","6","1","1","1","1","2","1","1","1","1","3","6","1","1","1","1","5","6","1","1","1","1","1","1","1","1","1","2","1","2","2","1","1","1","1","1","1","4","1","2","2","2","1","6","3","1","2","5","1","5","2","7","3","1","1","2","1"
"A00064416","ONE_DAY-Age 16-17","VA","6","5","1","1","1","1","1","1","1","1","1","1","2","2","1","2","2","2","2","1","2","2","1","1","1","1","1","2","1","1","1","1","1","1","1","1","1","1","1","1","1","1","1","1","1","1","1","1","1","1","1","2","2","1","1","1","1","1","1","2","2","2","2","2","1","2","1","1","1","2","1","1","2","3","4","1","1","1","3"
"A00052461","Child Age 14","V2","2","5","1","1","1","1","1","1","1","1","1","1","2","2","2","2","2","2","2","1","2","2","1","1","1","1","1","2","1","1","1","1","1","1","1","1","1","1","1","1","1","1","1","1","1","1","1","1","1","1","1","2","2","1","1","1","1","1","1","3","3","2","2","2","2","3","2","1","2","2","2","4","4","4","4","1","1","2","1"
"A00058999","ENROLLED","V2","1","5","1","1","1","1","1","1","1","1","1","1","2","2","2","2","2","2","2","1","2","2","1","1","1","1","1","2","1","1","1","1","2","1","2","1","4","1","1","1","1","1","1","1","1","1","1","1","1","1","1","2","1","8","3","3","3","2","3","3","1","2","2","2","1","1","2","1","2","2","1","4","1","1","1","1","2","2","1"
"A00056703","Adolescent- Age  16-17","V2","5","5","1","1","1","1","1","1","1","1","1","1","2","2","2","2","2","2","2","1","2","2","1","1","1","1","1","2","1","1","1","1","1","1","1","1","1","1","1","1","1","1","1","1","1","1","1","1","1","1","1","2","2","1","1","1","1","1","1","3","3","2","2","2","4","5","7","2","6","7","1","8","1","2","6","4","1","2","1"
"A00061714","ONE_DAY-AGE 16-17","VA","2","5","1","1","1","1","1","1","1","1","1","1","2","2","1","2","2","2","2","1","2","2","1","1","1","1","1","2","1","1","1","1","5","6","2","2","5","1","5","6","1","1","1","1","1","1","1","1","1","1","1","1","2","1","1","1","1","1","1","3","2","2","2","2","2","2","1","1","2","2","4","8","5","1","4","3","1","2","3"
"A00059527","ENROLLED","V2","1","5","1","1","1","1","1","1","1","1","1","1","2","2","2","1","2","2","2","1","2","2","1","1","1","1","1","2","1","1","1","1","5","5","4","3","3","1","2","7","1","1","1","1","1","1","1","1","1","1","1","2","1","8","7","4","3","2","4","4","1","2","2","2","1","4","4","2","1","5","1","5","4","2","1","1","1","2","1"
"A00034854","Adult-Age 18-21","V2","1","4","2","1","1","1","1","1","1","1","1","1","2","2","2","2","2","2","2","1","2","1","7","2","3","5","1","1","2","1","1","1","5","5","2","3","3","1","7","5","1","1","6","1","1","2","1","6","1","3","1","2","1","5","7","3","3","2","4","5","1","2","1","2","1","4","2","2","2","2","1","5","4","2","1","1","1","2","3"
"A00038213","Adult-Age 18-21","V2","4","5","2","1","3","1","1","1","1","1","1","1","2","2","2","2","2","2","2","1","2","1","6","1","1","1","1","2","1","1","1","1","6","6","5","2","2","1","5","6","2","1","1","1","1","1","1","3","1","2","1","2","1","7","5","4","3","2","4","3","3","2","2","2","2","4","4","1","2","4","1","5","1","1","4","1","1","2","1"
"A00033640","Adult-Age 18-21","V2","3","5","1","1","1","1","1","1","1","1","1","1","2","2","2","2","2","2","2","1","2","2","1","1","1","1","1","2","1","1","1","2","4","7","2","1","3","1","1","1","1","1","1","1","1","1","1","1","1","1","1","1","1","8","3","3","3","3","6","4","1","2","2","2","3","2","2","3","1","2","3","4","4","3","3","1","1","1","2"
"A00031145","Adult-Age 18-21","V2","2","4","3","1","1","1","1","1","1","1","1","1","2","2","2","2","2","2","2","1","2","1","7","3","2","2","1","2","3","1","1","2","5","7","4","4","2","1","1","1","1","1","1","1","1","1","1","1","1","1","1","2","1","8","2","3","2","2","8","3","2","2","2","2","2","2","1","3","1","3","7","8","7","7","6","1","1","2","3"
"A00031881","Child - Age 15","V2","2","5","1","1","1","1","1","1","1","1","1","1","2","2","2","2","2","2","2","1","2","2","1","1","1","1","1","2","1","1","1","1","1","1","1","1","1","1","1","1","1","1","1","1","1","1","1","1","1","1","1","2","2","1","1","1","1","1","1","4","1","2","2","2","4","7","2","2","1","2","2","6","2","2","4","2","1","1","2"
"A00053576","Adult-Age 18-21","V2","1","5","1","1","1","1","1","1","1","1","1","1","2","2","2","2","2","2","2","1","2","2","1","1","1","1","1","2","1","1","1","1","2","5","3","2","3","1","3","7","1","1","1","1","1","1","1","1","1","1","1","2","1","6","2","3","3","3","3","3","1","2","2","2","2","5","3","1","2","5","1","3","2","1","1","1","1","2","3"
"A00035561","Child Age 12","V5","4","5","1","1","1","1","1","1","1","1","1","1","2","2","2","2","2","2","2","1","2","2","1","1","1","1","1","2","3","1","1","1","1","1","1","1","1","1","1","1","1","1","1","1","1","1","1","1","1","1","1","2","2","1","1","1","3","3","1","3","3","2","2","2","2","2","1","1","1","2","2","6","5","4","4","2","1","3","1"
"A00031459","Adult-Age 18-21","V2","1","5","1","1","1","1","1","1","1","1","1","1","2","2","2","2","2","2","2","1","2","1","1","1","1","1","1","2","3","1","1","2","2","6","1","1","1","1","1","1","1","1","1","1","1","1","1","1","1","1","1","2","1","8","6","3","3","2","4","3","2","2","2","2","1","2","1","2","2","7","1","8","1","3","1","1","1","2","3"
"A00058621","ENROLLED","V2","1","5","1","2","2","2","1","1","1","2","1","1","2","2","2","2","1","2","2","1","2","1","5","1","1","1","1","2","1","1","1","1","7","5","4","2","2","2","1","5","1","1","1","1","1","1","1","1","1","1","1","2","1","4","5","3","3","3","7","4","4","2","2","2","1","2","2","1","1","4","2","4","4","4","1","1","1","2","1"
"A00055122","Child Age 15","V4","4","4","1","1","1","1","1","1","1","1","1","1","2","2","2","1","2","2","2","1","2","2","1","1","1","1","1","2","1","1","1","1","1","1","1","1","1","1","1","1","1","1","1","1","1","1","1","1","1","1","1","2","2","1","1","1","1","1","1","4","1","2","2","2","1","6","4","1","2","4","1","6","1","7","5","1","1","2","1"
"A00040827","Adult-Age 18-21","V2","6","3","1","1","1","1","1","1","1","1","1","1","2","2","2","2","1","1","2","1","2","1","1","1","1","1","1","2","1","1","1","1","2","6","1","1","1","1","7","6","6","1","1","1","1","1","1","2","1","1","1","1","1","8","2","2","2","2","4","3","3","2","2","2","7","2","2","1","1","2","2","4","3","1","3","1","1","2","1"
"A00055991","Child Age 15","V2","4","4","1","1","1","1","1","1","1","1","1","1","2","2","2","2","2","2","2","1","2","2","1","1","1","1","1","2","1","1","1","1","1","1","1","1","1","1","1","1","1","1","1","1","1","1","1","1","1","1","1","2","2","1","1","1","1","1","1","4","1","2","2","2","2","2","2","1","2","1","4","5","4","4","4","1","1","2","1"
"A00050743","Child Age 15","V2","5","4","1","1","1","1","1","1","1","1","1","1","2","2","2","2","1","2","2","1","2","1","6","1","1","1","1","2","3","1","1","2","3","5","2","1","7","1","1","1","1","1","1","1","1","1","1","1","1","1","1","2","2","1","1","1","1","1","1","3","2","2","2","2","6","3","3","2","2","2","2","1","4","7","4","1","3","2","1"
"A00066584","ONE_DAY-Age 16-17","VA","1","5","1","1","1","1","1","1","1","1","1","1","2","2","2","2","1","1","2","1","2","2","1","1","1","1","1","2","1","1","1","1","1","1","1","1","1","1","1","1","1","1","1","1","1","1","1","1","1","1","1","2","2","1","1","1","1","1","1","4","1","2","2","2","2","2","1","2","1","7","1","1","2","3","3","1","1","2","1"
"A00031216","Adult-Age 18-21","V2","2","5","1","1","1","1","1","1","1","1","1","1","2","2","2","2","2","2","2","1","2","2","1","1","1","1","1","2","1","1","1","1","3","7","3","1","6","1","1","1","1","1","1","1","1","1","1","1","1","1","1","2","1","7","2","3","3","2","4","3","4","2","2","2","2","3","3","2","2","4","2","4","4","6","4","4","1","1","2"
"A00051658","Adult-Age 18-21","V2","3","5","1","1","1","1","1","1","1","1","1","1","2","2","1","2","2","2","2","1","2","1","6","1","1","1","1","2","3","1","1","1","7","5","5","6","2","1","6","6","4","1","1","1","1","1","1","1","1","1","1","2","1","8","5","2","2","2","4","4","1","2","2","2","3","4","4","1","1","2","2","4","5","1","1","4","1","1","2"
"A00051603","Adult-Age 18-21","V2","3","5","1","1","1","1","1","1","1","1","1","1","2","2","2","2","2","2","2","1","2","2","1","1","1","1","1","2","1","1","1","1","3","6","1","1","1","1","3","6","1","1","1","1","1","1","1","1","1","1","1","2","1","7","4","3","3","2","4","3","4","2","2","2","2","4","3","1","1","3","2","1","2","6","4","2","1","2","1"
"A00035377","Child Age 16-17","V4","2","3","1","1","1","1","1","1","1","1","1","1","2","2","2","2","2","2","2","1","2","2","1","1","1","1","1","2","1","1","1","1","1","1","1","1","1","1","2","6","1","1","1","1","1","1","1","1","1","1","1","2","2","1","1","1","1","1","1","3","3","2","2","2","1","2","2","1","2","2","1","3","4","1","3","2","1","2","3"
"A00065197","ONE_DAY- Age 18-21","VA","2","3","1","1","1","1","1","5","1","1","1","1","2","2","2","2","1","2","2","1","2","2","1","1","1","1","1","2","1","1","1","1","1","7","2","1","5","1","1","1","1","1","1","1","1","1","1","1","1","1","1","2","1","7","6","7","3","2","4","2","4","2","2","2","2","2","1","1","1","1","7","8","2","1","4","1","1","2","3"
"A00043740","Child Age 15","V4","3","5","1","1","1","1","2","1","1","1","1","1","2","2","2","2","2","2","2","1","2","2","1","1","1","1","1","2","3","1","1","1","3","5","2","1","8","1","1","1","1","1","1","1","1","1","1","1","1","1","1","2","2","1","1","1","3","3","1","3","3","2","2","2","5","6","2","2","2","1","3","1","2","5","4","2","2","1","4"
"A00031629","Child - Age 15","V2","2","2","1","1","1","1","1","1","1","2","1","1","2","2","2","2","2","2","2","1","2","2","1","1","1","1","1","2","1","1","1","1","3","4","1","1","1","1","1","1","1","1","1","1","1","1","1","1","1","1","1","2","1","3","4","4","3","2","4","4","4","2","2","2","2","3","2","1","1","3","3","1","5","4","4","3","1","1","2"
"A00051758","Child - Age 15","V2","1","5","1","1","1","1","1","1","1","1","1","1","2","2","2","2","2","2","2","1","2","2","1","1","1","1","1","2","1","1","1","1","1","1","1","1","1","1","1","1","1","1","1","1","1","1","1","1","1","1","1","2","2","1","1","1","1","1","1","4","1","2","2","2","1","5","5","2","5","2","1","1","4","2","4","1","1","2","3"
"A00044084","Child Age 16-17","V4","1","5","1","1","1","1","1","1","1","1","1","1","2","2","2","2","2","2","2","1","2","2","1","1","1","1","1","2","3","1","1","1","1","7","2","1","6","1","1","1","1","1","1","1","1","1","1","1","1","1","1","2","2","1","1","1","1","1","1","3","1","2","2","2","1","1","3","1","1","3","1","1","1","1","1","1","1","1","2"
"A00060806","Child Age 16-17","V2","2","4","3","1","1","1","1","1","1","1","1","1","2","2","2","2","2","2","2","1","2","2","1","1","1","1","1","2","1","1","1","1","2","6","1","1","1","1","1","1","1","1","1","1","1","1","1","1","1","1","1","2","2","1","1","1","1","1","1","2","4","2","2","2","2","1","1","1","1","1","1","3","2","1","4","1","1","2","1"
"A00035364","Child Age 14","V4","2","5","1","1","1","1","1","1","1","1","1","1","2","2","2","2","2","2","2","1","2","2","1","1","1","1","1","2","3","1","1","1","1","1","1","1","1","1","1","1","1","1","1","1","1","1","1","1","1","1","1","2","2","1","1","1","1","1","1","4","3","2","2","2","7","6","2","1","1","4","1","1","1","1","1","2","1","2","3"
"A00052613","Child - Age 14","V2","2","5","1","1","1","1","1","1","1","1","1","1","2","2","2","2","2","2","2","1","2","2","1","1","1","1","1","2","1","1","1","1","1","1","1","1","1","1","1","1","1","1","1","1","1","1","1","1","1","1","1","2","2","1","1","1","1","1","1","3","4","2","2","2","1","1","1","1","1","2","2","8","5","4","4","3","1","2","1"
"A00031881","Child Age 16-17","V5","1","5","1","1","1","1","1","1","1","1","1","1","2","2","2","2","2","2","2","1","2","2","1","1","1","1","1","2","1","1","1","2","3","7","2","1","8","1","1","1","1","1","1","1","1","1","1","1","1","1","1","2","1","7","3","3","3","3","3","3","1","2","2","2","2","3","2","2","1","3","1","2","1","1","1","2","1","1","3"
"A00039943","Child Age 16-17","V4","1","4","1","1","1","1","1","1","1","1","1","1","2","2","2","2","2","2","2","1","2","2","1","1","1","1","1","2","1","1","1","1","2","6","1","1","1","1","1","1","1","1","1","1","1","1","1","1","1","1","1","1","2","1","1","1","1","1","1","4","1","2","2","2","2","2","3","2","1","4","2","6","3","5","3","3","1","2","1"
"A00059935","Child - Age 15","V2","2","5","1","1","1","1","1","1","1","1","1","1","2","2","2","2","2","2","2","1","2","2","1","1","1","1","1","2","1","1","1","1","1","1","1","1","1","1","1","1","1","1","1","1","1","1","1","1","1","1","1","2","2","1","1","1","1","1","1","3","4","2","2","2","2","2","1","3","1","1","2","7","1","4","3","1","1","1","3"
"A00066153","ONE_DAY","VA","1","5","2","1","1","1","1","1","1","1","1","1","2","2","2","2","2","2","2","1","2","1","7","6","5","8","2","1","3","1","1","2","7","7","5","5","2","1","7","5","6","1","1","1","1","1","1","1","1","1","1","2","1","5","2","2","3","3","6","4","1","2","2","2","1","2","1","2","1","2","3","3","4","6","1","1","1","2","1"
"A00053490","Child Age 12","V4","3","5","1","1","1","1","1","1","1","2","1","2","2","2","2","2","2","2","2","1","2","2","1","1","1","1","1","2","1","1","1","1","1","1","1","1","1","1","1","1","1","1","1","1","1","1","1","1","1","1","1","2","2","1","1","1","1","1","1","3","3","2","2","2","2","4","2","1","2","2","2","8","4","4","4","4","1","2","4"
"A00035291","Child Age 14","V4","2","4","1","1","1","1","1","1","1","2","1","2","2","2","2","2","2","2","2","1","2","1","5","1","1","1","1","2","1","1","1","2","4","4","2","3","5","1","6","5","4","1","1","1","1","1","1","1","1","1","1","1","1","5","3","3","2","2","4","3","1","2","2","2","5","3","3","2","1","5","3","5","4","1","4","3","3","2","3"
"A00038832","Adult-Age 18-21","V2","2","4","3","1","2","1","1","1","1","1","1","1","2","2","2","2","1","2","2","1","2","1","5","6","4","2","1","2","2","1","1","1","7","5","6","5","2","1","7","5","5","1","5","3","1","2","1","5","1","6","1","2","1","6","7","3","3","3","2","3","3","2","2","2","2","2","3","2","2","2","2","3","6","1","3","1","1","2","1"
"A00028429","Adult-Age 18-21","V2","2","5","1","1","1","1","1","1","1","1","1","1","2","2","2","2","2","2","2","1","2","1","5","1","1","1","1","2","1","1","1","1","5","5","2","2","8","2","2","7","1","1","1","1","1","1","1","1","1","1","1","2","1","6","3","3","3","2","3","4","1","2","2","2","1","2","1","2","1","2","2","1","5","7","1","1","1","1","2"
"A00037123","Adult-Age 18-21","V2","6","2","3","1","1","1","1","1","1","1","1","1","2","2","2","2","2","2","2","1","2","1","7","1","1","1","1","2","3","1","1","2","3","4","1","1","1","1","2","7","1","1","1","1","1","1","1","1","1","1","1","2","2","1","1","1","1","1","1","5","1","2","2","2","2","4","5","1","2","4","1","2","3","6","3","1","1","1","4"
"A00027167","Child - Age 14","V2","1","5","1","1","1","1","1","1","1","1","1","1","2","2","2","1","2","2","2","1","2","2","1","1","1","1","1","2","1","1","1","1","1","1","1","1","1","1","1","1","1","1","1","1","1","1","1","1","1","1","1","2","2","1","1","1","1","1","1","3","4","2","2","2","3","2","3","2","2","2","3","4","4","4","6","1","1","2","1"
"A00027167","Child Age 16-17","V4","1","4","1","1","1","1","1","1","1","1","1","1","2","2","2","1","2","2","2","1","2","2","1","1","1","1","1","2","1","1","1","1","1","1","1","1","1","1","1","1","1","1","1","1","1","1","1","1","1","1","1","2","2","1","1","1","1","1","1","3","4","2","2","2","3","1","2","1","2","2","3","4","3","4","6","1","1","2","1"
"A00056138","Child Age 15","V4","6","5","1","1","1","1","1","1","1","2","1","2","2","2","2","2","2","2","2","1","2","2","1","1","1","1","1","2","1","1","1","1","2","6","1","1","1","1","1","1","1","1","1","1","1","1","1","1","1","1","1","2","2","1","1","1","1","1","1","4","1","2","2","2","2","5","2","2","4","5","1","8","3","4","1","2","1","2","3"
"A00053577","Adult- Age 22-59","V2","6","4","1","1","1","1","1","1","1","1","1","1","2","2","2","2","2","2","2","1","2","1","1","1","1","1","1","2","1","1","1","1","5","7","3","1","2","1","1","1","1","1","1","1","1","1","1","1","1","1","1","2","1","8","3","2","3","2","4","4","1","2","2","2","2","4","1","1","2","3","1","4","4","4","1","1","1","1","2"
"A00035291","Child Age 14","V5","1","5","1","1","1","1","1","1","1","2","1","2","2","2","2","2","2","2","2","1","2","2","1","1","1","1","1","2","1","1","1","2","3","6","2","1","5","1","7","5","4","1","1","1","1","1","1","1","1","1","1","2","1","5","4","4","3","2","4","3","1","2","2","2","2","2","2","2","1","3","2","2","4","1","4","1","1","2","1"
"A00037160","Adult-Age 18-21","V2","5","5","1","1","3","1","1","1","1","1","1","1","2","2","2","2","2","2","2","1","2","1","5","1","1","1","1","1","1","7","3","1","3","7","2","2","5","1","4","5","1","1","1","1","1","1","1","1","1","1","1","2","1","6","3","3","3","3","3","3","2","2","2","2","2","2","3","1","2","3","3","4","2","2","1","2","3","2","1"
"A00055116","Child - Age 15","V2","2","5","1","1","1","1","1","1","1","1","1","1","2","2","2","2","2","2","2","1","2","2","1","1","1","1","1","2","1","1","1","1","1","1","1","1","1","1","1","1","1","1","1","1","1","1","1","1","1","1","1","2","2","1","1","1","1","1","1","4","1","2","2","2","2","2","2","2","1","3","1","1","5","6","4","1","2","1","2"
"A00052237","Child Age 16-17","V2","6","5","1","1","1","1","1","1","1","1","1","1","2","2","2","2","2","2","2","1","2","2","1","1","1","1","1","2","1","1","1","1","2","7","1","1","1","1","1","1","1","1","1","1","1","1","1","1","1","1","1","2","2","1","1","1","1","1","1","3","4","2","2","2","2","2","1","3","1","2","2","1","6","7","4","1","1","1","2"
"A00035377","Child Age 16-17","V5","2","3","1","1","1","1","1","1","1","1","1","1","2","2","2","2","2","2","2","1","2","2","1","1","1","1","1","2","1","1","1","1","4","6","1","1","6","1","1","6","1","1","1","1","1","1","1","1","1","1","1","2","1","8","2","3","3","2","3","3","4","2","2","2","4","2","4","1","4","7","1","4","4","2","1","1","1","2","3"
"A00029303","Adult-Age 18-21","V2","1","5","1","1","1","1","1","1","1","2","1","1","2","2","2","1","1","2","2","1","2","1","6","1","1","1","1","1","1","1","1","2","6","6","2","1","2","1","4","6","1","1","1","1","1","1","1","1","1","1","1","2","1","7","5","3","3","3","3","2","2","2","2","2","2","2","2","1","1","2","3","2","5","7","1","1","1","2","1"
"A00055122","Child Age 15","V2","5","4","2","1","1","1","1","1","1","1","1","1","2","2","2","2","2","2","2","1","2","2","1","1","1","1","1","2","1","1","1","1","1","1","1","1","1","1","1","1","1","1","1","1","1","1","1","1","1","1","1","2","2","1","1","1","1","1","1","4","1","2","2","2","1","2","4","3","3","5","1","5","1","7","5","1","1","3","4"
"A00040800","Child Age 16-17","V4","3","5","1","1","1","1","1","1","1","1","1","1","2","2","2","2","2","2","2","1","2","2","1","1","1","1","1","2","1","1","1","2","3","7","2","1","3","1","2","7","2","1","1","1","1","1","1","1","1","1","1","2","2","1","1","1","1","1","1","3","2","2","2","2","1","2","4","2","1","2","1","5","3","2","1","1","1","2","3"
