"","","","Question 1","Question 2","Question 3","Question 4","Question 5","Question 6","Question 7","Question 8","Question 9","Question 10","Question 11","Question 12","Question 13","Question 14","Question 15","Question 16","Question 17","Question 18","Question 19","Question 20","Question 21","Question 22","Question 23","Question 24","Question 25","Question 26","Question 27","Question 28","NEGATIVE MOOD/PHYSICAL SYMPTOMS RAW SCORE","NEGATIVE SELF-ESTEEM RAW SCORE","EMOTIONAL PROBLEMS RAW SCORE","INEFFECTIVENESS RAW SCORE","INTERPERSONAL PROBLEMS RAW SCORE","FUNCTIONAL PROBLEMS RAW SCORE","TOTAL RAW SCORE","AGE","GENDER","TOTAL SCORE T-SCORE","EMOTIONAL PROBLEMS T-SCORE","NEGATIVE MOOD/PHYSICAL SYMPTOMS T-SCORE","NEGATIVE SELF-ESTEEM T-SCORE","FUNCTIONAL PROBLEMS T-SCORE","INEFFECTIVENESS T-SCORE","INTERPERSONAL PROBLEMS T-SCORE"
"Anonymized ID","Subject Type","Visit","CDIN_01","CDIN_02","CDIN_03","CDIN_04","CDIN_05","CDIN_06","CDIN_07","CDIN_08","CDIN_9","CDIN_10","CDIN_11","CDIN_12","CDIN_13","CDIN_14","CDIN_15","CDIN_16","CDIN_17","CDIN_18","CDIN_19","CDIN_20","CDIN_21","CDIN_22","CDIN_23","CDIN_24","CDIN_25","CDIN_26","CDIN_27","CDIN_28","CDIN_29","CDIN_30","CDIN_31","CDIN_32","CDIN_33","CDIN_34","CDIN_35","CDIN_36","CDIN_37","CDIN_38","CDIN_39","CDIN_40","CDIN_41","CDIN_42","CDIN_43","CDIN_44"
"A00066582","ONE_DAY-AGE 14","VA","0","1","0","1","0","0","0","0","0","0","0","1","0","0","0","1","0","0","0","1","0","0","1","0","0","0","0","0","1","1","2","4","0","4","6","14","2","47","45","44","48","49","53","41"
"A00058516","Child Age 9-10","V1","0","0","0","0","0","0","0","0","0","0","0","0","0","0","0","0","0","0","0","0","0","0","0","0","0","0","0","0","0","0","0","0","0","0","0","10","1","40","42","42","44","40","40","42"
"A00034073","Adolescent- Age  16-17","V1","0","0","0","0","0","0","0","0","0","1","0","0","0","0","0","1","0","0","0","0","0","0","0","0","0","0","0","0","2","0","2","0","0","0","2","16","1","42","47","50","44","40","40","42"
"A00056022","Child- Ages 9-10","V1","0","1","0","1","1","0","0","1","0","1","0","1","0","1","0","0","0","0","0","1","1","0","1","0","1","0","0","1","1","2","3","6","3","9","12","09","1","58","50","46","55","66","62","67"
"A00040815","Child Age 9-10","V1","0","1","0","0","0","0","0","0","0","0","0","0","0","0","0","0","0","0","0","0","0","0","0","0","0","1","0","1","1","1","2","1","0","1","3","9","1","44","47","46","49","42","42","42"
"A00051727","Child Age 15","V1","0","0","0","1","0","0","0","0","1","0","0","1","0","0","0","0","0","0","1","1","0","0","0","0","0","0","0","1","1","0","1","4","1","5","6","15","2","47","43","44","43","52","53","49"
"A00052461","Child Age 14","V4","0","1","0","0","0","0","0","0","0","0","0","1","0","0","0","0","0","0","1","1","0","0","0","1","0","0","0","0","0","2","2","2","1","3","5","15","1","47","47","41","57","47","44","51"
"A00055158","Child Age 13","V1","0","1","0","1","1","1","0","0","0","0","1","2","2","1","1","2","0","0","0","0","1","1","1","0","0","0","0","2","3","4","7","8","3","11","18","13","2","63","56","51","63","69","67","66"
"A00056420","Child- Ages 9-10","V1","0","0","0","0","0","0","0","0","0","0","0","0","0","0","0","0","0","1","0","1","0","0","0","0","0","0","0","0","1","0","1","1","0","1","2","09","1","43","45","46","44","42","42","42"
"A00073286","ONE_DAY-AGE 7","VA","0","1","1","1","0","0","1","0","0","0","1","1","1","1","1","0","1","0","1","0","0","0","1","0","1","0","0","0","2","3","5","5","3","8","13","07","1","60","55","50","61","63","58","67"
"A00018030","Child-Age 11","V1","0","0","0","0","0","0","0","0","0","0","0","0","0","0","0","0","0","0","0","0","0","0","0","0","0","0","0","0","0","0","0","0","0","0","0","11","2","40","42","42","44","40","40","42"
"A00062797","ONE_DAY-AGE 11","VA","0","0","0","0","0","0","0","0","0","1","0","0","0","1","1","1","0","0","0","0","0","1","0","0","0","0","0","0","3","0","3","2","0","2","5","11","2","49","51","55","44","47","49","42"
"A00053490","Child Age 12","V1","0","0","0","0","0","0","0","0","0","0","0","1","0","0","0","0","0","1","0","0","0","0","0","0","0","0","0","1","1","0","1","2","0","2","3","12","1","44","45","46","44","45","46","42"
"A00027439","Child Age 16-17","V4","0","0","0","0","0","0","0","0","0","0","0","0","0","0","1","1","0","1","0","0","0","0","0","0","1","0","0","1","3","0","3","1","1","2","5","17","1","47","50","55","44","44","41","51"
"A00035377","Child Age 16-17","V5","","","","","","","","","","","","","","","","","","","","","","","","","","","","","","","","","","","","18","2","0!WithErrors!","0!WithErrors!","0!WithErrors!","0!WithErrors!","0!WithErrors!","0!WithErrors!","0!WithErrors!"
"A00035561","Child Age 12","V4","0","0","0","0","0","0","0","0","0","0","0","0","0","0","0","0","0","0","0","0","0","0","0","0","0","0","0","0","0","0","0","0","0","0","0","12","1","40","42","42","44","40","40","42"
"A00055076","Child Age 9-10","V1","0","0","0","0","0","0","0","0","0","0","0","0","0","0","0","0","0","0","0","0","0","0","0","0","0","0","0","1","0","0","0","1","0","1","1","10","2","42","42","42","44","43","44","42"
"A00040815","Child Age 9-10","V4","0","0","0","0","0","0","0","0","0","0","0","0","0","0","0","0","0","1","0","0","0","0","0","0","0","2","0","1","3","0","3","1","0","1","4","10","1","46","50","54","44","42","42","42"
"A00055903","Child Age 8","V1","0","1","0","0","0","0","0","0","0","0","1","1","0","1","0","0","1","0","1","0","1","0","1","0","0","0","0","0","1","1","2","3","3","6","8","08","2","55","48","46","51","61","53","70"
"A00055907","Child Age 7","V1","0","0","0","0","0","0","0","1","0","0","0","1","0","0","0","0","0","0","0","1","1","0","1","0","0","0","0","0","0","1","1","3","1","4","5","07","2","49","45","42","51","54","53","52"
"A00052069","Child Age 9-10","V4","0","0","0","0","0","0","0","0","0","0","0","0","0","0","0","0","0","0","0","0","0","0","0","0","0","0","0","0","0","0","0","0","0","0","0","11","1","40","42","42","44","40","40","42"
"A00041557","Child Age 9-10","V4","1","1","1","1","0","0","0","0","0","0","0","0","0","0","1","2","0","2","0","0","0","0","0","0","0","1","0","0","7","1","8","2","0","2","10","11","1","55","63","70","49","45","46","42"
"A00034074","Adolescent- Age  16-17","V1","2","1","1","2","1","2","1","1","0","0","2","0","0","0","0","2","1","0","1","2","0","0","1","0","0","0","0","0","5","5","10","6","4","10","20","17","2","66","63","57","69","66","60","74"
"A00057967","Child-Age 11","V1","0","0","0","0","0","0","0","0","0","0","0","1","1","0","0","0","0","0","0","1","0","0","0","0","0","0","0","0","0","1","1","2","0","2","3","11","1","44","45","42","49","45","46","42"
"A00063003","ONE_DAY-Age 13","VA","0","0","0","0","1","0","0","0","0","0","0","1","0","0","0","0","0","1","0","1","0","0","0","0","0","0","0","1","1","0","1","3","1","4","5","13","1","47","44","46","44","50","48","51"
"A00052183","Child Age 16-17","V1","1","1","0","1","0","1","0","1","0","1","1","2","0","1","1","0","0","0","2","1","0","0","0","0","0","0","0","0","3","3","6","5","3","8","14","16","1","62","60","55","63","62","56","68"
"A00054206","Child Age 14","V4","0","0","0","0","0","0","0","0","0","0","0","0","0","1","0","1","0","0","0","0","0","0","0","0","0","1","0","0","2","0","2","1","0","1","3","15","1","44","47","50","44","40","41","42"
"A00064507","ONE_DAY-Age 9-10","VA","0","0","0","0","0","0","0","0","0","1","0","1","0","1","2","1","0","0","0","0","0","1","0","0","0","0","0","1","4","0","4","4","0","4","8","10","1","52","53","58","44","51","54","42"
"A00038603","Child -Age 8","V1","0","0","0","0","0","0","0","0","0","0","0","0","0","0","0","0","0","0","0","0","0","0","0","0","0","0","0","0","0","0","0","0","0","0","0","8","2","40","42","42","44","40","40","42"
"A00052182","Child Age 12","V4","0","1","0","0","1","0","0","0","0","1","1","0","1","0","1","2","1","0","1","0","0","0","1","0","0","1","0","0","6","2","8","1","3","4","12","13","1","59","66","69","57","50","41","68"
"A00056746","Child Age 8","V1","0","0","0","1","0","1","1","1","0","0","0","2","0","2","1","0","0","0","0","0","0","0","0","0","0","0","0","0","1","3","4","5","0","5","9","08","1","53","53","46","61","54","58","42"
"A00055624","Child Age 9-10","V1","0","0","0","0","0","0","0","0","0","1","1","0","0","0","0","1","1","0","0","2","0","0","0","0","0","0","0","1","3","0","3","3","1","4","7","10","2","53","51","55","44","54","53","52"
"A00065992","ONE_DAY-Age 7","VA","1","0","0","0","0","0","0","0","0","0","0","1","0","0","1","0","2","1","1","1","0","0","0","0","1","0","1","1","6","0","6","3","2","5","11","07","2","60","60","69","44","57","53","61"
"A00050743","Child Age 15","V1","0","0","0","0","0","0","0","0","0","1","0","0","0","0","0","0","0","0","0","1","0","0","0","0","0","0","0","1","1","0","1","2","0","2","3","15","2","43","43","44","43","44","45","41"
"A00043282","Adolescent- Age  16-17","V1","0","0","0","0","0","0","0","0","0","2","1","1","0","2","1","1","0","0","0","0","0","2","0","0","1","1","0","2","5","0","5","7","2","9","14","16","2","58","52","57","43","63","63","58"
"A00053320","Child -Age 8","V1","0","0","0","1","0","0","0","0","0","0","0","0","0","1","0","0","0","1","0","1","0","0","1","0","0","0","0","1","1","0","1","5","0","5","6","08","1","49","45","46","44","54","58","42"
"A00056165","Child Age 14","V1","0","1","1","0","0","0","1","0","0","1","0","1","0","1","0","2","0","0","0","1","0","1","1","0","1","2","2","1","7","2","9","7","1","8","17","14","1","67","69","73","57","62","64","51"
"A00031881","Child Age 16-17","V5","","","","","","","","","","","","","","","","","","","","","","","","","","","","","","","","","","","","19","1","0!WithErrors!","0!WithErrors!","0!WithErrors!","0!WithErrors!","0!WithErrors!","0!WithErrors!","0!WithErrors!"
"A00065178","ONE_DAY-Age 9-10","VA","1","2","1","0","1","1","1","1","2","2","0","1","1","2","0","1","0","1","1","0","0","2","2","1","0","0","0","0","7","7","14","8","2","10","24","10","1","76","79","70","85","69","70","59"
"A00035940","Adolescent- Age  16-17","V1","0","0","0","0","0","0","0","0","0","0","0","1","0","0","0","0","0","0","0","1","0","0","1","0","0","0","0","0","0","0","0","3","0","3","3","16","1","44","41","41","44","47","48","42"
"A00044084","Adolescent- Age  16-17","V1","0","0","0","0","0","0","0","0","0","0","0","0","0","0","0","2","0","0","0","0","0","0","0","0","0","0","0","0","2","0","2","0","0","0","2","17","2","42","45","48","43","40","40","41"
"A00056453","Adolescent- Age  16-17","V1","0","0","0","0","0","0","0","0","0","0","0","1","0","0","0","0","0","0","0","0","0","1","0","0","0","0","0","0","0","0","0","2","0","2","2","17","1","42","41","41","44","44","44","42"
"A00054581","Child Age 9-10","V4","0","0","0","0","0","0","0","0","0","0","0","0","0","0","0","0","0","0","0","0","0","0","0","0","0","0","0","1","0","0","0","1","0","1","1","12","1","41","42","42","44","42","42","42"
"A00059865","Child Age 14","V1","0","0","0","0","0","0","0","1","0","1","0","1","0","0","0","0","0","0","1","0","1","0","1","0","0","0","0","0","1","1","2","2","2","4","6","14","2","47","45","44","48","49","45","58"
"A00058053","Child Age 14","V1","0","0","0","0","0","0","0","0","0","0","0","1","0","0","1","0","0","0","0","1","0","0","0","0","0","0","1","0","2","0","2","2","0","2","4","14","2","45","45","48","43","44","45","41"
"A00056605","Child Age 14","V1","0","1","1","0","0","0","1","0","0","1","1","2","1","1","0","2","0","0","0","1","1","1","0","0","2","1","2","0","6","3","9","6","4","10","19","14","2","64","61","60","58","66","60","74"
"A00052182","Child Age 12","V1","0","1","0","1","0","0","0","0","0","1","1","0","0","1","1","1","0","0","0","1","1","1","1","0","1","0","0","0","3","1","4","5","3","8","12","12","1","58","53","54","49","63","58","67"
"A00056307","Child Age 8","V4","0","0","0","0","0","0","0","0","0","0","0","0","1","0","0","0","0","0","0","0","0","0","0","0","0","0","0","0","0","1","1","0","0","0","1","10","2","42","45","42","51","40","40","42"
"A00052237","Child Age 16-17","V4","","","","","","","","","","","","","","","","","","","","","","","","","","","","","","","","","","","","19","2","0!WithErrors!","0!WithErrors!","0!WithErrors!","0!WithErrors!","0!WithErrors!","0!WithErrors!","0!WithErrors!"
"A00043788","Child Age 13","V4","0","0","0","0","0","0","0","0","0","0","0","0","0","0","0","1","0","0","0","0","0","0","0","0","0","1","1","0","3","0","3","0","0","0","3","15","2","43","48","51","43","40","40","41"
"A00053873","Child Age 6","V4","0","0","0","0","0","0","0","0","0","1","0","0","0","0","0","0","0","1","0","0","0","0","0","0","0","0","0","1","2","0","2","1","0","1","3","08","1","44","47","50","44","42","42","42"
"A00056679","Child Age 9-10","V1","0","0","0","0","0","0","0","0","0","0","0","0","0","0","0","2","0","0","0","0","0","0","0","0","0","0","0","0","2","0","2","0","0","0","2","09","2","44","48","51","44","40","40","42"
"A00055946","Child-Age 7 ","V1","0","0","0","1","0","0","0","0","0","0","0","1","0","0","0","0","0","2","0","0","0","0","0","0","0","0","0","1","2","0","2","3","0","3","5","07","2","49","48","51","44","50","53","42"
"A00057480","Child Age 9-10","V4","0","0","0","0","0","0","0","0","0","0","0","1","0","0","1","1","0","0","0","1","0","0","0","0","0","0","0","1","2","0","2","3","0","3","5","12","1","47","47","50","44","48","50","42"
"A00035364","Child Age 14","V4","0","2","0","0","0","0","0","0","0","0","0","0","0","0","0","0","0","0","0","0","0","0","0","0","0","0","0","0","0","2","2","0","0","0","2","14","1","42","47","41","57","40","40","42"
"A00031578","Child Age 12","V4","0","~<userSkipped>~","0","0","0","0","0","0","0","1","0","2","0","2","0","0","0","0","1","1","0","0","2","0","0","0","2","0","3","0!WithErrors!","3!WithErrors!","7","1","8","8!WithErrors!","12","2","40!WithErrors!","42!WithErrors!","55","44!WithErrors!","68","72","52"
"A00027167","Child - Age 14","V1","0","0","0","0","0","0","0","0","0","1","0","1","0","0","0","1","0","0","0","1","0","0","0","0","0","1","0","0","3","0","3","2","0","2","5","14","2","46","48","51","43","44","45","41"
"A00031578","Child- Ages 9-10","V1","0","1","0","1","2","0","0","0","0","2","0","2","0","2","0","2","0","2","1","0","0","0","1","0","0","2","2","0","10","1","11","6","3","9","20","10","2","76","75","88","51","71","67","70"
"A00040342","Child- Age 13","V1","0","0","0","1","0","0","0","1","0","0","1","2","2","1","0","0","1","0","1","0","1","0","1","0","1","0","0","1","1","3","4","6","4","10","14","13","2","58","50","44","58","66","60","74"
"A00051758","Child - Age 15","V1","0","0","0","0","0","0","0","0","0","0","0","0","0","0","0","1","0","0","0","0","0","0","0","0","0","0","2","0","3","0","3","0","0","0","3","15","2","43","48","51","43","40","40","41"
"A00056628","Child- Age 13","V1","0","1","0","0","0","0","1","0","0","1","0","1","0","1","0","0","0","1","0","0","1","2","1","0","1","0","0","0","2","2","4","5","2","7","11","13","1","57","54","50","57","59","56","60"
"A00053490","Child Age 12","V4","0","0","1","0","0","0","0","0","0","1","0","1","0","0","0","0","0","0","0","0","0","0","1","0","0","0","0","1","1","0","1","4","0","4","5","14","1","47","44","46","44","50","52","42"
"A00039943","Child Age 16-17","V4","0","0","0","0","0","0","0","0","0","0","1","0","1","0","1","1","0","0","0","0","1","0","0","0","0","0","0","0","2","1","3","0","2","2","5","17","1","47","50","50","50","44","40","60"
"A00056470","Child Age 12","V1","0","0","0","0","0","0","0","0","0","1","0","1","0","0","0","2","0","0","0","0","0","0","0","0","0","0","0","1","3","0","3","2","0","2","5","12","2","49","51","55","44","47","49","42"
"A00055541","Child- Ages 9-10","V1","1","0","0","0","0","1","0","0","0","0","1","2","1","0","0","0","0","2","1","0","1","0","1","0","0","0","0","1","3","2","5","4","3","7","12","09","1","58","55","54","55","60","54","67"
"A00052237","Child Age 16-17","V1","0","0","0","0","0","0","0","0","0","0","0","0","0","0","0","0","0","0","0","0","0","0","1","0","0","0","0","1","0","0","0","2","0","2","2","17","2","42","41","41","43","44","45","41"
"A00027167","Child Age 16-17","V4","0","0","0","1","1","1","0","0","0","0","0","1","1","0","0","0","0","0","0","1","0","0","0","0","0","0","0","0","0","2","2","3","1","4","6","16","2","47","45","41","53","49","49","49"
"A00035377","Child - Age 15","V1","0","0","0","0","0","0","0","0","0","0","0","0","1","1","0","0","0","0","1","0","0","0","0","0","0","0","0","1","0","1","1","2","1","3","4","15","2","45","43","41","48","47","45","49"
"A00035364","Child-Age 12","V1","0","0","0","0","0","0","0","0","0","1","0","0","0","0","0","0","0","2","0","0","0","0","0","0","0","0","0","0","3","0","3","0","0","0","3","12","1","44","50","54","44","40","40","42"
"A00062085","ONE_DAY-AGE 8","VA","0","0","0","0","0","0","0","1","0","1","0","0","1","0","0","0","1","0","2","0","1","0","2","1","0","0","0","0","2","3","5","2","3","5","10","08","1","55","55","50","61","54","46","67"
"A00055727","Child -Age 8","V1","0","0","0","0","0","0","0","0","0","0","0","1","0","0","0","0","0","0","0","0","0","0","0","0","0","0","0","1","0","0","0","2","0","2","2","08","2","44","42","42","44","47","49","42"
"A00058570","Child- Ages 9-10","V1","0","0","0","0","0","0","0","0","1","0","0","1","0","1","0","0","2","0","0","0","0","0","0","0","0","0","0","1","3","0","3","3","0","3","6","09","2","51","51","55","44","50","53","42"
"A00055921","Child Age 7","V4","0","0","0","0","0","0","0","0","0","0","0","0","0","0","0","0","0","0","0","0","0","0","0","0","0","0","0","0","0","0","0","0","0","0","0","09","2","40","42","42","44","40","40","42"
"A00058756","Child Age 11","V1","0","0","0","0","0","0","0","0","0","0","0","1","1","0","0","0","0","0","0","0","0","0","0","0","0","0","0","0","0","1","1","1","0","1","2","11","1","43","45","42","49","42","42","42"
"A00060472","Child Age 16-17","V1","0","1","0","1","1","0","1","0","0","0","0","1","1","0","2","0","0","0","1","1","1","0","1","1","0","0","0","0","2","4","6","4","3","7","13","16","1","60","60","50","70","59","52","68"
"A00055076","Child Age 9-10","V4","0","0","0","0","0","0","1","0","0","0","1","1","0","1","0","0","1","0","0","1","2","0","0","0","0","0","0","1","1","1","2","4","3","7","9","11","2","56","48","46","51","64","58","70"
"A00054206","Child Age 14","V1","0","0","0","0","0","0","0","0","0","1","1","0","1","0","0","1","0","0","0","1","1","0","2","0","0","0","0","0","2","1","3","3","2","5","8","14","1","52","50","50","50","53","48","60"
"A00056198","Child Age 9-10","V1","0","0","0","0","0","0","0","0","0","0","0","0","0","0","2","0","0","0","0","1","0","0","0","1","0","0","0","1","2","1","3","2","0","2","5","09","2","49","51","51","51","47","49","42"
"A00039075","Adolescent- Age  16-17","V1","0","0","0","0","0","0","0","0","0","0","0","1","0","1","0","0","0","0","0","0","0","1","0","0","0","0","0","0","0","0","0","3","0","3","3","16","1","44","41","41","44","47","48","42"
"A00027439","Child - Age 15","V1","0","0","0","0","0","0","0","0","0","0","0","0","0","1","1","1","0","0","0","0","0","0","0","0","0","1","0","0","3","0","3","1","0","1","4","15","1","45","50","55","44","40","41","42"
"A00058951","Child Age 8","V1","0","0","0","0","0","0","0","0","0","0","0","0","0","0","1","0","0","0","0","0","0","0","0","0","0","0","0","1","1","0","1","1","0","1","2","08","2","44","45","46","44","43","44","42"
"A00063425","ONE_DAY-Age 14","VA","0","0","0","0","0","0","0","0","0","0","0","1","0","1","0","1","0","0","0","1","0","0","1","0","0","1","2","1","4","0","4","5","0","5","9","14","1","54","54","59","44","53","56","42"
"A00059325","Child-Age 12","V1","0","0","0","0","0","0","0","0","0","0","0","1","0","1","0","0","0","0","0","0","0","1","2","0","0","0","0","0","0","0","0","5","0","5","5","12","1","47","42","42","44","54","58","42"
"A00030980","Child- Age 13","V1","0","0","0","1","0","0","0","0","0","1","0","1","1","2","1","1","0","0","0","1","0","0","1","0","1","0","1","1","4","1","5","7","1","8","13","13","2","56","52","54","48","61","63","49"
"A00066572","ONE_DAY-AGE 14","VA","0","0","0","0","0","0","0","0","0","0","0","1","0","1","0","1","0","1","0","0","0","0","0","0","0","0","0","1","2","0","2","3","0","3","5","14","2","46","45","48","43","47","49","41"
"A00031832","Child-Age 12","V1","0","0","0","0","0","0","0","0","~<userSkipped>~","0","0","1","0","2","0","0","0","0","0","1","0","0","0","0","0","0","0","1","0!WithErrors!","0","0!WithErrors!","5","0","5","5!WithErrors!","12","1","40!WithErrors!","42!WithErrors!","42!WithErrors!","44","54","58","42"
"A00031578","Child Age 12","V5","0","1","0","0","0","0","0","0","0","1","0","2","0","2","0","0","0","0","0","1","0","2","0","0","2","0","1","0","2","1","3","7","2","9","12","13","2","55","48","48","48","63","63","58"
"A00061715","ONE_DAY-Age 16-17","VA","0","0","0","0","0","0","0","0","0","0","0","0","0","0","0","0","0","1","0","0","0","0","0","0","0","0","0","0","1","0","1","0","0","0","1","17","1","40","44","46","44","40","40","42"
"A00056138","Child Age 15","V1","0","0","0","0","0","0","0","0","0","1","0","0","0","0","0","0","0","0","0","0","0","0","0","0","0","0","0","0","1","0","1","0","0","0","1","15","1","40","44","46","44","40","40","42"
"A00039866","Child-Age 12","V1","0","1","0","1","1","1","1","1","0","0","1","1","1","0","2","1","1","1","1","1","1","0","2","0","0","0","0","1","5","5","10","6","4","10","20","12","2","76","72","65","77","75","67","79"
"A00060603","Child Age 11","V1","0","0","0","1","0","0","0","0","0","1","0","0","0","0","0","0","0","0","0","0","0","0","0","0","0","0","0","0","1","0","1","1","0","1","2","11","1","43","45","46","44","42","42","42"
"A00040556","Child- Ages 9-10","V1","0","0","0","0","0","0","0","0","0","0","0","1","0","0","0","0","0","0","0","0","0","0","0","0","0","0","0","0","0","0","0","1","0","1","1","9","1","41","42","42","44","42","42","42"
"A00061730","ONE_DAY-Age 11","VA","1","0","1","0","0","0","0","0","1","1","0","1","0","2","0","0","0","0","0","1","1","1","1","0","1","1","0","1","4","0","4","8","2","10","14","11","2","65","54","60","44","75","77","61"
"A00056920","Child Age 9-10","V1","0","0","0","0","0","0","0","0","0","0","0","0","0","0","0","0","0","0","1","1","0","0","0","1","0","0","0","0","0","1","1","1","1","2","3","10","1","44","45","42","49","45","42","51"
"A00066391","ONE_DAY-Age 8","VA","0","0","0","0","0","0","0","0","0","0","0","0","0","0","0","0","0","0","0","0","0","1","0","0","0","0","0","2","0","0","0","3","0","3","3","08","2","46","42","42","44","50","53","42"
"A00056703","Adolescent- Age  16-17","V1","0","1","0","0","0","0","0","0","0","0","0","0","0","1","0","0","0","0","0","1","1","0","0","0","0","0","0","0","0","1","1","2","1","3","4","16","1","45","44","41","50","47","44","51"
"A00035291","Child- Age 13","V1","0","0","0","0","0","0","0","0","0","1","0","0","0","0","0","1","1","0","0","0","0","1","0","0","0","0","0","1","3","0","3","2","0","2","5","13","2","46","48","51","43","44","45","41"
"A00037459","Child- Age 13","V1","0","0","0","0","0","0","0","0","0","1","0","0","0","0","0","0","0","1","0","0","0","0","0","0","0","1","0","0","3","0","3","0","0","0","3","13","1","44","50","55","44","40","40","42"
"A00018030","Child Age 13","V4","1","0","0","0","0","0","0","0","0","0","0","0","1","0","0","0","1","0","0","0","0","0","0","0","0","0","0","1","2","1","3","1","0","1","4","13","2","45","48","48","48","41","42","41"
"A00055693","Child Age 8","V4","0","0","0","0","0","0","0","0","0","0","0","1","0","0","0","0","0","0","1","0","0","0","0","0","0","0","0","1","0","0","0","2","1","3","3","09","2","46","42","42","44","50","49","52"
"A00058004","Child Age 8","V1","0","0","0","0","0","0","0","0","0","0","0","1","0","0","2","0","0","1","0","0","2","0","1","0","0","0","0","1","3","0","3","3","2","5","8","08","1","52","50","54","44","54","50","59"
"A00058060","Child Age 8","V1","0","1","1","0","0","0","0","0","0","0","0","0","0","2","0","2","1","1","0","0","0","0","2","2","0","0","0","1","4","3","7","6","0","6","13","08","2","64","63","60","64","61","67","42"
"A00031629","Child - Age 15","V1","0","0","0","0","0","0","0","0","0","0","0","0","0","2","0","0","0","0","0","0","0","0","0","0","0","0","0","1","0","0","0","3","0","3","3","15","1","44","41","41","44","47","48","42"
"A00066697","ONE_DAY-AGE 9-10","VA","0","0","0","0","0","0","0","0","0","0","0","1","0","0","1","0","0","0","0","0","0","0","0","0","0","0","0","0","1","0","1","1","0","1","2","10","2","44","45","46","44","43","44","42"
"A00055991","Child Age 15","V1","0","1","0","1","0","1","1","0","0","2","1","2","1","1","2","2","0","0","1","1","1","0","2","1","0","1","0","1","7","5","12","8","3","11","23","15","2","69","67","63","69","69","67","66"
"A00055462","Child Age 15","V1","0","0","0","0","1","0","0","0","0","0","0","0","0","0","0","0","0","0","0","0","0","0","0","0","0","0","0","1","0","0","0","1","1","2","2","15","1","42","41","41","44","44","41","51"
"A00060258","Child Age 9-10","V1","0","1","0","0","0","0","0","0","0","1","0","2","0","0","1","2","0","2","0","0","0","0","0","0","0","1","1","0","8","1","9","2","0","2","11","09","2","60","69","78","51","47","49","42"
"A00055419","Child Age 15","V1","0","0","0","0","0","0","0","0","0","1","0","0","0","0","0","0","0","0","0","0","0","0","1","0","0","0","0","0","1","0","1","1","0","1","2","15","2","42","43","44","43","41","42","41"
"A00065263","ONE_DAY-Age 12","VA","0","0","0","0","0","0","0","0","0","0","0","0","0","0","1","0","0","0","0","1","0","0","0","0","0","0","0","0","1","0","1","1","0","1","2","12","1","43","45","46","44","42","42","42"
"A00052183","Child Age 16-17","V4","","","","","","","","","","","","","","","","","","","","","","","","","","","","","","","","","","","","18","1","0!WithErrors!","0!WithErrors!","0!WithErrors!","0!WithErrors!","0!WithErrors!","0!WithErrors!","0!WithErrors!"
"A00058003","Child Age 8","V1","0","0","0","0","0","0","2","0","0","0","1","1","0","0","0","0","1","0","0","1","0","1","1","1","0","2","0","2","3","3","6","6","1","7","13","08","1","60","58","54","61","60","62","51"
"A00057405","Child Age 13","V1","1","0","1","0","0","2","0","1","0","2","1","2","0","2","0","2","0","0","0","2","0","0","0","0","2","0","0","0","5","3","8","7","3","10","18","13","2","63","58","57","58","66","63","66"
"A00056746","Child Age 8","V4","0","0","0","0","0","0","0","0","0","0","1","0","0","0","0","2","0","0","0","1","0","0","0","1","0","0","0","0","2","1","3","1","1","2","5","09","1","47","50","50","49","45","42","51"
"A00060384","Child Age 12","V1","0","0","0","1","0","0","0","0","0","2","0","0","0","2","0","0","0","2","0","1","0","1","1","0","0","0","0","1","4","0","4","7","0","7","11","12","2","60","54","60","44","64","72","42"
"A00066860","ONE_DAY-Age 7","VA","0","0","0","0","0","2","0","1","0","0","1","1","0","0","1","0","1","1","1","1","0","0","0","0","0","0","0","1","3","3","6","3","2","5","11","07","2","60","60","55","64","57","53","61"
"A00031881","Child - Age 15","V1","0","0","0","0","0","0","0","0","0","0","0","0","0","0","0","0","0","0","0","0","0","0","0","0","0","0","0","0","0","0","0","0","0","0","0","15","1","40","41","41","44","40","40","42"
"A00050848","Child Age 16-17","V4","","","","","","","","","","","","","","","","","","","","","","","","","","","","","","","","","","","","18","1","0!WithErrors!","0!WithErrors!","0!WithErrors!","0!WithErrors!","0!WithErrors!","0!WithErrors!","0!WithErrors!"
"A00050848","Child Age 16-17","V1","0","0","0","0","0","0","0","0","0","0","0","0","0","0","0","1","0","0","0","0","0","0","0","0","0","1","0","0","2","0","2","0","0","0","2","16","1","42","47","50","44","40","40","42"
"A00059875","Child -Age 8","V1","0","2","0","0","0","0","0","0","0","0","0","0","0","0","0","1","0","0","0","0","0","0","1","0","0","0","0","0","1","2","3","1","0","1","4","08","2","47","51","46","57","43","44","42"
"A00055693","Child -Age 8","V1","0","0","0","0","0","0","0","0","0","0","0","0","0","0","0","0","0","0","0","0","0","0","1","0","0","0","0","0","0","0","0","1","0","1","1","08","2","42","42","42","44","43","44","42"
"A00043788","Child Age 13","V1","0","0","0","0","0","0","0","0","0","1","0","0","0","0","0","0","0","0","0","0","0","0","0","0","0","0","0","0","1","0","1","0","0","0","1","13","2","41","43","44","43","40","40","41"
"A00063327","ONE_DAY-Age 9-10","VA","0","0","0","0","0","0","0","0","0","0","0","1","0","0","0","0","0","0","0","0","0","0","0","0","0","0","0","0","0","0","0","1","0","1","1","09","2","42","42","42","44","43","44","42"
"A00052069","Child Age 9-10","V1","0","0","0","0","0","0","0","0","0","0","0","0","0","0","0","0","0","0","0","1","0","0","0","0","0","0","0","1","0","0","0","2","0","2","2","10","1","43","42","42","44","45","46","42"
"A00062983","ONE_DAY-Age 16-17","VA","0","1","0","0","0","0","1","0","0","0","0","1","1","0","1","0","0","0","0","0","1","0","1","0","0","0","0","0","1","3","4","2","1","3","7","17","1","50","54","46","63","47","44","51"
"A00043740","Child Age 15","V4","0","0","0","1","1","0","0","0","0","0","1","2","1","1","1","0","0","0","0","0","0","0","0","1","0","0","0","1","1","2","3","5","2","7","10","16","1","55","50","46","57","59","56","60"
"A00055908","Child Age 9-10","V1","0","0","0","1","0","0","0","0","0","0","0","0","1","1","1","1","0","0","0","1","1","0","0","0","0","0","1","1","3","1","4","4","1","5","9","10","1","53","53","54","49","54","54","51"
"A00055122","Child Age 15","V1","0","1","0","0","0","0","0","0","0","0","1","1","1","2","1","2","0","0","0","1","0","1","1","0","0","1","1","1","5","2","7","7","1","8","15","15","1","64","63","64","57","62","64","51"
"A00059846","Child - Age 15","V1","0","0","0","1","0","0","1","0","0","1","0","1","0","1","0","0","0","0","1","0","0","0","0","0","0","0","0","1","1","1","2","4","1","5","7","15","1","50","47","46","50","53","52","51"
"A00055262","Child Age 9-10","V1","0","0","0","1","1","0","0","0","0","0","0","0","0","2","0","0","1","1","0","0","0","0","1","0","0","0","1","0","3","0","3","4","1","5","8","09","1","52","50","54","44","54","54","51"
"A00040798","Child Age 11","V4","0","2","0","0","0","0","0","0","0","0","0","0","0","0","0","0","0","0","0","1","0","0","1","0","0","0","0","1","0","2","2","3","0","3","5","13","1","47","47","41","57","47","48","42"
"A00066584","ONE_DAY-Age 16-17","VA","2","0","0","1","0","1","0","1","1","1","0","0","0","0","0","2","0","2","2","0","1","0","0","0","1","0","2","0","10","2","12","1","4","5","17","17","1","67","78","87","57","53","41","77"
"A00059142","Child Age 7","V1","0","0","0","0","0","0","0","1","0","0","0","0","0","0","0","0","0","0","0","1","0","0","1","0","0","0","0","0","0","1","1","2","0","2","3","07","2","46","45","42","51","47","49","42"
"A00064596","ONE_DAY-AGE 12","VA","0","1","0","0","0","0","0","0","0","0","0","0","0","1","0","0","0","0","0","0","0","0","0","0","0","0","0","1","0","1","1","2","0","2","3","12","1","44","45","42","49","45","46","42"
"A00066462","ONE_DAY-Age 11","VA","0","0","0","0","0","0","0","0","0","0","0","0","0","1","0","0","0","0","0","1","0","1","0","0","0","0","0","0","0","0","0","3","0","3","3","11","1","44","42","42","44","48","50","42"
"A00053171","Child Age 8","V1","0","1","1","0","0","0","0","0","0","0","0","1","0","2","0","2","1","0","0","0","0","0","0","0","0","0","0","1","3","1","4","5","0","5","9","08","1","53","53","54","49","54","58","42"
"A00027159","Child-Age 11","V1","0","0","0","0","0","0","0","0","0","0","0","0","0","0","1","0","0","0","0","0","0","0","0","0","0","0","0","1","1","0","1","1","0","1","2","11","1","43","45","46","44","42","42","42"
"A00066589","ONE_DAY-AGE 13","VA","1","0","0","0","0","0","0","1","0","0","0","1","1","1","0","1","0","1","1","0","0","0","1","0","0","0","0","0","3","2","5","3","1","4","9","13","2","51","52","51","53","49","49","49"
"A00060429","Child Age 9-10","V1","0","0","0","0","0","0","0","0","0","0","0","1","0","0","0","0","0","0","0","0","0","0","0","0","0","0","1","0","1","0","1","1","0","1","2","10","2","44","45","46","44","43","44","42"
"A00037368","Child-Age 12","V1","0","0","0","0","0","0","0","0","0","0","0","0","0","1","0","0","0","0","0","0","0","0","0","0","0","0","0","0","0","0","0","1","0","1","1","12","1","41","42","42","44","42","42","42"
"A00062997","ONE_DAY-Age 8","VA","0","2","0","2","1","2","2","0","2","2","0","1","0","2","2","1","0","2","0","2","0","0","2","2","0","1","0","1","10","8","18","10","1","11","29","08","1","84","90","82","90","73","78","51"
"A00035561","Child-Age 11","V1","0","0","0","0","0","0","0","0","0","0","0","1","0","0","0","0","0","0","0","0","0","0","0","0","1","0","0","0","0","0","0","1","1","2","2","11","1","43","42","42","44","45","42","51"
"A00062989","ONE_DAY-Age 15","VA","0","1","1","1","0","1","1","0","0","1","1","1","1","0","0","1","0","0","1","1","1","0","0","0","0","1","0","0","3","4","7","4","3","7","14","15","2","58","56","51","63","58","53","66"
"A00043740","Child Age 15","V1","0","1","0","1","0","0","1","0","0","0","1","1","0","2","0","1","0","0","0","1","0","1","2","0","0","0","0","2","1","2","3","10","1","11","14","15","1","62","50","46","57","71","75","51"
"A00065262","ONE_DAY-AGE 13","VA","1","0","0","0","0","0","0","0","0","1","0","1","1","1","1","1","0","1","0","1","0","0","0","0","0","0","0","0","5","1","6","3","0","3","9","13","2","51","54","57","48","47","49","41"
"A00053171","Child Age 8","V4","0","0","0","0","0","0","0","0","0","0","0","1","0","1","0","0","0","1","0","1","0","1","0","0","0","0","0","1","1","0","1","5","0","5","6","10","1","49","45","46","44","54","58","42"
"A00056307","Child -Age 8","V1","0","0","0","0","0","0","0","0","0","0","0","1","1","0","0","0","0","0","0","0","0","0","0","0","0","0","0","1","0","1","1","2","0","2","3","08","2","46","45","42","51","47","49","42"
"A00033714","Adolescent- Age  16-17","V1","0","1","0","1","0","0","0","0","0","0","0","1","0","1","1","0","0","0","0","0","0","1","0","0","1","0","0","1","1","1","2","5","1","6","8","15","1","52","47","46","50","56","56","51"
"A00060099","Child Age 12","V1","0","0","0","0","0","0","0","0","0","0","0","0","0","2","0","0","0","0","0","0","0","0","0","0","0","0","0","0","0","0","0","2","0","2","2","12","1","43","42","42","44","45","46","42"
"A00061883","ONE_DAY-AGE 14","VA","0","1","0","0","0","0","1","0","0","0","0","1","0","0","0","1","0","0","0","0","0","0","1","0","0","0","0","0","1","2","3","2","0","2","5","14","1","47","50","46","57","44","44","42"
"A00066248","ONE_DAY-Age 7","VA","0","1","0","1","0","0","0","0","2","0","2","1","1","2","2","0","1","1","2","1","1","0","0","0","0","0","0","2","6","2","8","7","5","12","20","07","2","76","66","69","57","82","72","88"
"A00064503","ONE_DAY-AGE 12","VA","0","0","0","0","0","0","0","0","0","1","0","0","0","1","0","1","0","0","0","0","0","1","1","0","0","0","0","0","2","0","2","3","0","3","5","12","1","47","47","50","44","48","50","42"
"A00061415","ONE_DAY-AGE 9-10","VA","0","0","0","1","0","0","0","0","0","0","0","1","0","0","1","0","0","0","0","0","1","0","0","0","0","0","0","2","1","0","1","4","1","5","6","10","1","49","45","46","44","54","54","51"
"A00040800","Child Age 16-17","V4","","","","","","","","","","","","","","","","","","","","","","","","","","","","","","","","","","","","19","1","0!WithErrors!","0!WithErrors!","0!WithErrors!","0!WithErrors!","0!WithErrors!","0!WithErrors!","0!WithErrors!"
"A00065750","ONE_DAY-Age 8","VA","0","0","0","0","1","0","0","0","0","0","0","1","0","2","0","1","0","0","0","2","0","0","0","0","2","0","0","2","1","0","1","7","3","10","11","08","1","57","45","46","44","69","66","67"
"A00053203","Child Age 9-10","V4","0","0","0","0","0","0","0","0","0","0","0","0","0","0","0","0","0","0","0","0","0","0","0","0","0","0","0","1","0","0","0","1","0","1","1","12","1","41","42","42","44","42","42","42"
"A00065941","ONE_DAY-AGE 15","VA","0","0","0","0","0","0","0","0","0","1","0","1","0","2","0","0","0","0","0","2","0","0","0","0","0","0","0","0","1","0","1","5","0","5","6","15","1","49","44","46","44","53","56","42"
"A00055332","Child - Age 15","V1","0","0","0","1","0","0","0","0","0","1","0","0","0","1","2","0","0","0","0","0","1","0","0","0","0","0","0","0","3","0","3","2","1","3","6","15","1","49","50","55","44","47","44","51"
"A00055116","Child - Age 15","V1","0","0","0","0","0","0","0","1","0","0","0","0","0","0","1","1","0","1","0","0","0","0","1","0","0","0","0","1","3","1","4","2","0","2","6","15","2","47","50","51","48","44","45","41"
"A00066388","ONE_DAY-Age 8","VA","0","1","0","0","0","0","0","0","2","0","0","0","0","0","0","1","0","2","2","0","0","0","1","2","0","0","0","2","5","3","8","3","2","5","13","08","1","60","63","62","61","54","50","59"
"A00035377","Child Age 16-17","V4","0","0","0","0","0","0","0","0","0","0","0","0","0","0","0","0","0","0","0","0","0","0","0","0","0","0","0","0","0","0","0","0","0","0","0","16","2","40","41","41","43","40","40","41"
"A00053390","Child Age 14","V1","0","1","1","0","1","1","1","0","0","1","0","1","0","1","0","0","2","1","0","0","0","1","1","0","0","1","0","2","5","3","8","7","1","8","16","14","2","60","58","57","58","61","63","49"
"A00035292","Child-Age 11","V1","0","0","0","0","0","0","0","0","0","1","0","1","0","0","0","1","0","0","0","0","0","0","0","0","0","0","0","0","2","0","2","1","0","1","3","11","1","44","47","50","44","42","42","42"
"A00056020","Child Age 6","V4","0","0","0","0","0","0","0","0","0","0","0","1","0","0","2","0","0","1","0","0","0","0","0","0","0","0","2","1","5","0","5","2","0","2","7","8","1","50","55","62","44","45","46","42"
"A00035291","Child Age 14","V5","0","0","0","0","0","0","0","0","0","1","0","0","0","0","0","1","1","0","0","1","1","0","0","0","0","1","0","1","4","0","4","2","1","3","7","16","2","49","50","54","43","47","45","49"
"A00062144","ONE_DAY-Age 15","VA","0","1","0","0","1","1","1","0","0","1","0","1","2","0","0","1","1","0","0","0","0","0","2","1","0","0","2","1","5","6","11","4","1","5","16","15","2","60","65","57","74","52","53","49"
"A00066784","ONE_DAY-AGE 12","VA","0","0","0","0","0","0","0","0","0","2","0","1","0","0","0","2","0","1","0","1","0","0","0","0","0","0","0","0","5","0","5","2","0","2","7","12","2","53","57","65","44","47","49","42"
"A00061410","ONE_DAY-Age 11","VA","0","0","0","0","0","0","0","0","0","0","0","0","0","2","0","0","0","0","0","1","0","0","0","0","0","0","0","0","0","0","0","3","0","3","3","11","2","46","42","42","44","50","53","42"
"A00060280","Child Age 16-17","V1","0","0","0","0","0","0","0","0","0","0","0","0","1","0","0","0","0","0","0","0","0","0","0","0","0","0","0","0","0","1","1","0","0","0","1","16","1","40","44","41","50","40","40","42"
"A00035945","Child Age 14","V4","0","0","0","0","0","0","0","0","0","1","0","0","1","1","0","0","0","0","0","0","0","0","0","0","0","0","0","0","1","1","2","1","0","1","3","14","1","44","47","46","50","40","41","42"
"A00058685","Child Age 16-17","V1","0","0","0","0","0","0","0","0","0","0","0","1","0","2","0","0","0","0","0","0","0","1","0","0","0","1","0","1","1","0","1","5","0","5","6","17","1","49","44","46","44","53","56","42"
"A00027443","Child - Age 15","V1","0","0","0","0","0","0","0","0","0","0","0","0","0","0","0","0","0","0","0","0","0","0","0","0","0","0","0","0","0","0","0","0","0","0","0","15","1","40","41","41","44","40","40","42"
"A00062353","ONE_DAY-Age 9-10","VA","0","0","0","0","0","0","0","0","0","0","0","1","0","0","0","0","0","2","0","0","0","0","0","0","0","0","0","0","2","0","2","1","0","1","3","10","2","46","48","51","44","43","44","42"
"A00060806","Child Age 16-17","V1","0","0","0","1","0","0","0","0","0","1","0","1","1","1","0","1","0","0","0","1","0","1","0","0","0","1","0","1","3","1","4","6","0","6","10","16","2","52","50","51","48","55","60","41"
"A00040440","Child -Age 8","V1","0","1","0","1","1","0","0","1","0","1","0","1","0","1","1","2","0","1","1","1","0","0","1","0","0","0","0","2","5","2","7","7","2","9","16","8","2","69","63","65","57","71","72","61"
"A00066573","ONE_DAY-Age 7","VA","0","0","0","0","0","0","0","0","0","0","0","2","0","2","0","0","0","2","0","0","0","0","1","0","0","1","0","1","3","0","3","6","0","6","9","07","1","53","50","54","44","57","62","42"
"A00037125","Child-Age 7 ","V1","0","0","0","0","0","0","0","0","0","0","1","1","0","0","0","0","0","0","0","0","0","1","0","0","0","0","0","2","0","0","0","4","1","5","5","7","2","49","42","42","44","57","58","52"
"A00057862","Child Age 9-10","V1","0","0","0","0","0","0","0","0","0","0","0","0","0","0","0","0","0","2","0","1","0","1","0","0","0","0","0","0","2","0","2","2","0","2","4","10","2","47","48","51","44","47","49","42"
"A00055612","Child Age 8","V4","0","0","0","1","0","0","0","0","0","0","0","1","0","0","2","2","0","1","1","1","1","0","1","0","0","0","0","1","5","0","5","5","2","7","12","9","2","62","57","65","44","64","63","61"
"A00050677","Child-Age 7 ","V1","0","0","0","1","0","2","0","0","0","0","0","0","0","0","0","0","0","2","2","1","1","0","0","0","0","0","0","0","2","2","4","2","3","5","9","07","2","56","54","51","57","57","49","70"
"A00065802","ONE_DAY-Age 15","VA","0","0","0","0","0","0","0","0","0","0","0","2","0","1","0","1","0","0","0","1","0","1","0","0","0","0","0","1","1","0","1","6","0","6","7","14","1","50","44","46","44","56","60","42"
"A00062370","ONE_DAY-AGE 16-17","VA","0","0","0","0","0","0","0","0","0","0","0","0","0","0","0","0","0","0","0","1","0","0","0","0","0","0","0","0","0","0","0","1","0","1","1","16","1","40","41","41","44","40","41","42"
"A00040117","Child Age 8","V5","0","0","0","0","0","0","0","0","0","0","0","0","0","0","0","0","0","0","0","0","0","0","0","0","0","0","0","0","0","0","0","0","0","0","0","09","1","40","42","42","44","40","40","42"
"A00053744","Child Age 16-17","V1","0","0","0","1","0","0","1","0","0","1","0","1","0","0","1","1","0","0","0","0","1","0","1","0","0","1","1","1","5","1","6","4","1","5","11","17","1","57","60","64","50","53","52","51"
"A00054578","Child Age 9-10","V1","0","0","0","0","0","0","0","0","0","0","0","0","0","2","1","0","0","0","0","0","0","0","0","0","0","0","0","0","1","0","1","2","0","2","3","09","1","44","45","46","44","45","46","42"
"A00055765","Child- Ages 9-10","V1","0","1","0","0","1","0","0","0","0","0","0","0","0","2","2","0","0","2","1","1","0","0","0","0","0","0","2","1","6","1","7","4","2","6","13","09","1","60","61","66","49","57","54","59"
"A00032817","Child-Age 11","V1","0","0","0","0","0","0","0","0","0","0","0","0","0","0","0","0","0","0","0","0","0","0","0","0","0","0","0","0","0","0","0","0","0","0","0","11","1","40","42","42","44","40","40","42"
"A00055262","Child Age 9-10","V4","0","1","0","1","1","0","0","0","0","0","0","1","1","0","1","0","2","0","1","1","0","0","1","1","0","0","2","1","5","3","8","5","2","7","15","11","1","63","63","62","61","60","58","59"
"A00035292","Child Age 12","V5","0","0","0","0","0","0","0","0","0","0","0","0","0","0","0","0","0","0","0","0","0","0","0","0","0","1","0","0","1","0","1","0","0","0","1","14","1","40","44","46","44","40","40","42"
"A00063383","ONE_DAY-AGE 16-17","VA","0","0","0","0","0","0","0","0","0","0","0","1","0","0","0","1","0","0","0","0","0","0","1","0","0","0","0","1","1","0","1","3","0","3","4","17","2","45","43","44","43","47","49","41"
"A00073545","ONE_DAY-AGE 7","VA","0","1","2","0","0","0","1","0","0","0","0","0","0","2","2","0","0","2","0","0","0","0","0","0","0","2","2","0","8","2","10","4","0","4","14","07","2","65","72","78","57","54","58","42"
"A00043822","Child -Age 8","V1","0","1","0","0","0","2","1","1","1","1","2","1","0","2","0","0","0","1","2","2","2","1","2","0","2","0","1","1","4","5","9","9","8","17","26","8","1","79","66","58","73","90","74","90"
"A00059316","Child Age 12","V1","0","0","0","0","0","1","0","1","0","1","0","1","1","2","2","2","0","0","1","0","0","1","2","0","1","0","0","0","5","3","8","6","2","8","16","12","2","69","66","65","64","68","67","61"
"A00056225","Child-Age 12","V1","","","","","","","","","","","","","","","","","","","","","","","","","","","","","","","","","","","","12","2","40!WithErrors!","42!WithErrors!","42!WithErrors!","44!WithErrors!","40!WithErrors!","40!WithErrors!","42!WithErrors!"
"A00064505","ONE_DAY-AGE 15","VA","0","0","0","0","0","0","0","0","0","0","0","0","0","0","0","0","0","0","0","0","0","0","0","0","0","0","0","0","0","0","0","0","0","0","0","15","1","40","41","41","44","40","40","42"
"A00033714","Child Age 16-17","V5","","","","","","","","","","","","","","","","","","","","","","","","","","","","","","","","","","","","18","1","0!WithErrors!","0!WithErrors!","0!WithErrors!","0!WithErrors!","0!WithErrors!","0!WithErrors!","0!WithErrors!"
"A00056138","Child Age 15","V4","0","0","0","0","0","0","0","0","0","1","0","1","0","0","0","0","0","0","0","0","0","0","0","0","0","0","0","0","1","0","1","1","0","1","2","16","1","42","44","46","44","40","41","42"
"A00040556","Child Age 9-10","V4","0","0","0","0","0","0","0","0","0","0","0","0","0","0","0","0","0","0","0","0","0","0","0","0","0","0","0","0","0","0","0","0","0","0","0","11","1","40","42","42","44","40","40","42"
"A00050847","Child Age 9-10","V4","0","1","0","1","0","0","0","0","0","0","1","0","0","0","0","0","0","0","0","0","0","0","0","0","0","0","0","0","0","1","1","1","1","2","3","12","1","44","45","42","49","45","42","51"
"A00055920","Child Age 9-10","V1","0","0","0","0","0","0","0","0","0","0","0","0","0","0","1","0","0","0","0","1","1","0","0","0","0","0","0","1","1","0","1","2","1","3","4","09","2","47","45","46","44","50","49","52"
"A00066396","ONE_DAY-Age 14","VA","0","0","0","0","0","0","0","0","0","0","0","1","1","0","0","0","0","0","0","0","0","1","0","0","0","0","0","1","0","1","1","3","0","3","4","14","1","45","44","41","50","47","48","42"
"A00035292","Child Age 12","V4","0","0","0","0","0","0","0","0","0","0","0","0","0","0","0","0","0","0","0","0","0","0","0","0","0","0","0","0","0","0","0","0","0","0","0","12","1","40","42","42","44","40","40","42"
"A00060664","Child-Age 12","V1","0","1","0","0","0","0","0","0","0","1","0","2","0","2","0","0","0","1","1","1","0","1","0","0","0","0","0","1","2","1","3","7","1","8","11","12","2","60","51","51","51","68","72","52"
"A00056830","Child -Age 8","V1","0","2","0","1","0","0","0","0","0","0","0","1","0","0","1","0","0","1","0","0","0","0","0","0","0","0","0","0","2","2","4","2","0","2","6","08","2","51","54","51","57","47","49","42"
"A00034350","Child Age 13","V4","0","0","0","0","0","0","0","0","0","0","0","0","0","1","0","0","0","0","0","0","0","1","0","0","0","0","0","0","0","0","0","2","0","2","2","13","1","42","41","41","44","44","44","42"
"A00062009","ONE_DAY-Age 11","VA","0","0","0","0","0","0","1","0","0","1","0","1","1","1","0","1","1","1","1","0","0","1","1","0","0","0","1","1","5","2","7","5","1","6","13","11","1","60","61","62","55","57","58","51"
"A00050847","Child Age 9-10","V1","0","0","0","0","0","0","0","0","0","0","0","0","0","1","0","0","0","2","0","2","0","0","0","0","0","0","0","0","2","0","2","3","0","3","5","10","1","47","47","50","44","48","50","42"
"A00052165","Child Age 8","V1","0","1","0","0","0","1","0","1","0","0","0","1","1","2","2","2","0","0","0","0","0","0","0","1","0","0","2","1","6","5","11","4","0","4","15","08","2","67","75","69","77","54","58","42"
"A00051690","Child - Age 15","V1","0","0","0","0","0","0","0","0","0","1","1","0","0","0","0","1","0","0","0","0","0","0","0","0","0","0","0","0","2","0","2","0","1","1","3","15","2","43","45","48","43","41","40","49"
"A00061298","ONE_DAY-AGE 16-17","VA","1","1","0","1","0","0","0","1","0","1","0","1","0","1","1","1","0","1","1","1","0","0","1","0","0","0","0","1","5","2","7","6","1","7","14","17","2","58","56","57","53","58","60","49"
"A00057863","Child Age 8","V1","0","1","0","0","2","0","0","0","0","0","0","0","0","2","1","2","0","0","2","2","1","2","2","0","0","0","0","2","3","1","4","10","5","15","19","08","1","69","53","54","49","85","78","84"
"A00055867","Child Age 15","V1","0","0","0","0","0","0","0","0","0","0","0","1","0","1","0","1","0","0","0","0","0","0","0","0","0","0","0","1","1","0","1","3","0","3","4","15","1","45","44","46","44","47","48","42"
"A00065250","ONE_DAY-Age 9-10","VA","0","1","0","0","0","0","0","0","0","0","0","1","1","0","0","0","0","0","0","1","0","0","0","0","0","0","0","2","0","2","2","4","0","4","6","10","1","49","47","42","55","51","54","42"
"A00064597","ONE_DAY-Age 9-10","VA","0","0","0","0","0","0","0","0","0","0","0","0","0","0","1","1","0","0","0","0","1","0","0","0","0","0","0","1","2","0","2","1","1","2","4","10","2","47","48","51","44","47","44","52"
"A00052613","Child - Age 14","V1","0","0","0","0","0","0","0","0","0","0","0","0","0","1","0","0","0","1","0","0","0","0","0","0","0","0","0","0","1","0","1","1","0","1","2","14","1","42","44","46","44","40","41","42"
"A00060100","Child Age 9-10","V1","0","0","0","0","0","0","0","0","0","0","0","1","0","0","0","1","2","1","0","0","0","0","0","0","0","0","0","1","4","0","4","2","0","2","6","10","1","49","53","58","44","45","46","42"
"A00031881","Child Age 16-17","V4","0","0","0","0","0","0","0","0","0","0","0","0","0","0","0","0","0","0","0","0","0","0","0","0","0","1","0","0","1","0","1","0","0","0","1","17","1","40","44","46","44","40","40","42"
"A00035941","Child - Age 14","V1","0","0","0","0","0","0","0","0","0","0","1","0","0","0","0","0","0","0","0","0","1","0","0","0","0","0","0","1","0","0","0","1","2","3","3","14","2","43","41","41","43","47","42","58"
"A00060265","Child Age 11","V1","0","0","0","0","0","0","0","0","0","0","0","1","0","1","1","0","0","0","0","0","0","0","0","0","0","0","0","0","1","0","1","2","0","2","3","11","2","46","45","46","44","47","49","42"
"A00040581","Child Age 8","V4","0","1","0","0","0","0","0","0","0","1","0","1","0","0","1","0","0","1","0","0","0","0","0","0","0","0","0","1","3","1","4","2","0","2","6","08","2","51","54","55","51","47","49","42"
"A00062361","ONE_DAY-Age 9-10","VA","1","2","2","0","2","1","1","1","1","1","1","1","0","2","1","2","0","1","1","1","1","1","2","1","0","0","0","2","7","6","13","11","5","16","29","09","1","84","76","70","79","88","82","84"
"A00053320","Child Age 8","V4","0","1","0","1","0","0","0","0","0","1","0","1","0","1","2","1","1","1","0","2","0","0","1","0","0","0","0","1","6","1","7","7","0","7","14","10","1","61","61","66","49","60","66","42"
"A00043240","Child - Age 15","V1","0","1","0","0","0","0","0","0","0","0","0","1","1","2","0","0","0","0","0","1","0","1","0","0","0","0","0","0","0","2","2","5","0","5","7","15","2","49","45","41","53","52","56","41"
"A00062996","ONE_DAY-AGE 11","VA","0","0","0","0","0","0","0","0","0","0","0","0","0","0","0","0","0","0","0","0","0","0","0","0","0","0","0","0","0","0","0","0","0","0","0","11","2","40","42","42","44","40","40","42"
"A00034350","Child Age 13","V5","0","0","0","0","0","0","0","0","0","0","0","0","0","1","0","1","0","0","0","1","1","1","0","0","0","1","0","0","2","0","2","3","1","4","6","15","1","49","47","50","44","50","48","51"
"A00035561","Child Age 12","V5","0","0","0","0","0","0","0","0","0","0","0","0","0","0","0","0","0","0","0","0","0","0","0","0","0","0","0","1","0","0","0","1","0","1","1","14","1","40","41","41","44","40","41","42"
"A00032864","Child-Age 11","V1","0","0","0","1","0","0","0","0","0","0","1","2","0","0","2","0","0","0","0","1","1","0","2","0","0","0","0","2","2","0","2","8","2","10","12","11","1","58","47","50","44","69","70","59"
"A00041503","Child -Age 8","V1","0","0","0","0","0","0","0","0","0","0","0","0","0","0","1","0","1","0","0","2","2","0","1","0","0","0","0","0","2","0","2","3","2","5","7","8","1","50","47","50","44","54","50","59"
"A00066698","ONE_DAY-AGE 9-10","VA","0","0","0","0","0","0","0","0","0","0","0","1","0","0","0","0","0","0","0","2","0","0","0","0","0","0","0","0","0","0","0","3","0","3","3","10","2","46","42","42","44","50","53","42"
"A00040798","Child Age 11","V1","0","1","0","1","0","0","0","0","0","0","1","0","0","0","0","0","0","1","0","0","0","0","0","0","0","0","0","0","1","1","2","1","1","2","4","11","1","46","47","46","49","45","42","51"
"A00065792","ONE_DAY-AGE 7","VA","0","0","0","0","0","0","0","0","0","1","1","2","0","1","1","0","2","1","0","1","0","0","1","1","1","1","0","1","6","1","7","6","2","8","15","07","2","67","63","69","51","68","67","61"
"A00073288","ONE_DAY-AGE 9-10","VA","1","1","0","1","1","0","0","0","1","0","0","0","0","0","1","0","2","0","0","0","1","0","0","1","0","0","0","1","5","2","7","2","2","4","11","09","2","60","63","65","57","54","49","61"
"A00066711","ONE_DAY-Age 8","VA","0","0","0","0","0","0","0","0","0","0","0","0","0","0","1","0","0","0","0","0","0","0","0","0","0","0","0","1","1","0","1","1","0","1","2","08","2","44","45","46","44","43","44","42"
"A00062146","ONE_DAY-AGE 14","VA","0","0","0","0","0","0","0","0","0","0","0","0","0","0","0","1","0","1","0","0","0","0","0","0","0","0","0","1","2","0","2","1","0","1","3","14","2","43","45","48","43","41","42","41"
"A00066580","ONE_DAY-AGE 9-10","VA","0","0","0","0","1","0","0","0","0","0","0","0","1","0","0","0","0","0","0","1","0","0","0","1","0","0","0","0","0","2","2","1","1","2","4","09","2","47","48","42","57","47","44","52"
"A00059109","Child Age 11","V1","0","0","0","0","0","0","0","0","1","1","1","1","0","0","0","1","0","0","1","1","0","0","0","0","1","0","0","1","3","0","3","3","3","6","9","11","1","53","50","54","44","57","50","67"
"A00058537","Child Age 14","V1","0","1","0","1","0","0","0","0","0","0","1","2","0","2","2","1","1","0","0","2","1","2","0","0","0","2","0","0","6","1","7","9","2","11","18","14","1","69","63","69","50","71","71","60"
"A00057726","Child Age 9-10","V1","0","1","1","0","0","0","1","0","0","0","0","1","0","0","0","0","0","0","0","1","0","0","1","0","0","1","0","1","1","2","3","5","0","5","8","10","1","52","50","46","55","54","58","42"
"A00055122","Child Age 15","V4","0","1","1","0","0","2","1","0","0","1","0","2","2","2","0","2","0","0","1","0","0","1","2","2","0","1","0","1","4","8","12","9","1","10","22","16","1","76","78","59","90","68","71","51"
"A00055728","Child Age 9-10","V1","0","1","0","0","0","0","0","0","0","0","0","1","0","0","0","0","0","0","0","0","0","0","0","0","0","0","0","1","0","1","1","2","0","2","3","09","2","46","45","42","51","47","49","42"
"A00041557","Child- Ages 9-10","V1","0","1","1","0","1","0","2","1","1","2","2","1","0","1","1","0","1","2","0","0","1","2","2","1","2","1","1","1","9","5","14","8","6","14","28","9","1","82","79","78","73","82","70","90"
"A00060503","Child Age 13","V1","0","0","0","0","0","0","1","0","0","0","1","0","0","1","0","1","0","0","0","0","0","0","0","1","0","0","0","1","1","2","3","2","1","3","6","13","1","49","50","46","57","47","44","51"
"A00044217","Child- Ages 9-10","V1","0","1","0","1","0","0","0","0","0","0","0","1","0","1","0","1","0","1","1","1","1","1","0","0","0","0","0","1","2","1","3","6","2","8","11","9","1","57","50","50","49","63","62","59"
"A00040117","Child Age 8","V4","0","0","0","1","0","0","0","0","0","0","1","0","0","0","1","0","0","0","0","1","0","1","0","0","0","1","0","1","2","0","2","4","1","5","7","08","1","50","47","50","44","54","54","51"
"A00058229","Child Age 15","V1","0","1","0","0","1","1","1","0","0","1","0","1","2","2","0","1","0","1","0","0","0","1","1","0","0","1","0","2","4","5","9","7","1","8","17","15","1","67","69","59","76","62","64","51"
"A00035945","Child- Age 13","V1","0","0","0","0","0","0","0","0","0","0","0","0","0","0","0","1","0","0","0","0","0","0","0","0","0","0","0","0","1","0","1","0","0","0","1","13","1","40","44","46","44","40","40","42"
"A00037483","Child-Age 11","V1","0","0","0","1","0","0","0","0","0","0","0","0","0","1","0","0","0","0","0","0","0","0","0","0","0","0","0","0","0","0","0","2","0","2","2","11","1","43","42","42","44","45","46","42"
"A00063329","ONE_DAY-AGE 12","VA","0","0","0","0","0","0","0","0","0","1","1","1","0","1","1","2","0","1","0","0","0","2","1","0","0","0","0","1","5","0","5","6","1","7","12","12","2","62","57","65","44","64","67","52"
"A00057809","Child Age 8","V1","0","0","0","0","0","0","0","0","0","0","0","0","0","0","1","0","2","0","0","0","0","0","0","0","0","0","0","0","3","0","3","0","0","0","3","08","2","46","51","55","44","40","40","42"
"A00043758","Adolescent- Age  16-17","V1","2","2","0","2","0","1","0","0","1","0","2","1","2","2","0","2","0","0","2","1","1","2","2","0","0","1","0","2","6","5","11","12","5","17","28","16","2","76","65","60","69","85","81","82"
"A00031410","Child- Ages 9-10","V1","0","1","2","1","0","1","2","1","1","2","1","2","1","1","1","0","0","1","0","0","1","0","1","0","1","2","0","1","7","6","13","8","3","11","24","9","2","84","81","74","83","78","77","70"
"A00059427","Child Age 9-10","V1","1","2","0","2","0","1","1","0","1","0","2","1","1","1","1","1","2","1","0","1","1","1","2","0","1","1","0","1","8","5","13","9","4","13","26","10","2","87","81","78","77","85","81","79"
"A00060846","Child- Age 13","V1","0","0","0","0","0","0","0","0","0","0","0","1","0","0","0","0","0","0","0","0","0","0","0","0","0","0","0","1","0","0","0","2","0","2","2","13","2","42","41","41","43","44","45","41"
"A00065486","ONE_DAY-Age 8","VA","0","0","0","0","0","0","0","0","0","0","0","1","0","1","0","0","0","1","0","1","0","1","0","0","0","0","0","1","1","0","1","5","0","5","6","08","1","49","45","46","44","54","58","42"
"A00055921","Child Age 7","V1","0","0","0","0","0","0","0","0","0","0","0","1","0","0","0","1","0","1","0","0","0","0","0","0","0","0","0","0","2","0","2","1","0","1","3","07","2","46","48","51","44","43","44","42"
"A00040992","Child- Ages 9-10","V1","0","2","0","0","0","0","0","0","0","0","2","1","1","1","0","2","0","2","2","2","0","0","0","0","0","2","0","2","6","3","9","6","4","10","19","9","1","69","66","66","61","69","62","76"
"A00064418","ONE_DAY-Age 11","VA","0","0","0","0","0","0","0","0","0","0","0","1","1","0","0","1","0","0","0","0","0","0","0","0","0","0","0","0","1","1","2","1","0","1","3","11","2","46","48","46","51","43","44","42"
"A00038706","Child- Age 13","V1","0","0","0","1","0","0","0","0","0","0","0","1","0","1","1","0","0","1","0","0","0","0","0","0","0","0","0","0","2","0","2","3","0","3","5","13","1","47","47","50","44","47","48","42"
"A00062081","ONE_DAY-AGE 12","VA","0","0","0","0","0","0","0","0","0","0","0","1","0","0","0","0","0","0","0","0","0","0","0","0","0","0","0","1","0","0","0","2","0","2","2","12","1","43","42","42","44","45","46","42"
"A00056295","Child Age 12","V1","0","0","0","0","0","0","0","0","0","0","0","1","0","1","0","0","2","0","0","0","0","1","0","0","0","0","0","0","2","0","2","3","0","3","5","12","1","47","47","50","44","48","50","42"
"A00065261","ONE_DAY-AGE 9-10","VA","0","0","0","0","0","0","0","0","0","0","0","1","0","0","0","0","0","0","0","0","0","0","1","0","0","0","2","1","2","0","2","3","0","3","5","09","1","47","47","50","44","48","50","42"
"A00059422","Child Age 7","V1","0","1","0","0","0","0","0","0","0","0","0","1","1","0","1","1","0","0","0","0","0","0","1","0","0","0","0","1","2","2","4","3","0","3","7","07","2","53","54","51","57","50","53","42"
"A00031219","Adolescent- Age  16-17","V1","0","0","0","0","0","0","0","0","0","0","1","2","1","1","1","1","0","1","0","1","1","1","1","0","0","0","0","1","3","1","4","7","2","9","13","17","2","56","50","51","48","63","63","58"
"A00030981","Child - Age 14","V1","0","0","0","0","0","0","0","0","0","1","0","1","1","0","0","0","2","0","0","0","0","0","1","0","0","1","0","0","4","1","5","2","0","2","7","14","2","49","52","54","48","44","45","41"
"A00059935","Child - Age 15","V1","1","1","0","0","0","0","0","1","0","1","0","1","0","0","0","1","0","0","0","0","0","0","1","0","0","0","0","0","3","2","5","2","0","2","7","15","1","50","57","55","57","44","44","42"
"A00054581","Child Age 9-10","V1","0","0","0","0","0","0","0","0","0","1","0","0","0","1","0","0","0","0","0","0","0","0","0","0","0","0","0","1","1","0","1","2","0","2","3","10","1","44","45","46","44","45","46","42"
"A00053203","Child Age 9-10","V1","0","0","0","0","0","0","0","0","0","0","0","0","0","0","0","1","0","0","0","0","0","0","0","0","0","0","0","1","1","0","1","1","0","1","2","10","1","43","45","46","44","42","42","42"
"A00035940","Child Age 16-17","V4","0","1","0","0","0","1","0","0","0","0","1","1","1","2","0","0","1","0","0","1","0","1","1","0","0","0","0","1","1","3","4","7","1","8","12","17","1","59","54","46","63","62","64","51"
"A00035291","Child Age 14","V4","0","0","0","0","0","0","0","0","0","0","0","1","1","0","0","1","0","0","0","0","0","0","0","0","0","2","0","1","3","1","4","2","0","2","6","14","2","47","50","51","48","44","45","41"
"A00055267","Child Age 13","V4","1","0","0","1","0","0","0","0","0","1","0","1","0","1","0","1","0","0","1","0","0","0","0","0","0","0","0","0","3","0","3","3","1","4","7","14","1","50","50","55","44","50","48","51"
"A00066534","ONE_DAY-Age 8","VA","0","2","1","2","0","0","1","0","2","0","0","1","0","2","1","0","1","1","2","2","0","1","0","0","0","0","0","0","5","3","8","9","2","11","19","08","1","69","63","62","61","73","74","59"
"A00062369","ONE_DAY-AGE 16-17","VA","0","0","0","1","1","0","1","0","0","0","1","2","1","0","1","0","1","1","1","0","0","0","0","0","0","0","0","1","3","2","5","4","3","7","12","16","2","55","52","51","53","58","53","66"
"A00055906","Child - Age 15","V1","0","0","0","0","0","0","0","0","0","0","0","1","0","1","0","0","0","0","0","1","0","0","0","0","0","0","0","0","0","0","0","3","0","3","3","15","1","44","41","41","44","47","48","42"
"A00055624","Child Age 9-10","V4","0","0","0","0","0","0","0","0","0","0","2","0","0","0","0","0","1","0","0","2","1","0","1","0","1","0","0","0","1","0","1","3","4","7","8","12","2","55","45","46","44","64","53","79"
"A00055267","Child Age 13","V1","0","1","0","1","0","1","1","0","0","0","0","1","1","1","1","2","0","2","1","1","1","0","1","0","0","0","1","1","6","4","10","6","2","8","18","13","1","69","72","69","70","62","60","60"
"A00060014","Child Age 13","V1","","","","","","","","","","","","","","","","","","","","","","","","","","","","","","","","","","","","13","2","40!WithErrors!","41!WithErrors!","41!WithErrors!","43!WithErrors!","40!WithErrors!","40!WithErrors!","41!WithErrors!"
"A00034350","Child-Age 11","V1","0","0","0","1","0","0","0","0","0","1","0","1","0","1","0","1","0","0","1","2","0","1","0","0","0","1","1","1","4","0","4","7","1","8","12","11","1","58","53","58","44","63","66","51"
"A00062809","ONE_DAY-Age 15","VA","0","1","0","1","0","0","0","0","0","0","1","1","0","1","1","1","0","0","0","1","0","0","0","0","0","1","0","0","3","1","4","4","1","5","9","15","2","51","50","51","48","52","53","49"
"A00055612","Child -Age 8","V1","0","0","0","1","0","0","0","0","0","0","0","1","0","0","0","0","0","0","0","1","1","0","0","0","0","0","0","1","0","0","0","4","1","5","5","08","2","49","42","42","44","57","58","52"
"A00057698","Child Age 12","V1","0","0","0","0","0","0","0","0","0","0","0","1","0","0","2","1","0","0","0","0","1","1","0","0","1","0","0","0","3","0","3","2","2","4","7","12","2","53","51","55","44","54","49","61"
"A00044084","Child Age 16-17","V4","","","","","","","","","","","","","","","","","","","","","","","","","","","","","","","","","","","","19","2","0!WithErrors!","0!WithErrors!","0!WithErrors!","0!WithErrors!","0!WithErrors!","0!WithErrors!","0!WithErrors!"
"A00061714","ONE_DAY-AGE 16-17","VA","0","0","0","1","0","0","1","0","0","1","0","0","0","1","0","0","0","0","0","1","0","0","0","0","0","0","0","0","1","1","2","3","0","3","5","16","1","47","47","46","50","47","48","42"
"A00061923","ONE_DAY-AGE 16-17","VA","1","0","0","0","0","0","0","0","1","1","0","1","1","0","0","1","0","1","0","0","0","0","1","0","0","0","0","1","5","1","6","3","0","3","9","16","2","51","54","57","48","47","49","41"
"A00066314","ONE_DAY-AGE 13","VA","0","0","0","0","0","0","0","0","0","0","1","2","1","0","1","0","0","0","1","0","0","0","0","0","0","0","1","1","2","1","3","3","2","5","8","13","1","52","50","50","50","53","48","60"
"A00063006","ONE_DAY-AGE 11","VA","0","0","0","0","0","0","0","0","0","0","0","1","0","0","0","0","0","0","0","0","0","0","0","0","0","2","0","1","2","0","2","2","0","2","4","11","2","47","48","51","44","47","49","42"
"A00064416","ONE_DAY-Age 16-17","VA","0","1","0","0","0","0","0","0","0","0","0","0","1","2","1","2","0","2","2","0","1","0","0","0","0","0","0","1","5","2","7","3","3","6","13","17","2","56","56","57","53","55","49","66"
"A00051476","Child Age 14","V1","0","1","0","1","0","0","1","1","0","1","2","1","0","0","0","1","1","0","2","2","2","2","0","0","2","1","0","2","4","3","7","8","8","16","23","14","1","77","63","59","63","86","67","90"
"A00043494","Child- Ages 9-10","V1","0","2","0","0","1","0","1","0","0","0","0","2","1","1","1","0","1","0","1","2","0","0","2","0","0","2","0","0","4","4","8","7","2","9","17","9","1","66","63","58","67","66","66","59"
"A00052461","Child Age 14","V1","0","0","0","0","0","0","0","0","0","0","0","1","0","1","0","0","0","0","0","0","0","0","0","0","0","0","0","0","0","0","0","2","0","2","2","14","1","42","41","41","44","44","44","42"
"A00037458","Adolescent- Age  16-17","V1","0","0","0","1","0","0","0","0","0","0","0","2","0","0","0","0","0","1","0","0","0","0","0","0","0","1","0","1","2","0","2","4","0","4","6","16","2","47","45","48","43","49","53","41"
"A00065934","ONE_DAY-AGE 16-17","VA","0","0","0","0","0","0","0","0","0","0","0","0","0","2","0","0","0","0","0","1","1","0","0","0","1","0","0","1","0","0","0","4","2","6","6","17","1","49","41","41","44","56","52","60"
"A00051691","Child Age 6","V4","0","0","0","0","0","0","0","0","0","1","0","1","0","0","2","0","0","0","0","0","0","0","0","0","0","0","1","0","4","0","4","1","0","1","5","08","1","47","53","58","44","42","42","42"
"A00055866","Child- Ages 9-10","V1","0","1","1","0","0","0","0","0","0","1","0","2","0","1","1","1","0","0","0","1","0","0","1","0","0","0","1","0","4","1","5","6","0","6","11","09","2","60","57","60","51","61","67","42"
"A00066581","ONE_DAY-AGE 12","VA","0","0","0","0","0","0","0","0","0","0","0","0","0","2","0","0","0","0","0","2","0","0","0","0","0","0","0","0","0","0","0","4","0","4","4","12","1","46","42","42","44","51","54","42"
"A00031411","Child- Ages 9-10","V1","0","2","1","0","0","2","0","0","0","0","0","0","1","2","1","0","2","0","1","0","1","0","0","0","0","0","0","0","3","5","8","3","2","5","13","9","2","64","66","55","77","57","53","61"
"A00059327","Child Age 11","V1","0","1","0","0","0","0","0","0","0","1","0","1","0","0","0","0","0","0","0","1","0","0","1","0","0","0","0","1","1","1","2","4","0","4","6","11","2","51","48","46","51","54","58","42"
"A00059733","Child Age 9-10","V1","0","1","0","0","0","0","0","0","0","0","0","0","0","1","1","0","0","0","0","1","0","0","1","0","1","0","0","1","1","1","2","4","1","5","7","09","1","50","47","46","49","54","54","51"
"A00040800","Child Age 16-17","V1","0","0","0","0","0","0","0","0","0","0","0","0","0","1","1","1","0","0","0","0","0","0","0","0","0","1","0","0","3","0","3","1","0","1","4","16","1","45","50","55","44","40","41","42"
"A00052614","Adolescent- Age  16-17","V1","0","1","0","1","0","0","0","0","0","1","1","0","0","1","0","0","0","1","1","1","1","0","0","0","0","0","0","0","2","1","3","3","3","6","9","17","2","51","48","48","48","55","49","66"
"A00039943","Child - Age 15","V1","0","0","0","0","0","0","0","0","0","0","1","1","1","0","0","0","0","0","0","0","1","0","0","0","0","0","0","0","0","1","1","1","2","3","4","15","2","45","43","41","48","47","42","58"
"A00057480","Child Age 9-10","V1","0","0","0","0","0","0","0","0","0","0","0","1","0","0","1","0","0","0","0","1","1","0","0","0","0","0","0","0","1","0","1","2","1","3","4","10","1","46","45","46","44","48","46","51"
"A00033714","Child Age 16-17","V4","0","0","0","0","0","0","0","0","0","1","0","1","0","1","1","0","0","0","0","0","0","0","0","0","0","0","0","1","2","0","2","3","0","3","5","16","1","47","47","50","44","47","48","42"
"A00061749","ONE_DAY-AGE 13","VA","0","1","0","0","0","0","0","1","1","0","0","1","0","0","1","1","0","1","1","0","0","0","0","1","0","0","0","0","4","3","7","1","1","2","9","13","2","51","56","54","58","44","42","49"
"A00035869","Child-Age 12","V1","0","0","0","0","0","0","0","0","0","0","0","0","0","0","0","0","0","0","0","0","0","0","0","0","0","0","0","0","0","0","0","0","0","0","0","12","2","40","42","42","44","40","40","42"
"A00074034","ONE_DAY-AGE 9-10","VA","0","1","0","0","0","0","0","0","0","1","0","1","0","1","0","0","0","0","0","0","1","0","1","0","1","0","0","1","1","1","2","4","2","6","8","10","2","55","48","46","51","61","58","61"
"A00059326","Child -Age 8","V1","0","0","2","2","2","1","2","1","1","1","2","0","0","1","0","2","2","1","1","2","0","1","2","1","2","1","0","1","8","5","13","11","7","18","31","08","1","87","76","74","73","90","82","90"
"A00057725","Child Age 7","V1","0","1","0","0","0","0","0","0","0","0","0","0","0","0","0","0","0","0","0","1","1","0","0","0","0","0","0","1","0","1","1","2","1","3","4","07","2","47","45","42","51","50","49","52"
"A00058061","Child Age 9-10","V1","0","0","0","0","0","0","0","0","0","1","0","1","0","0","1","1","0","0","0","0","0","0","0","0","0","0","0","1","3","0","3","2","0","2","5","10","2","49","51","55","44","47","49","42"
"A00065820","ONE_DAY-Age 9-10","VA","0","1","0","0","0","0","0","0","0","0","0","0","0","0","0","0","0","0","0","0","0","0","0","0","0","0","0","0","0","1","1","0","0","0","1","09","1","41","45","42","49","40","40","42"
"A00027159","Child Age 13","V4","0","1","0","0","0","1","0","0","0","0","0","2","0","2","1","1","0","0","1","1","1","1","1","1","0","0","0","1","2","3","5","8","2","10","15","13","1","64","57","50","63","68","67","60"
