"","","","WHOLE BODY (Body rocking, Body swaying)","HEAD (Rolls head, Nods head, Turns head)","HAND/FINGER (Flaps hands, Wiggles or flicks fingers, Claps hands, Waves or shakes hand or arm)","LOCOMOTION (Turns in circles, Whirls, Jumps, Bounces)","OBJECT USAGE (Spins or twirls objects, Twiddles or slaps or throws objects, Lets objects fall out of hands)","SENSORY (Covers eyes, Looks closely or gazes at hands or objects, Covers ears, Smells or sniffs items, Rubs surfaces)","HITS SELF WITH BODY PART (Hits or slaps head, face, or other body area)","HITS SELF AGAINST SURFACE OR OBJECT (Hits or bangs head or other body part on table, floor or other surface)","HITS SELF WITH OBJECT (Hits or bangs head or other body area with objects)","BITES SELF (Bites hand, wrist, arm, lips or tongue)","PULLS (Pulls hair or skin)","RUBS OR SCRATCHES SELF (Rubs or scratches marks on arms, leg, face or torso)","INSERTS FINGER OR OBJECT (Eye-poking, Ear-poking)","SKIN PICKING (Picks at skin on face, hands, arms, legs or torso)","ARRANGING/ORDERING (Arranges certain objects in a particular pattern or place; Need for things to be even or symmetrical)","COMPLETENESS (Must have doors opened or closed; Takes all items out of a container or area)","WASHING/CLEANING (Excessively cleans certain body parts; Picks at lint or loose threads)","CHECKING (Repeatedly checks doors, windows, drawers, appliances, clocks, locks, etc.)","COUNTING (Counts items or objects; Counts to a certain number or in a certain way)","HOARDING/SAVING (Collects, hoards or hides specific items)","REPEATING (Need to repeat routine events; In/out door, up/down from chair, clothing on/off)","TOUCH/TAP (Need to touch, tap, or rub items, surfaces, or people)","EATING/MEALTIME (Strongly prefers/insists on eating/drinking only certain things; Eats or drinks items in a set order; Insists that meal related items are arranged in a certain way)","SLEEPING/BEDTIME (Insists on certain pre-bedtime routines; Arranges items in room 'just so' prior to bedtime; Insists that certain items be present with him/her during sleep; Insists that another person be present prior to or during sleep)","SELF-CARE - BATHROOM AND DRESSING (Insists on specific order of activities or tasks related to using the bathroom, to washing, showering, bathing or dressing; Arranges items in a certain way in the bathroom or insists that bathroom items not be moved; Insists on wearing certain clothing items)","TRAVEL/TRANSPORTATION (Insists on taking certain routes/paths; Must sit in specific location in vehicles; Insists that certain items be present during travel, e.g., toy or material; Insists on seeing or touching certain things or places during travel such as a sign or store)","PLAY/LEISURE (Insists on certain play activities; Follows a rigid routine during play/leisure; Insists that certain items be present/available during play/leisure; Insists that other persons do certain things during play)","COMMUNICATION/SOCIAL INTERACTIONS (Repeats same topic(s) during social interactions; Repetitive questioning; Insists on certain topics of conversation; Insists that others say certain things or respond in certain ways during interactions)","Insists that things remain in the same place(s) (e.g. toys, supplies, furniture, pictures, etc.)","Objects to visiting new places","Becomes upset if interrupted in what he/she is doing","Insists on walking in a particular pattern (e.g., straight line)","Insists on sitting at the same place","Dislikes changes in appearance or behavior of the people around him/her","Insists on using a particular door","Likes the same CD, tape, record or piece of music played continually; Likes same movie/video or part of movie/video","Resists changing activities; Difficulty with transitions","Insists on same routine, household, school or work schedule everyday","Insists that specific things take place at specific times","Fascination, preoccupation with one subject or activity (e.g., trains, computers, weather, dinosaurs)","Strongly attached to one specific object","Preoccupation with part(s) of object rather than the whole object (e.g., buttons on clothes, wheels on toy cars)","Fascination, preoccupation with movement/things that move (e.g., fans, clocks)","Overall, if you 'lump together' all of the behaviors described in this questionnaire, how much of a problem are these repetitive behaviors (both for the person with autism, as well as how they affect the people around them)? <br><br>Please rate on a scale from 1 to 100, where 1 = not a problem at all, and 100 = as bad as you can imagine:</br></br>","Subscale I Score","NUMBER ENDORSED:STEREOTYPIC BEHAVIOR","SUBSCALE II SCORE","NUMBER ENDORSED: SELF INJURIOUS BEHAVIOR","SUBSCALE III SCORE","NUMBER ENDORSED: COMPULSIVE BEHAVIOR","SUBSCALE IV SCORE: RITUALISTIC/SAMENESS","NUMBER ENDORSED: RITUALISTIC/SAMENESS","SUBSCALE V SCORE","NUMBER ENDORSED:RESTRICTED INTERESTS","TOTAL SCORE","TOTAL NUMBER ENDORSED"
"Anonymized ID","Subject Type","Visit","RBS_01","RBS_02","RBS_03","RBS_04","RBS_05","RBS_06","RBS_07","RBS_08","RBS_9","RBS_10","RBS_11","RBS_12","RBS_13","RBS_14","RBS_15","RBS_16","RBS_17","RBS_18","RBS_19","RBS_20","RBS_21","RBS_22","RBS_23","RBS_24","RBS_25","RBS_26","RBS_27","RBS_28","RBS_29","RBS_30","RBS_31","RBS_32","RBS_33","RBS_34","RBS_35","RBS_36","RBS_37","RBS_38","RBS_39","RBS_40","RBS_41","RBS_42","RBS_43","RBS_44","RBS_45","RBS_46","RBS_47","RBS_48","RBS_49","RBS_50","RBS_51","RBS_52","RBS_53","RBS_54","RBS_55","RBS_56"
"A00055920","Child Age 9-10","V1","0","0","0","0","0","0","0","0","0","0","0","0","0","0","0","0","0","0","0","0","0","0","0","0","0","0","0","0","0","0","0","0","0","0","0","0","0","0","0","0","0","0","0","1","0","0","0","0!WithErrors!","0","0","0","0","0","0","0","0!WithErrors!"
"A00065941","ONE_DAY-AGE 15","VA","0","0","0","0","0","0","0","0","0","0","0","0","0","0","0","0","0","0","0","0","0","0","0","0","0","0","0","0","0","0","0","0","0","0","0","0","0","0","0","0","0","0","0","1","0","0","0","0!WithErrors!","0","0","0","0","0","0","0","0!WithErrors!"
"A00064505","ONE_DAY-AGE 15","VA","0","0","0","0","0","0","0","0","0","0","0","0","0","0","0","0","0","0","0","0","0","0","0","0","0","0","0","0","0","0","0","0","0","0","0","0","0","0","0","0","0","0","0","1","0","0","0","0!WithErrors!","0","0","0","0","0","0","0","0!WithErrors!"
"A00066584","ONE_DAY-Age 16-17","VA","0","0","0","0","0","0","0","0","0","0","0","0","0","0","0","0","0","0","0","0","0","0","0","0","0","0","0","0","0","0","0","0","0","0","0","0","0","0","0","0","0","0","0","1","0","0","0","0!WithErrors!","0","0","0","0","0","0","0","0!WithErrors!"
"A00055158","Child Age 13","V1","0","0","0","0","0","0","0","0","0","3","0","0","0","0","0","0","0","0","0","0","0","0","0","0","0","0","0","0","0","0","2","0","0","0","0","0","0","0","0","0","0","0","0","2","0","0","3","1!WithErrors!","0","0","2","1","0","0","5","1!WithErrors!"
"A00059865","Child Age 14","V1","0","0","0","0","0","0","0","0","0","0","1","0","0","0","0","0","0","0","0","0","0","0","0","0","0","0","0","0","0","0","1","0","0","1","0","0","1","0","0","0","0","0","0","1","0","0","1","1!WithErrors!","0","0","3","3","0","0","4","3!WithErrors!"
"A00062369","ONE_DAY-AGE 16-17","VA","0","0","0","0","0","0","0","0","0","0","0","0","0","0","0","0","0","0","0","0","0","0","0","0","0","0","0","0","0","0","0","0","0","0","0","0","0","0","0","0","0","0","0","1","0","0","0","0!WithErrors!","0","0","0","0","0","0","0","0!WithErrors!"
"A00040117","Child Age 8","V5","2","0","2","3","3","1","2","2","2","0","0","1","0","1","1","0","0","0","1","0","0","1","3","1","1","0","1","0","0","0","1","0","1","1","0","1","1","0","1","1","0","1","0","40","13","7","8","4!WithErrors!","2","2","6","6","2","2","31","17!WithErrors!"
"A00056746","Child Age 8","V1","0","0","0","0","0","0","0","0","0","0","0","0","0","0","0","0","0","0","0","0","0","0","0","0","0","0","0","0","0","0","1","0","0","0","0","0","0","0","0","1","0","0","0","10","0","0","0","0!WithErrors!","0","0","1","1","1","1","2","2!WithErrors!"
"A00062798","ONE_DAY-Age 6","VA","2","1","2","1","2","2","2","1","1","2","2","1","1","2","1","1","1","2","2","1","0","1","1","1","1","1","1","1","2","2","2","2","0","2","2","2","2","2","2","2","2","2","2","100","15","9","12","7!WithErrors!","8","6","19","11","6","3","60","29!WithErrors!"
"A00055832","Child- Age 6","V1","0","0","0","0","0","0","0","0","0","0","0","0","0","0","0","0","0","0","0","0","0","0","0","0","0","0","0","0","0","0","0","0","0","0","0","0","0","0","0","0","0","0","0","1","0","0","0","0!WithErrors!","0","0","0","0","0","0","0","0!WithErrors!"
"A00056307","Child Age 8","V4","0","0","0","0","0","0","0","0","0","0","0","0","0","0","0","0","0","0","0","0","0","0","0","0","0","0","0","0","0","0","0","0","0","0","0","0","0","0","0","0","0","0","0","1","0","0","0","0!WithErrors!","0","0","0","0","0","0","0","0!WithErrors!"
"A00031410","Child- Ages 9-10","V1","0","0","0","0","0","0","0","0","0","0","0","0","0","0","0","0","0","0","0","0","0","0","0","0","0","0","0","0","0","0","0","0","0","0","0","0","0","0","0","0","0","0","0","1","0","0","0","0!WithErrors!","0","0","0","0","0","0","0","0!WithErrors!"
"A00073545","ONE_DAY-AGE 7","VA","0","0","0","0","0","0","0","0","0","0","0","0","0","0","1","0","0","0","0","0","0","0","2","0","0","0","0","0","0","0","0","0","0","0","0","0","0","0","0","0","0","0","0","1","0","0","0","0!WithErrors!","1","1","0","0","0","0","1","1!WithErrors!"
"A00063425","ONE_DAY-Age 14","VA","0","0","0","0","0","0","0","0","0","0","0","0","0","0","0","1","0","0","0","0","0","0","0","0","0","0","0","1","0","0","0","0","0","0","0","0","0","0","0","0","0","0","0","1","0","0","0","0!WithErrors!","1","1","1","1","0","0","2","2!WithErrors!"
"A00062144","ONE_DAY-Age 15","VA","0","0","0","0","0","0","0","0","0","0","0","2","0","1","0","0","0","0","0","1","0","0","0","0","0","0","0","0","0","0","2","0","0","0","0","0","1","0","0","2","0","0","0","20","0","0","3","2!WithErrors!","1","1","3","2","2","1","9","4!WithErrors!"
"A00059109","Child Age 11","V1","0","0","0","0","0","0","0","0","0","0","0","0","0","0","0","0","0","0","0","0","0","0","0","0","0","0","0","0","0","0","0","0","0","0","0","0","0","0","0","0","0","0","0","1","0","0","0","0!WithErrors!","0","0","0","0","0","0","0","0!WithErrors!"
"A00065261","ONE_DAY-AGE 9-10","VA","0","0","0","0","0","0","0","0","0","0","0","0","0","0","0","0","0","0","0","0","0","0","0","0","0","0","0","0","0","0","0","0","0","0","0","0","0","0","0","0","1","0","0","1","0","0","0","0!WithErrors!","0","0","0","0","1","1","1","1!WithErrors!"
"A00057863","Child Age 8","V1","0","1","0","0","0","1","0","0","0","0","0","0","0","0","0","0","0","0","0","0","0","0","1","0","0","0","0","0","0","0","0","0","0","0","0","0","0","0","0","1","1","0","0","2","2","2","0","0!WithErrors!","0","0","0","0","2","2","4","4!WithErrors!"
"A00065486","ONE_DAY-Age 8","VA","0","0","0","1","1","0","0","0","0","0","0","0","0","0","0","1","0","0","0","0","0","0","0","2","0","0","0","1","0","0","0","0","0","0","0","0","0","0","0","1","0","0","0","10","2","2","0","0!WithErrors!","1","1","1","1","1","1","5","5!WithErrors!"
"A00062989","ONE_DAY-Age 15","VA","0","0","0","0","0","0","0","0","0","0","0","0","0","0","1","0","0","0","0","0","0","0","0","0","0","0","0","0","0","0","1","0","0","0","0","0","0","1","0","0","1","0","0","1","0","0","0","0!WithErrors!","1","1","2","2","1","1","4","4!WithErrors!"
"A00052237","Child Age 16-17","V1","0","0","0","1","0","0","0","0","0","0","0","0","0","1","0","0","0","0","0","0","0","0","0","0","0","1","0","0","0","0","0","0","1","0","0","0","1","0","0","0","0","0","0","2","1","1","1","1!WithErrors!","0","0","3","3","0","0","5","4!WithErrors!"
"A00065178","ONE_DAY-Age 9-10","VA","0","0","0","0","0","0","0","1","0","0","0","0","0","0","0","0","0","0","0","0","0","0","0","0","0","0","0","0","0","0","0","0","0","0","0","1","1","0","0","0","0","0","0","1","0","0","1","1!WithErrors!","0","0","1","1","1","1","3","2!WithErrors!"
"A00059733","Child Age 9-10","V1","0","0","0","0","0","0","0","0","0","0","0","0","0","0","0","0","0","0","0","0","0","0","0","0","0","0","0","0","0","2","2","0","0","0","0","0","2","0","0","1","0","0","0","15","0","0","0","0!WithErrors!","0","0","6","3","1","1","7","4!WithErrors!"
"A00035377","Child Age 16-17","V5","0","0","0","0","0","0","0","0","0","0","0","0","0","0","0","0","0","0","0","0","0","0","0","0","0","0","0","0","0","0","0","0","0","0","0","0","0","0","0","0","0","0","0","1","0","0","0","0!WithErrors!","0","0","0","0","0","0","0","0!WithErrors!"
"A00055332","Child - Age 15","V1","0","0","0","0","0","0","0","0","0","0","0","0","0","0","0","0","0","0","0","0","0","1","0","0","0","0","0","0","0","0","0","0","0","0","0","0","0","0","0","0","0","0","0","1","1","1","0","0!WithErrors!","0","0","0","0","0","0","1","1!WithErrors!"
"A00062996","ONE_DAY-AGE 11","VA","0","0","0","1","0","0","0","0","0","0","0","0","0","0","0","0","0","0","0","0","0","0","0","0","0","0","0","0","0","0","1","0","0","0","0","0","0","0","0","0","0","0","0","4","1","1","0","0!WithErrors!","0","0","1","1","0","0","2","2!WithErrors!"
"A00058537","Child Age 14","V1","0","0","0","0","0","0","0","0","0","0","0","0","0","1","0","0","0","0","0","0","0","0","2","0","0","0","0","0","0","0","1","0","0","0","0","0","0","0","0","0","0","0","0","25","0","0","1","1!WithErrors!","0","0","1","1","0","0","2","1!WithErrors!"
"A00065992","ONE_DAY-Age 7","VA","0","0","0","1","0","0","0","0","0","0","0","0","0","0","0","0","0","0","0","2","0","1","0","0","0","0","0","0","0","0","0","0","0","0","0","0","0","0","0","0","0","0","0","1","2","2","0","0!WithErrors!","2","1","0","0","0","0","4","3!WithErrors!"
"A00040556","Child Age 9-10","V4","0","0","0","0","0","0","0","0","0","0","0","0","0","0","0","0","0","0","0","0","0","0","0","0","0","0","0","0","0","0","0","0","0","0","0","0","0","0","0","0","0","0","0","1","0","0","0","0!WithErrors!","0","0","0","0","0","0","0","0!WithErrors!"
"A00018030","Child Age 13","V4","0","0","0","0","0","0","0","0","0","0","0","0","0","0","0","0","0","0","0","0","0","0","0","0","0","0","0","0","0","0","0","0","0","0","0","0","0","0","0","0","0","0","0","1","0","0","0","0!WithErrors!","0","0","0","0","0","0","0","0!WithErrors!"
"A00039866","Child-Age 12","V1","0","0","0","0","0","0","0","0","0","0","0","0","0","0","0","0","0","0","0","0","0","0","0","0","0","0","0","0","0","0","0","0","0","0","0","0","0","0","0","0","0","0","0","1","0","0","0","0!WithErrors!","0","0","0","0","0","0","0","0!WithErrors!"
"A00054206","Child Age 14","V1","0","0","0","0","0","0","0","0","0","0","0","3","0","3","0","0","0","0","0","0","0","0","0","0","0","0","0","0","0","0","0","0","0","0","0","0","0","0","0","0","0","0","0","1","0","0","6","2!WithErrors!","0","0","0","0","0","0","6","0!WithErrors!"
"A00037125","Child-Age 7 ","V1","0","0","0","0","0","0","0","0","0","0","0","0","0","0","0","0","0","0","0","0","0","0","0","0","0","0","0","0","0","0","0","0","0","0","0","2","0","0","0","0","0","0","0","5","0","0","0","0!WithErrors!","0","0","0","0","2","1","2","1!WithErrors!"
"A00056628","Child- Age 13","V1","1","0","1","0","1","1","0","0","0","0","0","0","0","1","0","1","0","0","0","1","0","1","0","0","0","0","1","1","1","0","1","0","0","0","0","0","1","0","0","3","2","0","0","50","5","5","1","1!WithErrors!","2","2","4","4","5","2","17","13!WithErrors!"
"A00052614","Adolescent- Age  16-17","V1","0","0","0","0","0","0","0","0","0","0","0","0","0","1","0","0","0","0","0","1","0","0","0","0","0","0","0","0","0","0","0","0","0","0","0","0","0","0","0","0","0","0","0","1","0","0","1","1!WithErrors!","1","1","0","0","0","0","2","1!WithErrors!"
"A00054581","Child Age 9-10","V1","0","0","0","0","1","1","0","0","0","0","0","0","0","0","1","0","1","0","0","0","0","0","0","0","0","0","0","0","0","0","1","0","0","0","0","0","0","0","0","0","0","0","0","5","2","2","0","0!WithErrors!","2","2","1","1","0","0","5","5!WithErrors!"
"A00061730","ONE_DAY-Age 11","VA","0","0","0","0","0","1","0","0","0","0","0","0","0","0","0","0","0","0","1","2","0","2","2","0","0","0","0","0","2","0","1","0","0","2","0","1","2","0","0","0","0","0","0","60","3","2","0","0!WithErrors!","3","2","5","3","1","1","12","8!WithErrors!"
"A00059142","Child Age 7","V1","0","0","0","1","0","1","0","0","0","0","0","0","0","0","0","0","0","0","0","0","0","0","0","1","1","0","1","0","1","0","1","0","1","0","0","0","1","1","1","0","0","0","0","5","2","2","0","0!WithErrors!","0","0","6","6","0","0","8","8!WithErrors!"
"A00057809","Child Age 8","V1","0","0","0","0","0","0","0","0","0","0","0","0","0","0","0","0","0","0","0","0","0","0","0","0","0","0","0","0","0","0","0","0","0","0","0","0","0","0","0","0","0","0","0","1","0","0","0","0!WithErrors!","0","0","0","0","0","0","0","0!WithErrors!"
"A00043740","Child Age 15","V1","0","0","0","0","1","0","0","0","0","0","0","1","0","1","0","0","0","0","0","0","0","0","0","0","0","0","0","0","0","0","1","0","1","0","0","0","3","0","0","0","0","0","0","10","1","1","2","2!WithErrors!","0","0","5","3","0","0","8","4!WithErrors!"
"A00055122","Child Age 15","V4","0","0","0","0","0","0","0","0","0","0","0","0","0","0","0","0","0","0","0","0","0","0","0","0","0","0","0","0","0","0","0","0","0","0","0","0","0","0","0","0","0","0","0","1","0","0","0","0!WithErrors!","0","0","0","0","0","0","0","0!WithErrors!"
"A00037459","Child- Age 13","V1","0","0","0","0","0","0","0","0","0","0","0","0","0","0","0","0","0","0","0","0","0","0","0","0","0","0","0","0","0","0","0","0","0","0","0","0","0","0","0","1","1","0","0","1","0","0","0","0!WithErrors!","0","0","0","0","2","2","2","2!WithErrors!"
"A00058756","Child Age 11","V1","0","0","0","0","0","0","0","0","0","0","0","0","0","0","0","0","0","0","0","0","0","0","0","2","0","0","0","0","0","0","1","0","0","0","0","0","0","0","0","0","0","0","0","1","0","0","0","0!WithErrors!","0","0","1","1","0","0","1","1!WithErrors!"
"A00053873","Child Age 6","V1","0","0","0","0","0","0","0","0","0","0","0","0","0","0","0","0","0","0","0","0","0","0","0","0","0","0","0","0","0","0","1","0","1","0","0","0","0","0","0","0","0","0","0","1","0","0","0","0!WithErrors!","0","0","2","2","0","0","2","2!WithErrors!"
"A00053490","Child Age 12","V4","0","0","0","0","0","0","0","0","0","0","0","0","0","0","0","0","0","0","0","0","0","0","0","0","0","0","0","0","0","0","0","0","0","0","0","0","0","0","0","0","0","0","0","1","0","0","0","0!WithErrors!","0","0","0","0","0","0","0","0!WithErrors!"
"A00055693","Child -Age 8","V1","0","0","0","0","0","0","0","0","0","0","0","0","0","0","0","0","0","0","0","0","0","0","0","0","0","0","0","0","0","0","0","0","0","0","0","0","0","0","0","0","0","0","0","1","0","0","0","0!WithErrors!","0","0","0","0","0","0","0","0!WithErrors!"
"A00043822","Child -Age 8","V1","1","0","0","1","1","2","0","0","0","0","0","1","0","0","1","1","0","0","1","1","0","0","2","2","1","1","2","2","2","1","3","0","1","1","0","1","3","3","1","2","2","2","2","80","9","6","1","1!WithErrors!","4","4","18","10","5","3","37","23!WithErrors!"
"A00058053","Child Age 14","V1","0","0","0","0","0","0","0","0","0","0","0","0","0","0","0","0","0","0","0","0","0","0","0","0","0","0","0","0","0","0","0","0","0","0","0","0","0","0","0","0","0","0","0","1","0","0","0","0!WithErrors!","0","0","0","0","0","0","0","0!WithErrors!"
"A00056295","Child Age 12","V1","1","0","0","0","1","0","0","0","0","0","0","0","0","1","0","0","0","0","0","0","0","0","0","0","0","0","0","0","0","0","0","0","0","0","0","0","0","0","0","0","0","0","0","2","2","2","1","1!WithErrors!","0","0","0","0","0","0","3","2!WithErrors!"
"A00043758","Adolescent- Age  16-17","V1","0","0","0","0","0","0","0","0","0","0","0","0","0","1","0","0","0","0","0","0","0","0","0","0","0","0","0","0","0","0","0","0","0","0","0","0","0","0","0","0","0","0","0","1","0","0","1","1!WithErrors!","0","0","0","0","0","0","1","0!WithErrors!"
"A00035945","Child Age 14","V4","0","0","0","0","0","0","0","0","0","0","0","0","0","0","0","0","0","0","0","0","0","0","~<userSkipped>~","0","0","0","0","0","0","0","0","0","0","0","0","0","0","0","0","0","0","0","0","1","0","0","0","0!WithErrors!","0","0","0","0","0","0","0","0!WithErrors!"
"A00059734","Child Age 6","V1","0","0","0","0","0","0","0","0","0","0","0","0","0","0","0","0","0","0","0","0","0","0","0","0","0","0","0","0","0","0","0","0","0","0","0","0","0","0","0","0","0","0","0","1","0","0","0","0!WithErrors!","0","0","0","0","0","0","0","0!WithErrors!"
"A00062370","ONE_DAY-AGE 16-17","VA","0","0","0","0","0","0","0","0","0","0","0","0","0","0","0","0","0","0","0","0","0","0","0","0","0","0","0","0","0","0","0","0","0","0","0","0","0","0","0","0","0","0","0","1","0","0","0","0!WithErrors!","0","0","0","0","0","0","0","0!WithErrors!"
"A00062085","ONE_DAY-AGE 8","VA","0","0","0","0","0","0","0","0","0","0","0","0","0","0","0","0","0","0","0","0","0","0","0","0","0","0","0","0","0","0","0","0","0","0","0","0","0","0","0","0","0","0","0","1","0","0","0","0!WithErrors!","0","0","0","0","0","0","0","0!WithErrors!"
"A00055921","Child Age 7","V4","0","0","0","0","0","0","0","0","0","0","0","0","0","0","0","0","0","0","0","0","0","0","0","0","0","0","0","0","0","0","0","0","0","0","0","0","0","0","0","0","0","0","0","1","0","0","0","0!WithErrors!","0","0","0","0","0","0","0","0!WithErrors!"
"A00043240","Child - Age 15","V1","0","0","0","0","0","0","0","0","0","0","0","0","0","0","0","0","0","0","0","1","0","0","0","0","0","0","0","0","1","0","0","0","1","0","0","1","0","0","0","0","0","0","0","1","0","0","0","0!WithErrors!","1","1","1","1","1","1","3","3!WithErrors!"
"A00040556","Child- Ages 9-10","V1","0","0","0","0","0","0","0","0","0","0","0","0","0","0","0","0","0","0","0","0","0","0","0","0","0","0","0","0","0","0","1","0","1","0","0","0","0","0","0","0","0","0","0","1","0","0","0","0!WithErrors!","0","0","2","2","0","0","2","2!WithErrors!"
"A00035869","Child-Age 12","V1","0","0","0","0","0","0","0","0","0","0","0","0","0","0","0","0","0","0","0","0","0","0","0","0","0","0","0","0","0","0","0","0","0","0","0","0","0","0","0","0","0","0","0","1","0","0","0","0!WithErrors!","0","0","0","0","0","0","0","0!WithErrors!"
"A00035561","Child Age 12","V4","0","0","0","0","0","0","0","0","0","0","0","0","0","0","0","0","0","0","0","0","0","0","0","0","0","0","0","0","0","0","0","0","0","0","0","0","0","0","0","0","0","0","0","1","0","0","0","0!WithErrors!","0","0","0","0","0","0","0","0!WithErrors!"
"A00027443","Child - Age 15","V1","0","0","0","0","0","0","0","0","0","0","0","0","0","0","0","0","0","0","0","0","0","0","0","0","0","0","0","0","0","0","0","0","0","0","0","0","0","0","0","0","0","0","0","1","0","0","0","0!WithErrors!","0","0","0","0","0","0","0","0!WithErrors!"
"A00031578","Child Age 12","V5","0","0","0","1","0","0","0","0","0","0","0","0","0","0","0","0","0","0","0","1","0","0","1","0","0","0","0","0","0","0","1","0","0","0","0","0","0","0","0","0","1","0","0","1","1","1","0","0!WithErrors!","1","1","1","1","1","1","4","4!WithErrors!"
"A00058685","Child Age 16-17","V1","0","0","0","0","0","0","0","0","0","0","0","0","0","0","0","0","0","0","0","0","0","0","0","0","0","0","0","0","0","0","0","0","0","0","0","0","0","0","0","0","0","0","0","1","0","0","0","0!WithErrors!","0","0","0","0","0","0","0","0!WithErrors!"
"A00052183","Child Age 16-17","V4","0","0","0","0","0","0","0","0","0","0","0","0","0","0","0","0","0","0","0","0","0","0","0","0","0","0","0","0","0","0","0","0","0","0","0","0","0","0","0","0","0","0","0","~<userSkipped>~","0","0","0","0!WithErrors!","0","0","0","0","0","0","0","0!WithErrors!"
"A00037483","Child-Age 11","V1","0","0","0","0","0","0","0","0","0","0","0","0","0","0","0","0","0","0","0","0","0","0","0","0","0","0","0","0","0","0","0","0","0","1","0","1","0","0","0","0","0","0","0","1","0","0","0","0!WithErrors!","0","0","1","1","1","1","2","2!WithErrors!"
"A00055462","Child Age 15","V1","0","0","0","0","0","2","0","0","0","0","0","0","0","0","0","0","0","0","0","0","0","0","2","0","0","0","0","0","0","0","0","0","0","0","0","0","1","1","0","0","0","0","0","1","2","1","0","0!WithErrors!","0","0","2","2","0","0","4","3!WithErrors!"
"A00031219","Adolescent- Age  16-17","V1","0","0","1","1","0","0","0","0","0","0","1","0","0","1","1","0","1","0","0","0","0","0","0","1","1","0","0","0","0","0","0","0","0","0","0","0","0","0","1","1","0","0","0","10","2","2","2","2!WithErrors!","2","2","1","1","1","1","8","6!WithErrors!"
"A00032864","Child-Age 11","V1","0","0","0","0","0","0","0","0","0","0","0","0","0","0","0","0","0","0","0","0","0","0","0","0","0","0","0","0","0","0","0","0","0","0","0","0","0","0","0","0","0","0","0","1","0","0","0","0!WithErrors!","0","0","0","0","0","0","0","0!WithErrors!"
"A00065263","ONE_DAY-Age 12","VA","0","0","0","0","0","0","0","0","0","0","0","0","0","0","0","0","0","0","0","0","0","0","1","0","0","0","0","0","0","0","0","0","0","0","0","0","0","0","0","0","0","0","0","1","0","0","0","0!WithErrors!","0","0","0","0","0","0","0","0!WithErrors!"
"A00066697","ONE_DAY-AGE 9-10","VA","0","0","0","0","0","0","0","0","0","0","0","0","0","0","0","0","0","0","0","0","0","0","0","0","0","0","0","0","0","0","0","0","0","0","0","0","0","0","0","1","0","0","0","25","0","0","0","0!WithErrors!","0","0","0","0","1","1","1","1!WithErrors!"
"A00056470","Child Age 12","V1","0","0","0","0","0","0","0","0","0","0","0","0","0","0","0","0","0","0","0","0","0","0","0","0","0","0","0","0","0","0","1","0","0","0","0","0","0","0","0","0","0","0","0","1","0","0","0","0!WithErrors!","0","0","1","1","0","0","1","1!WithErrors!"
"A00034350","Child-Age 11","V1","0","0","0","0","0","0","0","0","0","0","0","0","0","0","0","0","0","0","0","0","0","0","0","0","0","0","0","0","0","0","0","0","0","1","0","1","0","0","0","0","0","0","0","1.5","0","0","0","0!WithErrors!","0","0","1","1","1","1","2","2!WithErrors!"
"A00040798","Child Age 11","V1","0","0","0","0","0","0","0","0","0","0","0","0","0","0","0","0","0","0","0","0","0","0","0","0","0","0","0","0","0","0","0","0","0","0","0","0","0","0","0","0","0","0","0","1","0","0","0","0!WithErrors!","0","0","0","0","0","0","0","0!WithErrors!"
"A00064416","ONE_DAY-Age 16-17","VA","0","0","0","0","0","0","0","0","0","0","0","0","0","0","0","0","0","0","0","0","0","0","0","0","0","0","0","0","0","0","0","0","0","0","0","0","0","0","0","0","0","0","0","1","0","0","0","0!WithErrors!","0","0","0","0","0","0","0","0!WithErrors!"
"A00053406","Child Age 6","V1","0","0","0","0","0","0","0","0","0","0","0","0","0","0","0","0","0","0","0","0","0","0","0","0","0","0","0","0","0","0","0","0","0","0","0","0","0","0","0","0","0","0","0","1","0","0","0","0!WithErrors!","0","0","0","0","0","0","0","0!WithErrors!"
"A00062146","ONE_DAY-AGE 14","VA","0","0","0","0","0","0","0","0","0","0","0","0","0","0","0","0","0","0","0","0","0","0","0","0","0","0","0","0","0","0","0","0","0","0","0","0","0","0","0","0","0","0","0","1","0","0","0","0!WithErrors!","0","0","0","0","0","0","0","0!WithErrors!"
"A00060675","Child- Age 6","V1","0","0","0","0","0","1","0","0","0","0","0","0","0","0","0","0","0","0","0","0","0","1","0","0","0","0","0","0","0","0","0","0","0","0","0","1","1","0","0","0","0","0","0","5","2","2","0","0!WithErrors!","0","0","1","1","1","1","4","4!WithErrors!"
"A00051758","Child - Age 15","V1","0","0","0","0","0","0","0","0","0","0","0","0","0","0","0","0","0","0","0","0","0","0","0","0","0","0","0","0","0","0","0","0","0","0","0","0","0","0","0","0","0","0","0","1","0","0","0","0!WithErrors!","0","0","0","0","0","0","0","0!WithErrors!"
"A00055076","Child Age 9-10","V4","0","0","0","0","0","0","0","0","0","0","0","0","0","0","0","0","0","0","0","0","0","0","0","0","0","0","0","0","0","0","0","0","0","0","0","0","0","0","0","0","0","0","0","1","0","0","0","0!WithErrors!","0","0","0","0","0","0","0","0!WithErrors!"
"A00040581","Child Age 8","V4","0","0","0","0","0","0","0","0","0","0","0","0","0","0","0","0","0","0","0","0","0","0","0","0","0","0","0","0","0","0","0","0","0","0","0","0","0","0","0","0","0","0","0","1","0","0","0","0!WithErrors!","0","0","0","0","0","0","0","0!WithErrors!"
"A00061883","ONE_DAY-AGE 14","VA","0","0","0","0","0","0","0","0","0","0","0","0","0","0","0","0","0","0","0","0","0","0","0","0","0","0","0","0","0","0","0","0","0","0","0","0","0","0","0","0","0","0","0","1","0","0","0","0!WithErrors!","0","0","0","0","0","0","0","0!WithErrors!"
"A00055624","Child Age 9-10","V4","0","0","0","0","0","0","0","0","0","0","0","0","0","0","0","0","0","0","0","0","0","0","0","0","0","0","0","0","0","0","0","0","0","0","0","0","0","0","0","1","0","0","0","1","0","0","0","0!WithErrors!","0","0","0","0","1","1","1","1!WithErrors!"
"A00056165","Child Age 14","V1","0","0","0","0","0","0","0","0","0","0","0","0","0","0","0","0","0","0","0","0","0","0","0","0","0","0","0","0","0","0","0","0","0","0","0","0","0","0","0","0","0","0","0","3","0","0","0","0!WithErrors!","0","0","0","0","0","0","0","0!WithErrors!"
"A00050847","Child Age 9-10","V1","0","0","0","0","0","0","0","0","0","0","0","0","0","0","0","0","0","0","0","0","0","0","0","0","0","0","0","0","0","0","0","0","0","0","0","0","0","0","0","0","0","0","0","1","0","0","0","0!WithErrors!","0","0","0","0","0","0","0","0!WithErrors!"
"A00062353","ONE_DAY-Age 9-10","VA","0","0","0","0","0","0","0","0","0","0","0","0","0","0","0","0","0","0","0","1","0","0","0","0","0","0","0","0","0","0","0","0","0","0","0","0","0","0","0","0","0","0","0","1","0","0","0","0!WithErrors!","1","1","0","0","0","0","1","1!WithErrors!"
"A00056419","Child- Age 6","V1","0","0","0","0","0","0","0","0","0","0","0","0","0","0","0","0","0","0","0","0","0","0","1","1","0","0","0","0","","","","","","","","","","","","0","0","0","0","1","0","0","0","0!WithErrors!","0","0","0!WithErrors!","0!WithErrors!","0!WithErrors!","0!WithErrors!","0!WithErrors!","0!WithErrors!"
"A00044084","Adolescent- Age  16-17","V1","0","0","0","0","0","0","0","0","0","0","0","0","0","0","0","0","0","0","0","0","0","0","0","0","0","0","0","0","0","0","0","0","0","0","0","0","0","0","0","0","0","0","0","1","0","0","0","0!WithErrors!","0","0","0","0","0","0","0","0!WithErrors!"
"A00060099","Child Age 12","V1","0","0","0","1","0","0","0","0","0","0","0","0","0","0","2","1","0","0","0","0","0","0","0","0","0","0","0","0","0","0","0","0","0","0","0","0","0","0","0","0","0","0","0","1","1","1","0","0!WithErrors!","3","2","0","0","0","0","4","3!WithErrors!"
"A00027439","Child - Age 15","V1","0","0","0","0","0","0","0","0","0","0","0","0","0","0","0","0","0","0","0","0","0","0","0","0","0","0","0","0","0","0","0","0","0","0","0","0","0","0","0","0","0","0","0","1","0","0","0","0!WithErrors!","0","0","0","0","0","0","0","0!WithErrors!"
"A00073286","ONE_DAY-AGE 7","VA","0","0","0","0","0","0","1","0","0","0","0","0","0","0","0","0","0","0","0","0","0","0","2","0","0","0","0","0","1","0","1","0","1","1","0","0","0","2","2","2","2","0","0","10","0","0","1","1!WithErrors!","0","0","7","5","4","2","12","7!WithErrors!"
"A00065250","ONE_DAY-Age 9-10","VA","1","0","0","1","1","0","0","0","0","0","0","0","0","0","0","0","0","0","0","1","0","0","0","0","0","0","0","0","0","0","1","0","0","0","0","0","1","0","1","1","1","0","0","20","3","3","0","0!WithErrors!","1","1","3","3","2","2","9","9!WithErrors!"
"A00056920","Child Age 9-10","V1","0","0","0","0","0","0","0","0","0","0","0","0","0","0","0","0","0","0","0","0","0","0","0","0","0","0","0","0","0","0","0","0","0","0","0","0","0","0","0","0","0","0","0","1","0","0","0","0!WithErrors!","0","0","0","0","0","0","0","0!WithErrors!"
"A00055612","Child Age 8","V4","0","0","0","0","0","0","0","0","0","0","0","0","0","0","0","0","0","0","0","0","0","0","0","0","0","0","0","0","0","0","0","0","0","0","0","0","0","0","0","0","0","0","0","1","0","0","0","0!WithErrors!","0","0","0","0","0","0","0","0!WithErrors!"
"A00053320","Child Age 8","V4","0","0","0","0","0","0","0","0","0","0","0","0","0","0","0","0","0","0","0","0","0","0","1","1","0","0","0","0","0","0","1","0","1","0","0","0","0","0","0","0","0","0","0","7","0","0","0","0!WithErrors!","0","0","2","2","0","0","2","2!WithErrors!"
"A00059846","Child - Age 15","V1","0","0","0","0","0","0","0","0","0","0","0","0","0","0","0","0","0","0","0","0","0","0","0","0","0","0","0","0","0","0","0","0","0","0","0","0","0","0","0","0","0","0","0","1","0","0","0","0!WithErrors!","0","0","0","0","0","0","0","0!WithErrors!"
"A00058003","Child Age 8","V1","2","2","3","2","0","3","3","3","3","0","0","0","0","0","0","0","0","0","0","0","0","0","0","0","0","0","0","0","0","0","0","0","0","0","0","0","0","0","0","0","0","0","0","1","12","5","9","2!WithErrors!","0","0","0","0","0","0","21","5!WithErrors!"
"A00050848","Child Age 16-17","V1","0","0","0","0","0","0","0","0","0","0","0","0","0","0","0","0","0","0","0","0","0","0","0","0","0","0","0","0","0","0","0","0","0","0","0","0","0","0","0","0","0","0","0","1","0","0","0","0!WithErrors!","0","0","0","0","0","0","0","0!WithErrors!"
"A00073288","ONE_DAY-AGE 9-10","VA","0","0","0","1","0","0","0","0","0","0","0","0","0","0","0","0","0","0","0","0","0","0","0","0","0","0","0","0","0","1","1","0","0","0","0","0","0","0","0","0","0","0","0","1","1","1","0","0!WithErrors!","0","0","2","2","0","0","3","3!WithErrors!"
"A00061298","ONE_DAY-AGE 16-17","VA","0","0","0","0","0","0","0","0","0","0","0","0","0","1","1","0","0","0","0","0","0","0","0","0","0","0","0","0","0","1","0","0","0","0","0","1","1","0","0","0","0","0","0","1","0","0","1","1!WithErrors!","1","1","2","2","1","1","5","4!WithErrors!"
"A00033714","Child Age 16-17","V4","0","0","0","0","0","0","0","0","0","0","0","0","0","0","0","0","0","0","0","0","0","0","0","0","0","0","0","0","0","0","1","0","0","0","0","1","0","0","0","1","0","0","0","5","0","0","0","0!WithErrors!","0","0","1","1","2","2","3","3!WithErrors!"
"A00055903","Child Age 8","V1","0","0","0","0","0","0","0","0","0","0","0","0","0","0","0","0","0","0","0","0","0","0","0","0","0","0","0","0","0","0","0","0","0","0","0","0","0","0","0","0","0","0","0","85","0","0","0","0!WithErrors!","0","0","0","0","0","0","0","0!WithErrors!"
"A00030980","Child- Age 13","V1","0","0","0","0","0","0","0","0","0","0","0","0","0","0","0","0","0","0","0","0","0","0","0","0","0","0","0","0","0","0","0","0","0","0","0","0","0","0","0","0","0","0","0","1","0","0","0","0!WithErrors!","0","0","0","0","0","0","0","0!WithErrors!"
"A00059422","Child Age 7","V1","0","0","0","0","0","0","0","0","0","0","0","0","0","0","0","0","0","0","0","0","0","0","0","0","0","0","0","0","0","0","0","0","0","0","0","0","0","0","0","0","0","0","0","1","0","0","0","0!WithErrors!","0","0","0","0","0","0","0","0!WithErrors!"
"A00058951","Child Age 8","V1","0","0","0","0","0","0","0","0","0","0","0","0","0","0","0","0","0","0","0","0","0","0","0","0","0","0","0","0","0","0","0","0","0","0","0","0","0","0","0","0","0","0","0","1","0","0","0","0!WithErrors!","0","0","0","0","0","0","0","0!WithErrors!"
"A00035940","Child Age 16-17","V4","0","0","0","0","0","0","0","0","0","0","0","0","0","0","0","0","0","0","0","0","0","0","0","0","0","0","0","0","0","0","0","0","0","0","0","0","0","0","0","0","0","0","0","1","0","0","0","0!WithErrors!","0","0","0","0","0","0","0","0!WithErrors!"
"A00050848","Child Age 16-17","V4","0","0","0","0","0","0","0","0","0","0","0","0","0","0","0","0","1","0","1","0","0","0","0","0","1","1","0","0","1","0","0","0","1","0","0","1","0","0","0","1","1","0","0","2.3","0","0","0","0!WithErrors!","2","2","2","2","3","3","7","7!WithErrors!"
"A00039943","Child Age 16-17","V5","1","1","1","0","0","0","0","0","0","0","0","0","0","0","0","0","0","1","0","0","1","0","0","0","1","0","0","0","0","1","1","0","1","0","0","0","0","0","0","0","0","0","0","50","3","3","0","0!WithErrors!","1","1","3","3","0","0","7","7!WithErrors!"
"A00060100","Child Age 9-10","V1","0","0","0","0","2","0","0","0","0","0","0","0","0","0","0","0","0","0","0","0","0","0","0","0","0","0","0","0","0","0","1","0","0","0","0","0","0","0","0","0","0","0","0","90","2","1","0","0!WithErrors!","0","0","1","1","0","0","3","2!WithErrors!"
"A00066391","ONE_DAY-Age 8","VA","0","0","0","0","0","0","0","0","0","0","0","0","0","0","0","0","0","0","0","0","0","0","0","0","0","0","0","0","0","0","0","0","0","0","0","0","0","0","0","0","0","0","0","1","0","0","0","0!WithErrors!","0","0","0","0","0","0","0","0!WithErrors!"
"A00056605","Child Age 14","V1","0","2","2","0","0","0","0","0","0","0","0","0","0","0","0","0","0","0","0","1","0","0","1","0","0","0","0","0","0","0","2","0","0","0","0","0","1","0","0","0","0","0","0","2","4","2","0","0!WithErrors!","1","1","3","2","0","0","8","5!WithErrors!"
"A00035364","Child Age 14","V4","0","0","0","0","0","0","0","0","0","0","0","0","0","0","0","0","0","0","0","0","0","0","0","0","0","0","0","0","0","0","1","0","0","0","0","0","0","0","0","0","0","0","0","1","0","0","0","0!WithErrors!","0","0","1","1","0","0","1","1!WithErrors!"
"A00060258","Child Age 9-10","V1","0","0","0","0","0","0","0","0","0","0","0","0","0","0","0","0","0","0","0","0","0","0","0","0","0","0","0","0","0","0","0","0","0","0","0","0","0","0","0","0","0","0","0","1","0","0","0","0!WithErrors!","0","0","0","0","0","0","0","0!WithErrors!"
"A00056198","Child Age 9-10","V1","0","0","0","0","0","0","0","0","0","0","0","0","0","0","1","0","0","0","0","0","0","0","0","0","0","0","1","0","1","0","1","0","0","0","0","0","0","0","1","0","0","0","0","20","0","0","0","0!WithErrors!","1","1","3","3","0","0","4","4!WithErrors!"
"A00061415","ONE_DAY-AGE 9-10","VA","0","0","0","0","0","0","0","0","0","0","0","0","0","1","1","0","0","0","0","0","0","0","0","0","0","0","0","0","0","0","0","0","0","0","0","0","0","0","0","3","0","0","0","100","0","0","1","1!WithErrors!","1","1","0","0","3","1","5","2!WithErrors!"
"A00032817","Child-Age 11","V1","0","0","0","0","0","0","0","0","0","0","0","0","0","0","0","0","0","0","0","0","0","0","0","0","0","0","0","0","0","0","0","0","0","0","0","0","0","0","0","0","0","0","0","1","0","0","0","0!WithErrors!","0","0","0","0","0","0","0","0!WithErrors!"
"A00041557","Child- Ages 9-10","V1","0","0","0","1","1","0","0","0","0","0","0","0","0","0","0","0","0","0","0","1","0","0","0","0","0","0","0","0","0","1","2","0","0","0","0","0","1","0","0","1","0","0","0","10","2","2","0","0!WithErrors!","1","1","4","3","1","1","8","7!WithErrors!"
"A00060265","Child Age 11","V1","0","0","0","0","0","0","0","0","0","0","0","0","0","0","0","0","0","0","0","1","0","0","0","0","0","0","0","0","0","0","0","0","0","0","0","0","0","0","0","1","0","0","0","1","0","0","0","0!WithErrors!","1","1","0","0","1","1","2","2!WithErrors!"
"A00031881","Child - Age 15","V1","0","0","0","0","0","0","0","0","0","0","0","0","0","0","0","0","0","0","0","0","0","0","0","0","0","0","0","0","0","0","0","0","0","0","0","0","0","0","0","0","0","0","0","1","0","0","0","0!WithErrors!","0","0","0","0","0","0","0","0!WithErrors!"
"A00060664","Child-Age 12","V1","0","0","0","0","0","0","0","0","0","0","0","0","0","0","0","0","0","0","0","0","0","0","0","0","0","0","0","0","0","0","0","0","0","0","0","0","0","0","0","0","0","0","0","1","0","0","0","0!WithErrors!","0","0","0","0","0","0","0","0!WithErrors!"
"A00058215","Child Age 6","V1","0","0","0","0","0","0","0","0","0","0","0","0","0","0","0","0","0","0","0","0","0","0","0","0","0","0","0","0","0","0","0","0","0","0","0","0","0","0","0","0","0","0","0","1","0","0","0","0!WithErrors!","0","0","0","0","0","0","0","0!WithErrors!"
"A00043494","Child- Ages 9-10","V1","0","0","0","0","0","0","0","0","0","0","0","0","0","0","0","0","0","0","0","0","0","0","0","0","0","0","0","0","0","0","0","0","0","0","0","0","0","0","0","0","0","0","0","50","0","0","0","0!WithErrors!","0","0","0","0","0","0","0","0!WithErrors!"
"A00055728","Child Age 9-10","V1","0","0","0","0","0","0","0","0","0","0","0","0","0","0","0","0","0","0","0","0","0","0","0","0","0","0","0","0","0","0","0","0","0","0","0","0","0","0","0","0","0","0","0","1","0","0","0","0!WithErrors!","0","0","0","0","0","0","0","0!WithErrors!"
"A00034074","Adolescent- Age  16-17","V1","0","0","0","0","0","0","0","0","0","0","0","0","0","0","0","0","0","0","0","0","0","0","0","0","0","0","0","0","0","0","0","0","0","0","0","0","0","0","0","0","0","0","0","1","0","0","0","0!WithErrors!","0","0","0","0","0","0","0","0!WithErrors!"
"A00053873","Child Age 6","V4","0","0","0","0","0","0","0","0","0","0","0","0","0","0","0","0","0","0","0","0","0","0","1","1","0","0","0","0","0","0","1","0","0","0","0","0","0","0","0","0","0","0","0","1","0","0","0","0!WithErrors!","0","0","1","1","0","0","1","1!WithErrors!"
"A00040117","Child- Age 6","V1","0","0","0","1","3","0","1","3","3","0","0","0","0","0","2","2","0","2","1","3","0","3","1","0","0","0","0","2","0","0","1","0","0","0","0","0","0","0","0","0","1","0","1","1","8","4","7","2!WithErrors!","10","5","3","2","1","1","29","12!WithErrors!"
"A00052613","Child - Age 14","V1","0","0","0","0","0","0","0","0","0","0","0","0","0","0","0","0","0","0","0","0","0","0","0","0","0","0","0","0","0","0","0","0","0","0","0","0","0","0","0","0","0","0","0","1","0","0","0","0!WithErrors!","0","0","0","0","0","0","0","0!WithErrors!"
"A00031578","Child- Ages 9-10","V1","0","0","0","0","0","1","0","0","0","0","0","0","0","0","0","1","0","0","0","0","0","0","1","0","0","0","0","0","0","0","0","0","0","0","0","0","0","0","0","0","0","0","0","1","1","1","0","0!WithErrors!","1","1","0","0","0","0","2","2!WithErrors!"
"A00056138","Child Age 15","V4","0","0","0","0","0","0","0","0","0","0","0","0","0","0","0","0","0","0","0","0","0","0","0","0","0","0","0","0","0","0","0","0","0","0","0","0","0","0","0","0","0","0","0","1","0","0","0","0!WithErrors!","0","0","0","0","0","0","0","0!WithErrors!"
"A00055612","Child -Age 8","V1","0","0","0","0","0","0","0","0","0","0","0","0","0","0","0","0","0","0","0","1","0","0","0","0","0","0","0","0","0","0","1","0","3","0","0","0","1","0","0","0","0","0","0","20","0","0","0","0!WithErrors!","1","1","5","3","0","0","6","4!WithErrors!"
"A00044217","Child- Ages 9-10","V1","0","0","0","0","0","0","0","0","0","0","0","0","0","0","0","0","0","0","0","0","0","0","0","0","0","0","0","0","0","0","1","0","0","0","0","0","1","1","0","0","1","0","0","1","0","0","0","0!WithErrors!","0","0","3","3","1","1","4","4!WithErrors!"
"A00035292","Child Age 12","V5","0","0","0","0","0","0","0","0","0","0","0","0","0","0","0","0","0","0","0","0","0","0","0","0","0","0","0","0","0","0","0","0","0","0","0","0","0","0","0","0","0","0","0","1","0","0","0","0!WithErrors!","0","0","0","0","0","0","0","0!WithErrors!"
"A00065802","ONE_DAY-Age 15","VA","0","0","0","0","0","0","0","0","0","0","0","1","0","0","1","0","0","0","0","0","0","0","0","0","0","0","0","0","0","0","0","0","0","0","0","0","0","0","0","0","0","0","0","2","0","0","1","1!WithErrors!","1","1","0","0","0","0","2","1!WithErrors!"
"A00059316","Child Age 12","V1","0","0","0","1","0","1","0","0","0","0","0","0","0","0","0","0","0","0","0","0","0","0","1","1","0","0","0","0","0","0","1","0","0","0","0","0","0","0","0","0","0","0","0","20","2","2","0","0!WithErrors!","0","0","1","1","0","0","3","3!WithErrors!"
"A00055907","Child Age 7","V1","0","0","0","0","0","0","0","0","0","0","0","0","0","0","0","0","0","0","0","0","0","0","1","0","0","0","0","0","0","0","0","0","0","0","0","0","0","0","0","0","0","0","0","1","0","0","0","0!WithErrors!","0","0","0","0","0","0","0","0!WithErrors!"
"A00052461","Child Age 14","V4","0","0","0","0","0","0","0","0","0","0","0","0","0","0","0","0","0","0","0","0","0","0","0","0","0","0","0","0","0","0","0","0","0","0","0","0","0","0","0","0","0","0","0","1","0","0","0","0!WithErrors!","0","0","0","0","0","0","0","0!WithErrors!"
"A00062349","ONE_DAY-Age 6","VA","0","0","0","0","0","0","0","0","0","0","0","0","0","0","0","0","0","0","0","0","0","1","0","0","0","0","0","0","0","0","0","0","0","0","0","0","0","0","0","0","0","0","0","75","1","1","0","0!WithErrors!","0","0","0","0","0","0","1","1!WithErrors!"
"A00050847","Child Age 9-10","V4","0","0","0","0","0","0","0","0","0","0","0","0","0","0","0","0","0","0","0","0","0","0","0","0","0","0","0","0","0","0","0","0","0","0","0","0","0","0","0","0","0","0","0","1","0","0","0","0!WithErrors!","0","0","0","0","0","0","0","0!WithErrors!"
"A00054578","Child Age 9-10","V1","0","0","1","0","0","0","0","0","0","0","0","0","0","0","0","0","0","0","0","0","0","0","0","0","0","0","0","0","0","0","0","0","0","0","0","0","0","0","0","0","0","0","0","1","1","1","0","0!WithErrors!","0","0","0","0","0","0","1","1!WithErrors!"
"A00056420","Child- Ages 9-10","V1","0","0","0","0","0","0","0","0","0","0","0","0","0","0","0","0","0","0","0","0","0","0","0","0","0","0","0","0","0","0","0","0","0","0","0","0","0","0","0","0","0","0","0","1","0","0","0","0!WithErrors!","0","0","0","0","0","0","0","0!WithErrors!"
"A00035292","Child-Age 11","V1","0","0","0","0","0","0","0","0","0","0","0","0","0","0","0","0","0","0","0","0","0","0","0","0","0","0","0","0","0","0","0","0","0","0","0","0","0","0","0","0","0","0","0","1","0","0","0","0!WithErrors!","0","0","0","0","0","0","0","0!WithErrors!"
"A00053171","Child Age 8","V1","0","0","0","0","0","0","0","0","0","0","0","0","0","0","0","0","0","0","0","1","0","0","2","1","0","1","0","0","1","0","1","0","0","0","0","0","0","0","0","1","1","0","0","37","0","0","0","0!WithErrors!","1","1","2","2","2","2","5","5!WithErrors!"
"A00064596","ONE_DAY-AGE 12","VA","0","0","0","0","0","0","0","0","0","0","0","0","0","0","0","0","0","0","0","0","0","0","0","0","0","0","0","0","0","0","0","0","0","0","0","0","0","0","0","0","0","0","0","1","0","0","0","0!WithErrors!","0","0","0","0","0","0","0","0!WithErrors!"
"A00064503","ONE_DAY-AGE 12","VA","0","0","0","0","0","0","0","0","0","0","0","0","0","1","0","0","0","0","0","0","0","0","0","0","0","0","0","0","0","0","1","0","0","0","0","0","0","0","0","0","0","0","0","1","0","0","1","1!WithErrors!","0","0","1","1","0","0","2","1!WithErrors!"
"A00057405","Child Age 13","V1","0","0","0","0","0","0","0","0","0","0","0","0","0","0","0","0","0","0","0","0","0","0","0","0","0","0","0","0","0","0","0","0","0","0","0","0","0","0","0","0","0","0","0","1","0","0","0","0!WithErrors!","0","0","0","0","0","0","0","0!WithErrors!"
"A00040440","Child -Age 8","V1","0","0","0","0","0","0","0","0","0","0","0","0","0","0","0","0","0","0","0","0","0","0","0","0","0","0","0","0","0","0","0","0","0","0","0","0","0","0","0","0","0","0","0","1","0","0","0","0!WithErrors!","0","0","0","0","0","0","0","0!WithErrors!"
"A00035940","Adolescent- Age  16-17","V1","0","0","0","0","0","0","0","0","0","0","0","0","0","0","0","0","0","0","0","0","0","0","0","0","0","0","0","0","0","0","0","0","0","0","0","0","0","0","0","0","0","0","0","1","0","0","0","0!WithErrors!","0","0","0","0","0","0","0","0!WithErrors!"
"A00056746","Child Age 8","V4","0","0","0","0","0","0","0","0","0","0","0","0","0","0","0","0","0","0","0","0","0","0","0","0","0","0","0","0","0","0","0","0","0","0","0","0","0","0","0","0","0","0","0","5","0","0","0","0!WithErrors!","0","0","0","0","0","0","0","0!WithErrors!"
"A00066580","ONE_DAY-AGE 9-10","VA","0","0","0","0","0","0","0","0","0","0","0","0","0","0","0","0","0","0","0","0","0","0","0","0","0","0","0","0","0","0","0","0","0","0","0","0","0","0","0","0","0","0","0","1","0","0","0","0!WithErrors!","0","0","0","0","0","0","0","0!WithErrors!"
"A00052069","Child Age 9-10","V4","0","0","0","0","0","0","0","0","0","0","0","0","0","0","0","0","0","0","0","0","0","0","0","0","0","0","0","0","0","0","0","0","0","0","0","0","0","0","0","1","0","0","1","1","1","1","0","0!WithErrors!","0","0","0","0","1","1","2","2!WithErrors!"
"A00052461","Child Age 14","V1","0","0","0","0","0","0","0","0","0","0","0","0","0","0","0","0","0","0","0","0","0","0","0","0","0","0","0","0","0","0","0","0","0","0","0","0","0","0","0","0","0","0","0","1","0","0","0","0!WithErrors!","0","0","0","0","0","0","0","0!WithErrors!"
"A00053320","Child -Age 8","V1","0","0","0","0","0","0","0","0","0","0","0","0","0","0","0","0","0","0","0","0","0","0","1","0","1","0","0","0","0","0","0","0","0","0","0","0","0","1","0","0","0","0","0","3","0","0","0","0!WithErrors!","0","0","1","1","0","0","1","1!WithErrors!"
"A00035561","Child-Age 11","V1","0","0","0","0","0","0","0","0","0","0","0","0","0","0","0","0","0","0","0","1","0","0","0","0","0","0","0","0","0","1","0","0","0","1","0","0","0","0","0","0","0","0","0","1.00","0","0","0","0!WithErrors!","1","1","2","2","0","0","3","3!WithErrors!"
"A00050677","Child-Age 7 ","V1","0","0","0","0","0","0","0","0","0","0","0","0","0","0","0","0","0","0","0","0","0","0","0","0","0","0","0","0","0","0","1","0","0","0","0","0","0","0","0","0","0","0","0","1","0","0","0","0!WithErrors!","0","0","1","1","0","0","1","1!WithErrors!"
"A00031881","Child Age 16-17","V4","0","0","0","0","0","0","0","0","0","0","0","0","0","0","0","0","0","0","0","0","0","0","0","0","0","0","0","0","0","0","0","0","0","0","0","0","0","0","0","0","0","0","0","1","0","0","0","0!WithErrors!","0","0","0","0","0","0","0","0!WithErrors!"
"A00040800","Child Age 16-17","V4","0","0","0","0","0","0","0","0","0","0","0","0","0","0","0","0","0","0","0","0","0","0","0","0","0","0","0","0","0","0","0","0","0","0","0","0","0","0","0","0","0","0","0","1","0","0","0","0!WithErrors!","0","0","0","0","0","0","0","0!WithErrors!"
"A00051691","Child Age 6","V4","0","0","0","0","0","0","0","0","0","0","0","0","0","0","0","0","0","0","0","1","0","0","0","0","0","0","0","0","0","0","1","0","0","0","0","0","1","0","0","0","0","0","0","10","0","0","0","0!WithErrors!","1","1","2","2","0","0","3","3!WithErrors!"
"A00055419","Child Age 15","V1","0","0","0","0","0","0","0","0","0","0","0","0","0","0","1","0","0","0","0","0","0","0","0","1","0","0","0","0","1","0","0","0","0","0","0","0","1","1","0","0","0","0","0","10","0","0","0","0!WithErrors!","1","1","2","2","0","0","3","3!WithErrors!"
"A00055122","Child Age 15","V1","0","0","0","0","0","0","0","1","0","0","0","0","0","0","0","0","0","0","0","0","0","0","0","0","0","0","0","0","0","0","0","0","0","0","0","0","0","0","0","1","0","0","0","1","0","0","1","1!WithErrors!","0","0","0","0","1","1","2","1!WithErrors!"
"A00040815","Child Age 9-10","V1","0","0","0","0","0","0","0","0","0","0","0","0","0","0","0","0","0","0","0","0","0","0","0","0","0","0","0","0","0","0","1","0","0","0","0","0","0","0","0","0","0","0","0","50","0","0","0","0!WithErrors!","0","0","1","1","0","0","1","1!WithErrors!"
"A00058004","Child Age 8","V1","0","0","0","0","0","0","0","0","0","0","0","0","0","0","0","0","0","0","0","0","0","0","0","0","0","0","0","0","0","0","0","0","0","0","0","0","0","0","0","0","0","0","0","1","0","0","0","0!WithErrors!","0","0","0","0","0","0","0","0!WithErrors!"
"A00059326","Child -Age 8","V1","0","0","0","0","0","0","0","0","0","0","0","0","0","0","0","0","0","0","0","0","0","0","0","0","0","0","0","0","0","0","0","0","0","0","0","0","0","0","0","0","0","0","0","80","0","0","0","0!WithErrors!","0","0","0","0","0","0","0","0!WithErrors!"
"A00055946","Child-Age 7 ","V1","0","0","0","0","0","0","0","0","0","0","0","0","0","1","0","0","0","0","0","0","0","0","0","0","0","0","0","0","0","0","0","0","0","0","0","0","0","0","0","0","0","0","0","1","0","0","1","1!WithErrors!","0","0","0","0","0","0","1","0!WithErrors!"
"A00055867","Child Age 15","V1","0","0","0","0","0","0","0","0","0","0","0","0","0","1","0","0","0","0","0","0","0","0","0","0","0","0","0","0","0","0","0","0","0","0","0","0","0","0","0","2","0","0","0","15","0","0","1","1!WithErrors!","0","0","0","0","2","1","3","1!WithErrors!"
"A00031578","Child Age 12","V4","0","0","0","0","0","0","0","0","0","0","0","0","0","0","0","0","0","0","0","0","0","0","1","0","0","0","0","0","0","0","0","0","0","0","0","0","0","0","0","0","0","0","0","1","0","0","0","0!WithErrors!","0","0","0","0","0","0","0","0!WithErrors!"
"A00056020","Child- Age 6","V1","0","0","0","0","0","0","0","0","0","0","0","0","0","0","0","0","0","0","0","0","0","0","0","0","0","0","0","0","0","1","1","0","0","0","0","0","0","0","0","0","0","0","0","1","0","0","0","0!WithErrors!","0","0","2","2","0","0","2","2!WithErrors!"
"A00037458","Adolescent- Age  16-17","V1","0","0","0","0","0","0","0","0","0","0","0","0","0","0","0","0","0","0","0","0","0","0","0","0","0","0","0","0","0","0","0","0","0","0","0","0","0","0","0","0","0","0","0","1","0","0","0","0!WithErrors!","0","0","0","0","0","0","0","0!WithErrors!"
"A00035941","Child - Age 14","V1","0","0","0","0","0","0","0","0","0","0","0","0","0","0","0","0","0","0","0","0","0","0","0","0","0","0","0","0","0","0","0","0","0","0","0","0","0","0","0","0","0","0","0","1","0","0","0","0!WithErrors!","0","0","0","0","0","0","0","0!WithErrors!"
"A00043740","Child Age 15","V4","0","0","0","0","1","0","0","0","0","0","0","0","0","1","0","0","0","0","0","0","0","0","0","0","0","0","0","0","0","0","1","0","0","0","0","0","0","0","0","0","0","0","0","10","1","1","1","1!WithErrors!","0","0","1","1","0","0","3","2!WithErrors!"
"A00056225","Child-Age 12","V1","0","0","0","0","0","0","0","0","0","0","0","0","0","0","0","0","0","0","0","0","0","0","0","0","0","0","0","0","0","0","0","0","0","0","0","0","0","0","0","0","0","0","0","100","0","0","0","0!WithErrors!","0","0","0","0","0","0","0","0!WithErrors!"
"A00061923","ONE_DAY-AGE 16-17","VA","0","0","0","1","1","1","0","0","0","0","0","1","0","1","0","1","0","0","0","1","0","1","0","0","0","0","0","1","1","0","1","0","1","1","0","2","2","2","1","2","2","0","0","25","4","4","2","2!WithErrors!","2","2","9","7","6","3","23","16!WithErrors!"
"A00053744","Child Age 16-17","V1","0","0","0","0","0","0","0","0","0","0","0","0","0","0","0","0","0","0","0","0","0","0","1","0","0","0","0","0","0","0","0","0","0","0","0","0","0","0","0","0","0","0","0","5","0","0","0","0!WithErrors!","0","0","0","0","0","0","0","0!WithErrors!"
"A00066784","ONE_DAY-AGE 12","VA","0","0","0","0","0","0","0","0","0","0","0","0","0","0","1","0","0","0","0","0","0","0","0","0","0","0","0","0","0","0","0","0","0","1","0","1","0","0","0","0","0","0","0","2","0","0","0","0!WithErrors!","1","1","1","1","1","1","3","3!WithErrors!"
"A00055267","Child Age 13","V4","0","0","0","0","0","0","0","0","0","0","0","0","0","0","0","0","0","0","0","0","0","0","0","0","0","0","0","0","0","0","0","0","0","0","0","0","0","0","0","0","0","0","0","1","0","0","0","0!WithErrors!","0","0","0","0","0","0","0","0!WithErrors!"
"A00066698","ONE_DAY-AGE 9-10","VA","0","0","0","0","0","0","0","0","0","0","0","0","0","0","0","0","0","0","0","1","0","0","0","0","0","0","0","0","1","0","1","0","1","0","0","0","0","0","0","0","0","0","0","25","0","0","0","0!WithErrors!","1","1","2","2","0","0","3","3!WithErrors!"
"A00055991","Child Age 15","V1","0","0","0","0","0","0","0","0","0","0","0","0","0","0","1","0","0","0","0","0","0","0","0","0","0","0","0","0","0","0","0","0","0","0","0","0","0","0","0","0","0","0","0","1","0","0","0","0!WithErrors!","1","1","0","0","0","0","1","1!WithErrors!"
"A00063006","ONE_DAY-AGE 11","VA","0","0","0","0","0","0","0","0","0","0","3","0","0","0","0","0","0","0","0","0","0","0","0","0","0","0","0","0","0","0","0","0","0","0","0","0","0","0","0","0","0","0","0","100","0","0","3","1!WithErrors!","0","0","0","0","0","0","3","0!WithErrors!"
"A00055693","Child Age 8","V4","0","0","0","0","0","0","0","0","0","0","0","0","0","0","0","0","0","0","0","0","0","0","0","0","0","0","0","0","0","0","0","0","0","0","0","0","0","0","0","0","0","0","0","1","0","0","0","0!WithErrors!","0","0","0","0","0","0","0","0!WithErrors!"
"A00060503","Child Age 13","V1","0","1","0","0","0","0","0","0","0","0","0","0","0","0","0","0","0","0","0","0","0","0","0","0","0","0","0","0","0","0","0","0","0","0","0","0","0","0","0","0","0","0","0","1","1","1","0","0!WithErrors!","0","0","0","0","0","0","1","1!WithErrors!"
"A00057967","Child-Age 11","V1","0","0","0","0","0","0","0","0","0","0","0","0","0","0","0","0","0","0","0","0","0","0","0","0","0","0","0","0","0","0","1","0","0","0","0","0","0","0","0","0","0","0","0","1","0","0","0","0!WithErrors!","0","0","1","1","0","0","1","1!WithErrors!"
"A00040815","Child Age 9-10","V4","0","0","0","0","0","0","0","0","0","0","0","0","0","0","0","0","0","0","0","0","0","0","0","0","0","0","0","0","0","0","0","0","0","0","0","0","0","0","0","0","0","0","0","1","0","0","0","0!WithErrors!","0","0","0","0","0","0","0","0!WithErrors!"
"A00066396","ONE_DAY-Age 14","VA","0","0","0","0","0","0","0","0","0","0","0","0","0","0","0","0","0","0","0","0","0","0","0","0","0","0","0","0","0","0","0","0","0","0","0","0","0","0","0","0","0","0","0","1","0","0","0","0!WithErrors!","0","0","0","0","0","0","0","0!WithErrors!"
"A00058061","Child Age 9-10","V1","0","0","0","0","0","1","0","0","0","0","0","1","0","1","0","0","0","0","0","0","0","0","1","0","0","0","0","1","0","0","1","0","0","0","0","0","0","0","0","0","0","0","0","3","1","1","2","2!WithErrors!","0","0","2","2","0","0","5","3!WithErrors!"
"A00040342","Child- Age 13","V1","0","0","0","0","0","0","0","0","0","0","0","0","0","0","0","0","0","0","0","0","0","0","0","0","0","0","0","0","0","0","1","0","1","1","0","0","1","1","1","0","0","0","0","30","0","0","0","0!WithErrors!","0","0","6","6","0","0","6","6!WithErrors!"
"A00052182","Child Age 12","V4","0","0","0","0","0","0","0","0","0","0","0","0","0","0","1","1","1","0","0","0","0","1","1","1","1","0","1","0","1","0","1","0","0","0","0","0","0","0","1","0","0","0","0","20","1","1","0","0!WithErrors!","3","3","3","3","0","0","7","7!WithErrors!"
"A00074034","ONE_DAY-AGE 9-10","VA","0","0","0","0","0","0","0","0","0","0","0","0","0","0","0","0","0","0","0","0","0","0","0","0","0","0","0","0","0","0","1","0","0","0","0","0","0","0","0","0","0","0","0","1","0","0","0","0!WithErrors!","0","0","1","1","0","0","1","1!WithErrors!"
"A00035364","Child-Age 12","V1","0","0","0","0","0","0","0","0","0","0","0","0","0","0","0","0","0","0","0","0","0","0","0","0","0","0","0","0","0","0","0","0","0","0","0","0","0","0","0","0","0","0","0","1","0","0","0","0!WithErrors!","0","0","0","0","0","0","0","0!WithErrors!"
"A00041557","Child Age 9-10","V4","0","0","0","0","2","0","0","0","0","0","0","0","0","0","0","0","0","0","0","0","0","0","0","0","0","0","0","0","0","0","1","0","0","0","0","0","1","0","0","0","0","0","0","30","2","1","0","0!WithErrors!","0","0","2","2","0","0","4","3!WithErrors!"
"A00035291","Child Age 14","V5","0","0","0","0","0","0","0","0","0","0","0","0","0","0","0","0","0","0","0","0","0","0","0","0","0","0","0","0","0","0","0","0","0","0","0","0","0","0","0","0","0","0","0","1","0","0","0","0!WithErrors!","0","0","0","0","0","0","0","0!WithErrors!"
"A00055908","Child Age 9-10","V1","0","0","0","0","0","0","0","0","0","0","0","0","0","0","0","0","0","0","0","0","0","0","0","0","0","0","0","0","0","0","0","0","0","0","0","0","0","0","0","0","0","0","0","1","0","0","0","0!WithErrors!","0","0","0","0","0","0","0","0!WithErrors!"
"A00065792","ONE_DAY-AGE 7","VA","0","0","0","0","0","0","0","0","0","0","0","0","0","0","0","0","0","0","0","0","0","0","0","0","0","0","0","0","0","0","0","0","0","0","0","0","0","0","0","0","0","0","0","1","0","0","0","0!WithErrors!","0","0","0","0","0","0","0","0!WithErrors!"
"A00061749","ONE_DAY-AGE 13","VA","0","0","0","0","0","0","0","0","0","0","0","0","0","0","0","0","0","0","0","0","0","0","0","0","0","0","0","0","0","0","0","0","0","0","0","0","0","0","0","0","0","0","0","1","0","0","0","0!WithErrors!","0","0","0","0","0","0","0","0!WithErrors!"
"A00066582","ONE_DAY-AGE 14","VA","0","0","0","0","0","0","0","0","0","0","0","0","0","0","0","0","0","0","0","0","0","0","0","0","0","0","0","0","0","0","0","0","0","0","0","0","0","0","0","0","0","0","0","1","0","0","0","0!WithErrors!","0","0","0","0","0","0","0","0!WithErrors!"
"A00062997","ONE_DAY-Age 8","VA","0","0","0","0","0","0","0","0","0","0","0","0","0","0","0","0","0","0","0","0","0","0","0","1","0","0","0","0","0","0","1","0","0","0","0","0","0","0","0","0","0","0","0","2","0","0","0","0!WithErrors!","0","0","1","1","0","0","1","1!WithErrors!"
"A00057698","Child Age 12","V1","0","0","0","0","0","0","0","0","0","0","0","0","0","0","2","2","1","2","0","0","1","1","0","3","0","0","0","1","0","0","0","1","1","0","1","0","0","1","0","0","0","0","0","50","1","1","0","0!WithErrors!","7","4","5","5","0","0","13","10!WithErrors!"
"A00064507","ONE_DAY-Age 9-10","VA","0","0","0","0","0","0","0","0","0","0","0","0","0","0","0","0","0","0","0","0","0","0","0","1","0","0","0","0","0","0","0","0","0","0","0","0","0","0","0","0","0","0","0","1","0","0","0","0!WithErrors!","0","0","0","0","0","0","0","0!WithErrors!"
"A00039943","Child - Age 15","V1","0","0","0","0","0","0","0","0","0","0","0","0","0","0","0","0","0","0","0","0","0","0","0","0","0","0","0","0","0","0","1","0","0","0","0","0","0","0","0","1","0","0","0","1","0","0","0","0!WithErrors!","0","0","1","1","1","1","2","2!WithErrors!"
"A00030981","Child - Age 14","V1","0","0","0","0","0","0","0","0","0","0","0","0","0","0","0","0","0","0","0","0","0","0","0","0","0","0","0","0","0","0","1","0","0","0","0","1","0","0","0","1","1","0","0","50","0","0","0","0!WithErrors!","0","0","1","1","3","3","4","4!WithErrors!"
"A00059875","Child -Age 8","V1","0","0","0","0","0","0","0","0","0","0","0","0","0","0","0","0","0","0","0","0","0","0","0","0","0","0","0","0","0","0","0","0","0","0","0","0","0","0","0","0","0","0","0","1","0","0","0","0!WithErrors!","0","0","0","0","0","0","0","0!WithErrors!"
"A00052182","Child Age 12","V1","0","0","0","0","0","1","0","0","0","0","0","0","0","0","0","0","0","1","0","0","0","1","0","1","1","0","2","1","1","0","1","0","0","0","0","0","0","0","0","1","1","0","0","30","2","2","0","0!WithErrors!","1","1","4","3","2","2","9","8!WithErrors!"
"A00027167","Child - Age 14","V1","0","0","0","0","0","0","0","0","0","0","0","0","0","0","0","0","0","0","0","0","0","0","0","0","0","0","0","0","0","0","0","0","0","0","0","0","0","0","0","0","0","0","0","1","0","0","0","0!WithErrors!","0","0","0","0","0","0","0","0!WithErrors!"
"A00055262","Child Age 9-10","V4","0","0","0","0","0","0","0","0","0","0","0","0","0","0","0","0","0","0","0","0","0","0","0","0","0","0","0","0","0","0","0","0","0","0","0","0","0","0","0","0","0","0","0","1","0","0","0","0!WithErrors!","0","0","0","0","0","0","0","0!WithErrors!"
"A00027439","Child Age 16-17","V4","0","0","0","0","0","0","0","0","0","0","0","0","0","0","0","0","0","0","0","0","0","0","0","0","0","0","0","0","0","0","0","0","0","0","0","0","0","0","0","0","0","0","0","1","0","0","0","0!WithErrors!","0","0","0","0","0","0","0","0!WithErrors!"
"A00043788","Child Age 13","V4","0","0","0","0","0","0","0","0","0","0","0","0","0","0","0","0","0","0","0","0","0","0","0","0","0","0","0","0","0","0","0","0","0","0","0","0","0","0","0","0","0","0","0","1","0","0","0","0!WithErrors!","0","0","0","0","0","0","0","0!WithErrors!"
"A00040581","Child- Age 6","V1","0","0","0","0","0","0","0","0","0","0","0","0","0","0","0","0","0","0","0","0","0","0","0","0","0","0","0","0","0","0","0","0","0","0","0","0","0","0","0","0","0","0","0","1","0","0","0","0!WithErrors!","0","0","0","0","0","0","0","0!WithErrors!"
"A00053203","Child Age 9-10","V1","0","0","0","0","0","0","0","0","0","0","0","0","0","0","0","0","0","0","0","0","0","0","0","0","0","0","0","0","0","0","0","0","0","0","0","0","0","0","0","0","0","0","0","1","0","0","0","0!WithErrors!","0","0","0","0","0","0","0","0!WithErrors!"
"A00066248","ONE_DAY-Age 7","VA","1","0","0","0","0","0","0","0","0","0","0","0","0","0","1","1","1","0","0","1","0","0","1","2","0","0","0","0","0","0","0","0","0","0","0","0","0","0","0","0","0","0","0","10","1","1","0","0!WithErrors!","4","4","0","0","0","0","5","5!WithErrors!"
"A00018030","Child-Age 11","V1","0","0","0","0","0","0","0","0","0","0","0","0","0","0","0","0","0","0","0","0","0","0","0","0","0","0","0","0","0","0","0","0","0","0","0","0","0","0","0","0","0","0","0","1","0","0","0","0!WithErrors!","0","0","0","0","0","0","0","0!WithErrors!"
"A00060806","Child Age 16-17","V1","0","0","0","0","0","0","0","0","0","0","0","0","0","0","0","0","0","0","0","0","0","0","0","0","0","0","0","0","0","0","0","0","0","0","0","0","0","0","0","0","0","0","0","1","0","0","0","0!WithErrors!","0","0","0","0","0","0","0","0!WithErrors!"
"A00064597","ONE_DAY-Age 9-10","VA","0","0","0","0","0","0","1","0","0","0","0","0","0","1","0","0","0","0","0","0","0","0","0","0","0","0","0","0","0","0","0","0","0","0","0","0","0","0","0","0","0","0","0","1","0","0","2","2!WithErrors!","0","0","0","0","0","0","2","0!WithErrors!"
"A00043788","Child Age 13","V1","0","0","0","0","0","0","0","0","0","0","0","0","0","0","0","0","0","0","0","0","0","0","0","0","0","0","0","0","0","0","0","0","0","0","0","0","0","0","0","0","0","0","0","1","0","0","0","0!WithErrors!","0","0","0","0","0","0","0","0!WithErrors!"
"A00055076","Child Age 9-10","V1","0","0","0","0","0","0","0","0","0","0","0","0","0","0","0","0","0","0","0","0","0","0","0","0","0","0","0","0","0","0","0","0","0","0","0","0","0","0","0","0","0","0","0","1","0","0","0","0!WithErrors!","0","0","0","0","0","0","0","0!WithErrors!"
"A00060472","Child Age 16-17","V1","0","0","0","0","0","0","0","0","0","0","0","0","0","0","0","0","0","0","0","0","0","0","0","0","0","0","0","0","0","0","0","0","0","0","0","0","0","0","0","0","0","0","0","1","0","0","0","0!WithErrors!","0","0","0","0","0","0","0","0!WithErrors!"
"A00057726","Child Age 9-10","V1","0","1","0","0","0","0","0","0","0","0","0","0","0","0","0","0","0","0","0","0","0","0","0","1","0","0","0","0","0","0","1","0","0","0","0","0","1","0","0","1","0","0","0","10","1","1","0","0!WithErrors!","0","0","2","2","1","1","4","4!WithErrors!"
"A00054581","Child Age 9-10","V4","0","0","0","0","0","1","0","0","0","0","0","1","0","1","1","0","0","0","0","0","0","0","0","0","0","0","0","0","0","0","0","0","0","0","0","0","0","0","0","0","0","0","0","1","1","1","2","2!WithErrors!","1","1","0","0","0","0","4","2!WithErrors!"
"A00063003","ONE_DAY-Age 13","VA","0","0","0","0","0","0","0","0","0","0","0","0","0","0","0","0","0","0","0","0","0","0","0","0","0","0","0","0","1","1","1","1","0","1","0","1","1","1","2","0","0","0","0","100","0","0","0","0!WithErrors!","0","0","8","7","1","1","9","8!WithErrors!"
"A00027159","Child Age 13","V4","0","0","0","0","0","0","0","0","0","0","0","0","0","0","0","0","0","0","0","0","0","0","0","0","0","0","0","0","0","0","0","0","0","0","0","0","0","0","0","0","0","0","0","1","0","0","0","0!WithErrors!","0","0","0","0","0","0","0","0!WithErrors!"
"A00059427","Child Age 9-10","V1","0","0","0","1","0","0","0","0","0","0","0","0","0","2","0","0","0","0","0","1","0","0","0","0","0","0","0","0","0","0","0","0","1","0","0","0","0","0","1","0","0","0","0","5","1","1","2","1!WithErrors!","1","1","2","2","0","0","6","4!WithErrors!"
"A00052069","Child Age 9-10","V1","0","0","0","0","0","0","0","0","0","0","0","0","0","0","0","0","0","0","0","0","0","0","0","0","0","0","0","0","0","0","0","0","0","0","0","0","0","0","0","0","0","0","0","1","0","0","0","0!WithErrors!","0","0","0","0","0","0","0","0!WithErrors!"
"A00062797","ONE_DAY-AGE 11","VA","0","0","0","0","0","0","0","0","0","0","0","0","0","0","0","0","0","0","0","0","0","0","0","0","0","0","0","0","0","0","0","0","0","0","0","0","0","0","0","0","0","0","0","1","0","0","0","0!WithErrors!","0","0","0","0","0","0","0","0!WithErrors!"
"A00063327","ONE_DAY-Age 9-10","VA","0","0","0","0","0","0","0","0","0","0","0","0","0","0","1","0","0","0","0","0","0","0","0","1","0","0","0","0","0","0","0","0","0","0","0","0","0","0","0","0","0","0","0","1","0","0","0","0!WithErrors!","1","1","0","0","0","0","1","1!WithErrors!"
"A00055624","Child Age 9-10","V1","0","0","0","0","0","0","0","0","0","0","0","0","0","0","0","0","0","0","0","0","0","0","0","0","0","0","0","0","0","0","0","0","0","0","0","0","0","0","0","0","1","0","0","1","0","0","0","0!WithErrors!","0","0","0","0","1","1","1","1!WithErrors!"
"A00065185","ONE_DAY-Age 6","VA","0","0","0","0","0","0","0","0","0","0","0","0","0","0","0","0","0","0","0","0","0","0","0","0","0","0","0","0","0","0","0","0","0","0","0","0","0","0","0","0","0","0","0","1","0","0","0","0!WithErrors!","0","0","0","0","0","0","0","0!WithErrors!"
"A00035561","Child Age 12","V5","0","0","0","0","0","0","0","0","0","0","0","0","0","0","0","0","0","0","0","1","0","0","0","0","0","0","0","0","0","0","0","0","0","0","0","0","0","0","0","0","0","0","0","1","0","0","0","0!WithErrors!","1","1","0","0","0","0","1","1!WithErrors!"
"A00066534","ONE_DAY-Age 8","VA","0","0","0","1","2","0","2","1","0","0","0","1","0","0","0","1","0","0","0","1","0","0","1","1","0","0","0","2","0","1","2","0","0","0","0","0","0","0","0","2","0","0","0","10","3","2","4","3!WithErrors!","2","2","5","3","2","1","16","8!WithErrors!"
"A00064418","ONE_DAY-Age 11","VA","0","0","0","0","0","0","0","0","0","0","0","0","0","0","0","0","0","0","0","2","0","0","0","1","0","0","0","0","0","0","0","0","0","0","0","0","0","0","0","0","0","0","0","5","0","0","0","0!WithErrors!","2","1","0","0","0","0","2","1!WithErrors!"
"A00060429","Child Age 9-10","V1","0","0","0","0","0","0","0","0","0","0","0","0","0","0","0","0","0","0","0","0","0","0","0","0","0","0","0","0","0","0","0","0","0","0","0","0","0","0","0","0","0","0","0","1","0","0","0","0!WithErrors!","0","0","0","0","0","0","0","0!WithErrors!"
"A00056307","Child -Age 8","V1","0","0","0","0","0","0","0","0","0","0","0","0","0","0","0","0","0","0","0","0","0","0","0","0","0","0","0","0","0","0","0","0","0","0","0","0","0","0","0","0","0","0","0","1","0","0","0","0!WithErrors!","0","0","0","0","0","0","0","0!WithErrors!"
"A00056022","Child- Ages 9-10","V1","0","0","0","0","1","0","1","0","0","0","0","0","0","1","0","0","0","0","0","0","0","0","0","0","0","0","0","0","0","0","1","0","0","0","0","0","0","0","0","0","0","0","0","1","1","1","2","2!WithErrors!","0","0","1","1","0","0","4","2!WithErrors!"
"A00056138","Child Age 15","V1","0","0","0","0","0","0","0","0","0","0","0","0","0","0","0","0","0","0","0","0","0","0","0","0","0","0","0","0","0","0","1","0","0","0","0","0","0","0","0","0","0","0","0","1","0","0","0","0!WithErrors!","0","0","1","1","0","0","1","1!WithErrors!"
"A00034350","Child Age 13","V4","0","0","0","1","0","0","0","0","0","0","0","0","0","0","0","0","0","0","0","0","0","1","0","0","0","0","0","0","0","0","0","0","0","0","0","1","0","0","0","0","0","0","0","1","2","2","0","0!WithErrors!","0","0","0","0","1","1","3","3!WithErrors!"
"A00035377","Child Age 16-17","V4","0","0","0","0","0","0","0","0","0","0","0","0","0","0","0","0","0","0","0","0","0","0","0","0","0","0","0","0","0","0","0","0","0","0","0","0","0","0","0","0","0","0","0","1","0","0","0","0!WithErrors!","0","0","0","0","0","0","0","0!WithErrors!"
"A00035292","Child Age 12","V4","0","0","0","0","0","0","0","0","0","0","0","0","0","0","0","0","0","0","0","0","0","0","0","0","0","0","0","0","0","0","0","0","0","0","0","0","0","0","0","0","0","0","0","100","0","0","0","0!WithErrors!","0","0","0","0","0","0","0","0!WithErrors!"
"A00032008","Child- Age 6","V1","0","0","0","0","0","0","0","0","0","0","0","0","0","0","0","0","0","0","0","0","0","0","0","0","0","0","0","0","0","0","0","0","0","0","0","0","0","0","0","0","0","0","0","1","0","0","0","0!WithErrors!","0","0","0","0","0","0","0","0!WithErrors!"
"A00059935","Child - Age 15","V1","0","0","0","0","0","0","0","0","0","0","0","0","0","0","0","0","0","0","0","0","0","0","0","0","0","0","0","0","0","0","0","0","0","0","0","0","0","0","0","0","0","0","0","1","0","0","0","0!WithErrors!","0","0","0","0","0","0","0","0!WithErrors!"
"A00035291","Child- Age 13","V1","0","0","0","0","0","0","0","0","0","0","0","0","0","0","0","0","0","0","0","0","0","0","0","0","0","0","0","0","0","0","0","0","0","0","0","0","0","0","0","0","0","0","0","1","0","0","0","0!WithErrors!","0","0","0","0","0","0","0","0!WithErrors!"
"A00061715","ONE_DAY-Age 16-17","VA","0","0","0","0","0","0","0","0","0","0","0","1","0","0","1","0","1","1","1","0","0","0","0","0","1","0","0","0","0","0","1","0","0","0","1","0","0","1","0","0","0","0","0","10","0","0","1","1!WithErrors!","4","4","3","3","0","0","8","7!WithErrors!"
"A00040117","Child Age 8","V4","2","0","1","3","3","0","2","1","1","0","0","1","0","1","3","3","0","1","2","2","0","3","0","0","0","0","1","3","0","1","3","0","0","1","0","2","1","0","0","2","2","2","0","80","14","6","6","4!WithErrors!","11","5","10","6","6","3","47","20!WithErrors!"
"A00060603","Child Age 11","V1","0","0","0","1","1","0","0","0","0","0","0","0","0","0","0","0","0","0","0","0","0","0","0","0","0","0","0","0","0","0","1","0","0","0","0","0","0","0","0","1","0","0","0","10","2","2","0","0!WithErrors!","0","0","1","1","1","1","4","4!WithErrors!"
"A00057862","Child Age 9-10","V1","0","0","0","0","0","0","0","0","0","0","0","0","0","0","0","0","0","0","0","0","0","0","0","0","0","0","0","0","0","0","0","0","0","0","0","0","0","0","0","0","0","0","0","85","0","0","0","0!WithErrors!","0","0","0","0","0","0","0","0!WithErrors!"
"A00056453","Adolescent- Age  16-17","V1","1","1","2","2","1","0","0","0","0","0","0","0","0","0","0","0","1","0","0","0","1","0","0","0","0","0","0","0","0","0","1","0","1","0","0","1","0","1","0","1","0","0","1","1","8","6","0","0!WithErrors!","1","1","3","3","2","2","14","12!WithErrors!"
"A00056679","Child Age 9-10","V1","0","0","0","0","0","0","0","0","0","0","0","1","0","1","0","0","0","0","0","0","0","0","0","0","0","0","0","0","0","0","0","0","0","0","0","0","0","0","0","0","0","0","0","1","0","0","2","2!WithErrors!","0","0","0","0","0","0","2","0!WithErrors!"
"A00060280","Child Age 16-17","V1","0","0","0","0","0","0","0","0","0","0","0","0","0","0","0","0","0","0","0","0","0","0","1","0","0","0","0","0","0","0","1","0","0","0","0","0","0","0","0","0","0","0","0","1","0","0","0","0!WithErrors!","0","0","1","1","0","0","1","1!WithErrors!"
"A00034350","Child Age 13","V5","0","0","0","0","0","0","0","0","0","0","0","0","0","0","0","0","0","0","0","0","0","0","0","0","0","0","0","0","0","0","0","0","0","0","0","0","0","0","0","0","0","0","0","1","0","0","0","0!WithErrors!","0","0","0","0","0","0","0","0!WithErrors!"
"A00066581","ONE_DAY-AGE 12","VA","0","0","0","0","0","0","0","0","0","0","0","0","0","0","0","0","0","0","0","0","0","0","0","0","0","0","0","0","0","0","0","0","1","0","0","0","1","0","0","0","0","0","0","1","0","0","0","0!WithErrors!","0","0","2","2","0","0","2","2!WithErrors!"
"A00051690","Child - Age 15","V1","0","0","0","0","0","0","0","0","0","0","0","0","0","0","0","0","0","0","0","0","0","0","0","0","0","0","0","0","0","0","0","0","0","0","0","0","0","0","0","0","0","0","0","1","0","0","0","0!WithErrors!","0","0","0","0","0","0","0","0!WithErrors!"
"A00059325","Child-Age 12","V1","0","0","0","0","0","0","1","1","0","0","0","2","0","0","0","0","0","0","0","0","0","0","0","0","0","0","0","0","0","0","0","0","0","0","0","0","0","0","0","0","0","0","0","1","0","0","4","3!WithErrors!","0","0","0","0","0","0","4","0!WithErrors!"
"A00060384","Child Age 12","V1","0","0","0","0","0","0","0","0","0","0","0","0","0","0","0","0","0","0","0","0","0","0","0","0","0","0","0","0","0","0","0","0","0","0","0","0","0","0","0","0","0","0","0","1","0","0","0","0!WithErrors!","0","0","0","0","0","0","0","0!WithErrors!"
"A00056724","Child- Ages 9-10","V1","0","0","0","0","1","0","0","0","0","0","0","0","0","0","0","0","0","0","0","0","0","0","0","0","0","0","0","0","0","0","0","0","0","0","0","0","1","0","0","0","0","0","0","1","1","1","0","0!WithErrors!","0","0","1","1","0","0","2","2!WithErrors!"
"A00051727","Child Age 15","V1","0","0","0","0","0","0","0","0","0","0","0","1","0","1","0","0","0","0","0","0","0","0","0","0","0","0","0","0","0","0","0","0","0","0","0","0","0","0","0","0","0","0","0","1","0","0","2","2!WithErrors!","0","0","0","0","0","0","2","0!WithErrors!"
"A00062983","ONE_DAY-Age 16-17","VA","0","0","0","0","0","0","0","0","0","0","0","0","0","1","0","0","0","0","0","0","0","0","0","0","0","0","0","0","0","0","0","0","0","0","0","0","0","0","0","0","0","0","0","1","0","0","1","1!WithErrors!","0","0","0","0","0","0","1","0!WithErrors!"
"A00052237","Child Age 16-17","V4","1","0","0","0","0","0","0","0","0","0","0","1","0","0","0","0","0","0","0","0","0","0","0","0","0","0","0","0","0","0","1","0","0","0","0","0","0","0","0","0","0","0","0","1","1","1","1","1!WithErrors!","0","0","1","1","0","0","3","2!WithErrors!"
"A00037368","Child-Age 12","V1","0","0","0","0","0","0","0","0","0","0","0","0","0","0","0","0","0","0","0","0","0","0","0","0","0","0","0","0","0","0","0","0","0","0","0","0","0","0","0","0","0","0","0","1","0","0","0","0!WithErrors!","0","0","0","0","0","0","0","0!WithErrors!"
"A00060673","Child- Age 6","V1","0","0","0","0","0","0","0","0","0","0","0","0","0","0","0","0","0","0","0","0","0","0","0","0","0","0","0","0","0","0","0","0","0","0","0","0","0","0","0","0","0","0","0","1","0","0","0","0!WithErrors!","0","0","0","0","0","0","0","0!WithErrors!"
"A00054206","Child Age 14","V4","0","0","0","0","0","2","0","0","0","0","0","0","0","2","0","0","1","0","0","0","0","0","0","0","0","0","0","0","0","0","1","0","0","0","0","0","0","0","0","0","0","0","0","5","2","1","2","1!WithErrors!","1","1","1","1","0","0","6","3!WithErrors!"
"A00044084","Child Age 16-17","V4","0","0","0","0","0","0","0","0","0","0","0","0","0","0","0","0","0","0","0","0","0","0","0","0","0","0","0","0","0","0","0","0","0","0","0","0","0","0","0","0","0","0","0","1","0","0","0","0!WithErrors!","0","0","0","0","0","0","0","0!WithErrors!"
"A00027167","Child Age 16-17","V4","0","0","0","0","0","0","0","0","0","0","0","0","0","0","0","0","0","0","0","0","0","0","0","0","0","0","0","0","0","0","0","0","0","0","0","0","0","0","0","0","0","0","0","1","0","0","0","0!WithErrors!","0","0","0","0","0","0","0","0!WithErrors!"
"A00055727","Child -Age 8","V1","0","0","0","0","0","0","0","0","0","0","0","0","0","0","0","0","0","0","0","0","0","1","0","0","0","0","0","0","0","0","0","0","0","0","0","0","0","0","0","0","0","0","0","1","1","1","0","0!WithErrors!","0","0","0","0","0","0","1","1!WithErrors!"
"A00055906","Child - Age 15","V1","0","0","0","0","0","0","0","0","0","0","0","0","0","0","0","0","0","0","0","0","0","0","0","0","0","0","0","0","0","0","0","0","0","0","0","0","0","0","0","0","0","0","0","1","0","0","0","0!WithErrors!","0","0","0","0","0","0","0","0!WithErrors!"
"A00055267","Child Age 13","V1","0","0","0","0","0","0","0","0","0","0","0","0","0","0","0","0","0","0","0","0","0","0","0","0","0","0","0","0","0","0","0","0","0","0","0","0","0","0","0","0","0","0","0","2","0","0","0","0!WithErrors!","0","0","0","0","0","0","0","0!WithErrors!"
"A00039075","Adolescent- Age  16-17","V1","0","0","0","0","0","0","0","0","0","0","0","0","0","0","0","0","0","0","0","0","0","0","0","0","0","0","0","0","0","0","0","0","0","0","0","0","0","0","0","0","0","0","0","1","0","0","0","0!WithErrors!","0","0","0","0","0","0","0","0!WithErrors!"
"A00062081","ONE_DAY-AGE 12","VA","0","0","0","0","0","0","0","0","0","0","0","0","0","0","0","0","0","0","0","0","0","0","0","0","0","0","0","0","0","0","0","0","0","0","0","0","0","0","0","0","0","0","0","1","0","0","0","0!WithErrors!","0","0","0","0","0","0","0","0!WithErrors!"
"A00066711","ONE_DAY-Age 8","VA","0","0","0","0","0","1","0","0","0","0","0","0","0","0","2","1","1","0","0","3","0","0","0","3","0","1","0","0","2","0","1","0","1","0","0","0","0","0","0","0","2","0","0","75","1","1","0","0!WithErrors!","7","4","3","3","2","1","13","9!WithErrors!"
"A00066388","ONE_DAY-Age 8","VA","0","0","0","0","0","0","0","0","0","0","0","0","0","0","0","2","0","0","0","0","0","0","0","0","0","0","0","0","0","0","1","0","0","0","0","0","0","0","0","0","0","0","0","20","0","0","0","0!WithErrors!","2","1","1","1","0","0","3","2!WithErrors!"
"A00066860","ONE_DAY-Age 7","VA","0","0","0","0","0","0","0","0","0","0","0","0","0","0","0","0","0","0","0","0","0","0","0","0","0","0","0","0","0","0","0","0","0","0","0","0","0","0","0","0","0","0","0","1","0","0","0","0!WithErrors!","0","0","0","0","0","0","0","0!WithErrors!"
"A00055765","Child- Ages 9-10","V1","0","0","0","0","0","0","0","0","0","0","0","0","0","0","0","0","0","0","0","0","0","0","0","0","0","0","0","0","0","0","0","0","0","0","0","0","0","0","0","1","0","0","0","2","0","0","0","0!WithErrors!","0","0","0","0","1","1","1","1!WithErrors!"
"A00038603","Child -Age 8","V1","0","0","0","0","0","0","0","0","0","0","0","0","0","0","0","0","0","0","0","0","0","0","0","0","0","0","0","0","0","0","1","0","0","0","0","0","0","0","0","0","0","0","0","1","0","0","0","0!WithErrors!","0","0","1","1","0","0","1","1!WithErrors!"
"A00058516","Child Age 9-10","V1","0","0","0","0","0","0","0","0","0","0","0","0","0","0","0","0","0","0","0","0","0","0","0","2","0","0","0","0","0","0","0","0","0","0","0","0","0","0","0","0","0","0","0","1","0","0","0","0!WithErrors!","0","0","0","0","0","0","0","0!WithErrors!"
"A00060846","Child- Age 13","V1","0","0","0","0","0","0","0","0","0","0","0","0","0","0","0","0","0","0","0","0","0","0","0","0","0","0","0","0","0","0","1","0","0","0","0","0","0","1","1","0","0","0","0","1","0","0","0","0!WithErrors!","0","0","3","3","0","0","3","3!WithErrors!"
"A00055921","Child Age 7","V1","0","0","0","0","0","0","0","0","0","0","0","0","0","0","0","0","0","0","0","0","0","0","0","0","0","0","0","0","0","0","0","0","0","0","0","0","0","0","0","0","0","0","0","1","0","0","0","0!WithErrors!","0","0","0","0","0","0","0","0!WithErrors!"
"A00063329","ONE_DAY-AGE 12","VA","1","0","0","2","0","2","0","0","0","1","1","2","0","1","0","0","0","0","0","2","0","1","1","1","0","0","1","0","0","1","2","0","0","1","0","0","2","1","0","3","0","0","0","~<userSkipped>~","6","4","5","4!WithErrors!","2","1","8","6","3","1","24","12!WithErrors!"
"A00053490","Child Age 12","V1","0","0","0","0","0","0","0","0","0","0","0","0","0","0","1","0","0","0","0","0","0","0","0","0","0","0","0","0","1","0","0","0","0","0","0","0","0","0","0","0","0","0","0","1","0","0","0","0!WithErrors!","1","1","0","0","0","0","1","1!WithErrors!"
"A00055262","Child Age 9-10","V1","0","0","0","0","0","0","0","0","0","0","0","0","0","0","0","0","0","0","0","0","0","0","0","0","0","0","0","0","0","0","1","0","0","0","0","0","0","0","0","0","0","0","0","1","0","0","0","0!WithErrors!","0","0","1","1","0","0","1","1!WithErrors!"
"A00040800","Child Age 16-17","V1","0","0","0","0","0","0","0","0","0","0","0","0","0","0","0","0","0","0","0","0","0","0","0","0","0","0","0","0","0","0","0","0","1","0","0","0","0","0","0","0","0","0","0","1","0","0","0","0!WithErrors!","0","0","1","1","0","0","1","1!WithErrors!"
"A00041503","Child -Age 8","V1","0","0","0","0","0","0","0","0","0","0","0","0","0","0","0","0","0","0","0","0","0","0","0","0","0","0","0","0","0","0","0","0","0","0","0","0","0","0","0","0","0","0","0","1","0","0","0","0!WithErrors!","0","0","0","0","0","0","0","0!WithErrors!"
"A00039943","Child Age 16-17","V4","0","1","0","0","0","0","0","0","0","0","0","0","0","0","0","0","0","1","0","0","0","0","0","0","0","0","0","0","2","0","0","0","0","0","0","0","0","0","0","0","0","0","0","100","1","1","0","0!WithErrors!","1","1","0","0","0","0","2","2!WithErrors!"
"A00038706","Child- Age 13","V1","0","0","0","0","0","0","0","0","0","0","0","0","0","0","0","0","0","0","0","0","0","0","0","0","0","0","0","0","0","0","0","0","0","0","0","0","0","0","0","0","0","0","0","1","0","0","0","0!WithErrors!","0","0","0","0","0","0","0","0!WithErrors!"
"A00051691","Child Age 6","V1","0","0","0","1","0","0","0","0","0","0","0","1","0","0","0","0","0","0","0","1","0","0","0","0","0","1","0","0","0","0","0","0","0","0","0","0","1","0","0","0","0","0","0","5","1","1","1","1!WithErrors!","1","1","2","2","0","0","5","4!WithErrors!"
"A00040798","Child Age 11","V4","0","0","0","0","0","0","0","0","0","0","0","0","0","0","0","0","0","0","0","0","0","0","0","0","0","0","0","0","0","0","0","0","0","0","0","0","0","0","0","0","0","0","0","1","0","0","0","0!WithErrors!","0","0","0","0","0","0","0","0!WithErrors!"
"A00053171","Child Age 8","V4","0","0","0","0","0","0","0","0","0","0","0","0","0","0","1","1","1","0","0","0","0","1","2","0","0","0","0","0","0","0","1","0","0","0","0","0","0","0","0","1","0","0","0","11","1","1","0","0!WithErrors!","3","3","1","1","1","1","6","6!WithErrors!"
"A00053390","Child Age 14","V1","0","1","1","0","1","0","0","0","0","0","0","0","0","0","0","0","0","0","0","0","0","1","0","0","0","0","0","0","0","0","0","0","0","0","0","1","0","0","0","2","2","0","0","75","4","4","0","0!WithErrors!","0","0","0","0","5","3","9","7!WithErrors!"
"A00060014","Child Age 13","V1","","","","","","","","","","","","","","","","","","","","","","","","","","","","","","","","","","","","","","","","","","","","","","","","","","","","","","","",""
"A00055116","Child - Age 15","V1","0","0","0","0","0","0","0","0","0","0","0","0","0","0","0","0","0","0","0","0","0","0","0","0","0","0","0","0","0","3","0","0","0","0","0","0","0","0","0","3","3","0","0","70","0","0","0","0!WithErrors!","0","0","3","1","6","2","9","3!WithErrors!"
"A00053203","Child Age 9-10","V4","0","0","0","0","0","0","0","0","0","0","0","0","0","0","0","0","0","0","0","0","0","0","0","0","0","0","0","0","0","0","0","0","0","0","0","0","0","0","0","0","0","0","0","1","0","0","0","0!WithErrors!","0","0","0","0","0","0","0","0!WithErrors!"
"A00065934","ONE_DAY-AGE 16-17","VA","0","0","0","0","0","0","0","0","0","0","0","0","0","0","0","0","0","0","0","0","0","0","0","0","0","0","0","0","0","0","0","0","0","0","0","0","0","0","0","0","0","0","0","1","0","0","0","0!WithErrors!","0","0","0","0","0","0","0","0!WithErrors!"
"A00065820","ONE_DAY-Age 9-10","VA","0","0","0","0","0","0","0","0","0","0","0","0","0","1","0","0","0","0","0","1","0","0","0","1","0","0","0","0","0","0","2","0","0","0","0","0","0","0","0","0","0","0","0","1","0","0","1","1!WithErrors!","1","1","2","1","0","0","4","2!WithErrors!"
"A00058060","Child Age 8","V1","0","0","0","0","0","0","0","0","0","0","0","0","0","0","0","0","0","0","0","0","0","0","0","0","0","0","0","0","0","0","0","0","0","0","0","0","0","0","0","0","0","0","0","1","0","0","0","0!WithErrors!","0","0","0","0","0","0","0","0!WithErrors!"
"A00056830","Child -Age 8","V1","0","0","0","0","0","0","0","0","0","0","0","0","0","0","0","0","0","0","0","0","0","0","0","0","0","0","0","0","0","0","0","0","0","0","0","0","0","0","0","0","0","0","0","1","0","0","0","0!WithErrors!","0","0","0","0","0","0","0","0!WithErrors!"
"A00040992","Child- Ages 9-10","V1","0","0","0","0","0","0","0","0","0","0","0","0","0","0","0","0","0","0","0","0","0","0","0","0","0","0","0","0","0","1","2","0","0","0","0","0","1","0","0","0","0","0","0","1","0","0","0","0!WithErrors!","0","0","4","3","0","0","4","3!WithErrors!"
"A00057480","Child Age 9-10","V4","0","0","0","0","0","0","0","0","0","0","0","0","0","0","0","0","0","0","0","0","0","0","0","2","1","0","0","0","0","0","0","0","0","0","0","0","0","0","0","0","0","0","0","1","0","0","0","0!WithErrors!","0","0","0","0","0","0","0","0!WithErrors!"
"A00066462","ONE_DAY-Age 11","VA","0","0","1","0","0","0","0","0","0","0","0","0","0","0","1","0","0","0","1","0","0","0","1","1","0","0","0","1","1","0","1","0","0","1","0","0","0","0","0","1","0","0","0","75","1","1","0","0!WithErrors!","2","2","3","3","1","1","7","7!WithErrors!"
"A00031881","Child Age 16-17","V5","0","0","0","0","0","0","0","0","0","0","0","0","0","0","0","0","0","0","0","0","0","0","0","0","0","0","0","0","0","0","0","0","0","0","0","0","0","0","0","0","0","0","0","1","0","0","0","0!WithErrors!","0","0","0","0","0","0","0","0!WithErrors!"
"A00066573","ONE_DAY-Age 7","VA","0","0","2","1","0","0","0","0","0","0","0","0","0","0","1","1","0","0","0","0","0","0","0","0","0","0","0","0","0","0","1","0","0","0","0","1","0","0","0","0","0","0","0","15","3","2","0","0!WithErrors!","2","2","1","1","1","1","7","6!WithErrors!"
"A00065750","ONE_DAY-Age 8","VA","2","0","2","0","1","2","0","0","0","0","0","0","0","0","0","0","0","0","0","0","0","0","0","0","0","0","0","0","0","0","0","0","0","0","0","0","0","0","0","0","0","0","0","1","7","4","0","0!WithErrors!","0","0","0","0","0","0","7","4!WithErrors!"
"A00058570","Child- Ages 9-10","V1","0","0","0","0","0","0","0","0","0","0","0","0","0","0","0","0","0","0","0","0","0","0","0","0","0","0","0","0","0","0","0","0","0","0","0","0","0","0","0","0","0","0","0","1","0","0","0","0!WithErrors!","0","0","0","0","0","0","0","0!WithErrors!"
"A00063383","ONE_DAY-AGE 16-17","VA","0","0","0","0","0","0","0","0","0","0","0","0","0","0","0","0","0","0","0","0","0","0","0","0","0","0","0","0","0","0","0","0","0","0","0","0","0","0","0","0","0","0","0","1","0","0","0","0!WithErrors!","0","0","0","0","0","0","0","0!WithErrors!"
"A00060481","Child Age 6","V1","0","0","0","0","0","0","0","0","0","0","0","0","0","0","0","0","0","0","0","0","0","0","0","0","0","0","0","0","0","0","0","0","0","0","0","1","0","0","0","0","0","0","0","1","0","0","0","0!WithErrors!","0","0","0","0","1","1","1","1!WithErrors!"
"A00056703","Adolescent- Age  16-17","V1","0","0","0","0","1","0","0","0","0","0","0","0","0","1","0","0","0","1","0","0","0","0","0","0","0","0","0","0","0","0","0","0","0","0","0","0","0","0","0","0","0","0","0","1","1","1","1","1!WithErrors!","1","1","0","0","0","0","3","2!WithErrors!"
"A00058229","Child Age 15","V1","0","1","0","0","1","0","0","0","0","0","0","0","0","0","0","0","2","0","0","0","0","1","0","0","0","0","0","0","0","0","2","0","0","0","0","0","0","0","0","0","0","0","0","1","3","3","0","0!WithErrors!","2","1","2","1","0","0","7","5!WithErrors!"
"A00051476","Child Age 14","V1","0","0","0","0","0","0","0","0","0","0","0","0","0","0","0","0","2","1","0","0","0","0","0","0","0","0","0","0","0","0","0","0","0","0","0","0","0","0","0","0","0","0","0","1","0","0","0","0!WithErrors!","3","2","0","0","0","0","3","2!WithErrors!"
"A00059327","Child Age 11","V1","0","0","0","0","0","0","0","0","0","0","0","0","0","0","0","0","0","0","0","0","0","0","0","0","0","0","0","0","0","0","0","0","0","0","0","0","0","0","0","0","0","0","0","0","0","0","0","0!WithErrors!","0","0","0","0","0","0","0","0!WithErrors!"
"A00062009","ONE_DAY-Age 11","VA","0","0","0","0","0","0","0","0","0","0","0","0","0","0","0","0","0","0","0","0","0","0","0","0","0","0","0","0","0","0","0","0","0","0","0","0","0","0","0","0","0","0","0","1","0","0","0","0!WithErrors!","0","0","0","0","0","0","0","0!WithErrors!"
"A00052183","Child Age 16-17","V1","0","0","0","0","0","0","0","0","0","0","0","0","0","0","0","0","0","0","0","0","0","0","0","0","0","0","0","0","0","1","0","0","0","0","0","0","0","0","0","0","0","0","0","1","0","0","0","0!WithErrors!","0","0","1","1","0","0","1","1!WithErrors!"
"A00066572","ONE_DAY-AGE 14","VA","0","0","0","0","0","0","0","0","0","0","0","0","0","0","0","0","0","0","0","0","0","0","0","0","0","0","0","0","0","0","0","0","0","0","0","0","0","0","0","0","0","0","0","1","0","0","0","0!WithErrors!","0","0","0","0","0","0","0","0!WithErrors!"
"A00062361","ONE_DAY-Age 9-10","VA","0","0","0","0","0","0","0","0","0","0","0","0","0","0","0","0","0","0","0","0","0","0","0","0","0","0","0","0","0","0","0","0","0","0","0","0","0","0","0","1","0","0","0","2","0","0","0","0!WithErrors!","0","0","0","0","1","1","1","1!WithErrors!"
"A00052165","Child Age 8","V1","0","0","0","3","2","0","1","0","0","2","1","2","0","1","0","1","1","0","2","0","0","1","0","0","0","0","0","2","0","0","1","0","1","2","0","2","0","0","1","0","0","0","1","50","7","4","7","5!WithErrors!","4","3","7","5","2","1","27","13!WithErrors!"
"A00031411","Child- Ages 9-10","V1","0","0","0","0","0","0","0","0","0","0","0","0","0","0","0","0","0","0","0","0","0","0","0","0","0","0","0","0","0","0","0","0","0","0","0","0","0","0","0","0","0","0","0","10","0","0","0","0!WithErrors!","0","0","0","0","0","0","0","0!WithErrors!"
"A00062809","ONE_DAY-Age 15","VA","0","0","0","0","0","0","0","0","0","0","0","0","0","0","0","0","0","0","0","0","0","0","0","0","0","0","0","0","0","0","0","0","0","0","0","0","0","0","0","0","0","0","0","90","0","0","0","0!WithErrors!","0","0","0","0","0","0","0","0!WithErrors!"
"A00031832","Child-Age 12","V1","0","0","0","0","0","0","0","0","0","0","0","0","0","0","0","0","0","0","0","0","0","0","0","0","0","0","0","0","0","0","0","0","0","0","0","0","0","0","0","0","0","0","0","1","0","0","0","0!WithErrors!","0","0","0","0","0","0","0","0!WithErrors!"
"A00066589","ONE_DAY-AGE 13","VA","0","0","0","0","0","0","0","0","0","0","0","0","0","0","1","1","0","1","1","1","1","0","0","1","1","0","0","0","1","0","2","0","0","0","0","1","1","2","1","1","0","0","0","5","0","0","0","0!WithErrors!","5","5","6","4","2","2","13","11!WithErrors!"
"A00061714","ONE_DAY-AGE 16-17","VA","0","0","0","0","0","1","0","0","0","0","0","0","0","1","0","0","0","0","0","0","0","0","0","1","0","0","0","0","0","0","0","0","0","0","0","0","0","0","0","0","0","0","0","1","1","1","1","1!WithErrors!","0","0","0","0","0","0","2","1!WithErrors!"
"A00055866","Child- Ages 9-10","V1","0","0","0","0","0","0","0","0","0","0","0","0","0","0","0","0","0","0","0","0","0","0","0","0","0","0","0","0","0","0","0","0","1","0","0","1","0","0","0","1","0","0","0","5","0","0","0","0!WithErrors!","0","0","1","1","2","2","3","3!WithErrors!"
"A00066314","ONE_DAY-AGE 13","VA","0","0","0","0","0","0","0","0","0","0","0","0","0","0","0","0","0","0","0","0","0","0","0","0","0","0","0","0","0","0","0","0","0","0","0","0","0","0","0","0","0","0","0","1","0","0","0","0!WithErrors!","0","0","0","0","0","0","0","0!WithErrors!"
"A00034073","Adolescent- Age  16-17","V1","0","0","0","0","0","0","0","0","0","0","0","0","0","0","0","0","0","0","0","0","0","0","0","0","0","0","0","0","0","0","1","0","1","0","0","1","1","1","1","0","0","0","1","5","1","1","0","0!WithErrors!","0","0","5","5","1","1","7","7!WithErrors!"
"A00043282","Adolescent- Age  16-17","V1","0","0","0","0","0","0","0","0","0","0","0","0","0","0","0","0","0","0","0","0","0","0","0","0","0","0","0","0","0","0","0","0","0","0","0","0","0","0","0","0","0","0","0","1","0","0","0","0!WithErrors!","0","0","0","0","0","0","0","0!WithErrors!"
"A00027159","Child-Age 11","V1","0","0","0","0","0","0","0","0","0","0","0","0","0","0","0","0","0","0","0","0","0","0","0","0","0","0","0","0","0","0","0","0","0","0","0","0","0","0","0","0","0","0","0","1","0","0","0","0!WithErrors!","0","0","0","0","0","0","0","0!WithErrors!"
"A00057480","Child Age 9-10","V1","0","0","0","0","0","0","0","0","0","0","1","0","0","0","0","0","0","0","0","1","0","0","0","1","0","0","0","0","0","0","0","0","0","0","0","0","0","0","0","0","0","0","0","1","0","0","1","1!WithErrors!","1","1","0","0","0","0","2","1!WithErrors!"
"A00065262","ONE_DAY-AGE 13","VA","0","0","0","0","0","0","0","0","0","0","0","0","0","0","0","0","0","0","0","0","0","0","0","0","0","0","0","0","0","0","1","0","0","0","0","0","1","1","0","0","0","0","0","10","0","0","0","0!WithErrors!","0","0","3","3","0","0","3","3!WithErrors!"
"A00057725","Child Age 7","V1","0","0","0","0","0","0","0","0","0","0","2","0","0","0","1","0","0","0","0","0","0","0","1","0","0","0","0","0","0","0","1","0","0","0","0","0","0","0","0","0","0","0","0","10","0","0","2","1!WithErrors!","1","1","1","1","0","0","4","2!WithErrors!"
"A00031629","Child - Age 15","V1","0","0","0","0","0","0","0","0","0","0","0","0","0","0","0","0","0","0","0","0","0","0","0","0","0","0","0","0","0","0","0","0","0","0","0","0","0","0","0","0","0","0","0","35","0","0","0","0!WithErrors!","0","0","0","0","0","0","0","0!WithErrors!"
"A00035377","Child - Age 15","V1","0","0","0","0","0","0","0","0","0","0","0","0","0","0","0","0","0","0","0","0","0","0","0","0","0","0","0","0","0","0","0","0","0","0","0","0","0","0","0","0","0","0","0","1","0","0","0","0!WithErrors!","0","0","0","0","0","0","0","0!WithErrors!"
"A00033714","Child Age 16-17","V5","0","1","1","0","1","0","0","0","0","0","0","0","0","0","2","1","1","1","1","0","0","1","0","0","0","0","0","0","1","0","1","1","0","1","0","1","0","0","0","1","0","0","0","30","4","4","0","0!WithErrors!","6","5","3","3","2","2","15","14!WithErrors!"
"A00035291","Child Age 14","V4","0","0","0","0","0","0","0","0","0","0","0","0","0","0","0","0","0","0","0","0","0","0","0","0","0","0","0","0","0","0","0","0","0","0","0","0","0","0","0","0","0","0","0","1","0","0","0","0!WithErrors!","0","0","0","0","0","0","0","0!WithErrors!"
"A00061410","ONE_DAY-Age 11","VA","0","0","0","0","0","0","0","0","0","0","0","0","0","0","0","0","0","0","0","1","0","0","1","0","0","0","0","0","0","0","0","0","0","0","0","0","0","0","0","1","0","0","0","5","0","0","0","0!WithErrors!","1","1","0","0","1","1","2","2!WithErrors!"
"A00035945","Child- Age 13","V1","0","0","0","0","0","0","0","0","0","0","0","0","0","0","0","0","0","0","0","0","0","0","0","0","0","0","0","0","0","0","0","0","0","0","0","0","0","0","0","0","0","0","0","5","0","0","0","0!WithErrors!","0","0","0","0","0","0","0","0!WithErrors!"
"A00050743","Child Age 15","V1","0","0","0","0","0","0","0","0","0","0","0","0","0","0","0","0","0","0","0","0","0","0","0","0","0","0","0","0","0","0","0","0","0","0","0","0","0","0","0","0","0","0","0","1","0","0","0","0!WithErrors!","0","0","0","0","0","0","0","0!WithErrors!"
"A00033714","Adolescent- Age  16-17","V1","0","0","0","0","1","0","0","0","0","0","0","0","0","0","0","0","0","0","0","0","0","1","0","0","0","0","0","0","0","0","1","0","0","0","0","1","0","0","0","0","0","0","0","10","2","2","0","0!WithErrors!","0","0","1","1","1","1","4","4!WithErrors!"
"A00055541","Child- Ages 9-10","V1","0","0","0","0","1","0","0","0","0","1","0","1","0","1","0","0","0","0","0","1","0","0","0","1","0","0","0","1","0","0","1","0","0","0","0","1","1","0","0","0","1","0","0","10","1","1","3","3!WithErrors!","1","1","3","3","2","2","10","7!WithErrors!"
"A00056020","Child Age 6","V4","0","0","0","0","0","0","0","0","0","0","0","0","0","0","0","0","0","0","0","0","0","0","0","0","0","0","0","0","0","0","0","0","0","0","0","0","0","0","0","0","0","0","0","1","0","0","0","0!WithErrors!","0","0","0","0","0","0","0","0!WithErrors!"
