"","","","The same thoughts keep going through my mind again and again","Thoughts intrude into my mind","I can't stop dwelling on them","I think about many problems without solving any of them","I can't do anything else while thinking about my problems","My thoughts repeat themselves","Thoughts come to my mind without me wanting them to","I get stuck on certain issues and can't move on","I keep asking myself questions without finding an answer","My thoughts prevent me from focusing on other things","I keep thinking about the same issue all the time","Thoughts just pop into my mind","I feel driven to continue dwelling on the same issue","My thoughts are not much help to me","My thoughts take up all my attention","PTQ Score"
"Anonymized ID","Subject Type","Visit","PTQ_001","PTQ_002","PTQ_003","PTQ_004","PTQ_005","PTQ_006","PTQ_007","PTQ_008","PTQ_009","PTQ_010","PTQ_011","PTQ_012","PTQ_013","PTQ_014","PTQ_015","PTQ_016"
"A00060169","ENROLLED","V3","2","1","1","1","0","2","2","2","1","0","1","1","0","0","0","14"
"A00061711","ONE_DAY","V3","1","0","2","0","0","1","1","0","0","0","0","0","0","0","0","5"
"A00065991","ONE_DAY","V3","0","0","0","0","0","0","0","0","0","0","0","1","0","0","0","1"
"A00062917","ONE_DAY","V3","2","1","1","2","1","2","1","3","1","1","0","1","1","1","1","19"
"A00058952","ENROLLED","V3","0","0","0","0","0","0","0","0","0","0","0","0","0","0","0","0"
"A00061276","ONE_DAY","V3","2","2","2","2","2","2","2","2","2","2","1","2","2","2","1","28"
"A00054914","ENROLLED","V3","2","1","1","1","1","1","1","1","1","0","1","2","1","2","1","17"
"A00056627","ENROLLED","V3","0","1","0","2","0","1","1","0","0","~<userSkipped>~","1","2","0","1","1","10!WithErrors!"
"A00066781","ONE_DAY","V3","1","2","1","2","0","0","1","1","0","0","1","2","0","0","0","11"
"A00073600","ONE_DAY","V3","2","2","2","0","0","2","2","1","0","0","1","1","1","1","1","16"
"A00062942","ONE_DAY","V3","1","1","0","0","0","1","1","0","0","0","0","2","0","0","0","6"
"A00066822","ONE_DAY","V3","4","4","4","3","2","3","3","3","2","3","3","4","2","3","2","45"
"A00065480","ONE_DAY","V3","1","1","0","0","0","1","1","1","1","0","1","1","0","0","0","8"
"A00057808","ENROLLED","V3","0","0","1","0","0","1","1","0","0","0","1","0","0","0","0","4"
"A00057786","ENROLLED","V3","2","0","3","2","0","2","0","1","2","3","2","1","2","2","2","24"
"A00028352","ENROLLED","V3","2","1","2","2","0","2","1","2","1","0","1","1","1","2","1","19"
"A00059346","ENROLLED","V3","1","1","2","1","1","1","0","2","2","1","2","1","0","1","1","17"
"A00055447","ENROLLED","V3","0","0","0","0","0","1","2","1","0","~<userSkipped>~","1","2","0","1","0","8!WithErrors!"
"A00053473","ENROLLED","V3","2","1","1","0","0","1","1","0","0","0","1","1","0","0","0","8"
"A00065574","ONE_DAY","V3","2","3","3","2","1","2","3","2","2","1","2","2","2","1","1","29"
"A00045590","ENROLLED","V3","3","3","3","3","3","3","3","3","2","3","3","3","3","2","3","43"
"A00063368","ONE_DAY","V3","2","1","0","1","2","2","2","1","1","1","3","1","2","1","1","21"
"A00054857","ENROLLED","V3","1","1","1","0","0","2","1","1","1","1","1","1","1","1","1","14"
"A00053851","ENROLLED","V3","1","0","0","0","0","1","0","0","0","0","0","1","0","0","0","3"
"A00054441","ENROLLED","V3","0","0","0","0","0","0","1","0","1","1","1","1","0","2","1","8"
"A00057444","ENROLLED","V3","0","0","0","0","1","1","2","1","1","~<userSkipped>~","2","2","3","1","1","15!WithErrors!"
"A00034854","ENROLLED","V3","1","3","1","0","0","2","3","1","0","1","2","2","0","0","0","16"
"A00053455","ENROLLED","V3","2","1","3","2","1","2","1","2","1","2","2","1","1","1","2","24"
"A00066087","ONE_DAY","V3","4","2","3","2","1","3","1","3","3","4","2","1","3","0","2","34"
"A00060848","ENROLLED","V3","0","1","0","1","0","1","1","0","1","1","0","0","0","0","1","7"
"A00055373","ENROLLED","V3","3","1","2","0","2","2","1","2","1","1","2","1","2","2","2","24"
"A00057182","ENROLLED","V3","2","2","2","2","1","2","1","1","1","2","1","1","2","1","1","22"
"A00057965","ENROLLED","V3","1","0","0","0","0","1","0","0","1","0","0","1","0","0","0","4"
"A00066735","ONE_DAY","V3","0","1","1","1","0","0","1","1","2","2","0","1","0","2","0","12"
"A00060773","ENROLLED","V3","2","2","2","2","2","2","3","2","1","2","2","2","2","2","1","29"
"A00060259","ENROLLED","V3","2","1","2","1","1","2","2","2","1","2","1","1","1","1","1","21"
"A00055738","ENROLLED","V3","2","0","1","1","0","0","1","0","1","0","0","1","0","0","1","8"
"A00055763","ENROLLED","V3","3","1","2","2","0","3","2","1","1","1","3","1","1","1","2","24"
"A00040628","ONE_DAY","V3","0","0","0","0","0","2","0","0","0","0","0","1","0","0","0","3"
"A00058667","ENROLLED","V3","2","3","2","2","1","2","2","2","3","2","2","3","1","2","2","31"
"A00060372","ENROLLED","V3","2","2","3","3","1","2","2","3","3","2","2","2","3","3","1","34"
"A00066319","ONE_DAY","V3","3","3","2","0","2","3","2","0","0","2","2","1","2","0","2","24"
"A00064081","ONE_DAY","V3","1","0","1","0","0","0","0","0","1","0","0","1","0","2","1","7"
"A00053475","ENROLLED","V3","0","1","1","1","1","0","2","1","1","1","1","3","2","0","2","17"
"A00038998","ENROLLED","V3","2","2","1","2","1","2","2","2","2","2","2","1","1","2","1","25"
"A00059845","ENROLLED","V3","2","2","2","2","1","2","2","1","1","0","0","2","2","0","1","20"
"A00059527","ENROLLED","V3","0","0","0","0","0","0","0","0","0","0","0","0","0","0","0","0"
"A00056949","ENROLLED","V3","4","4","4","4","2","4","4","4","4","4","4","4","4","4","3","57"
"A00065617","ONE_DAY","V3","2","2","1","0","0","2","2","1","0","0","2","1","0","0","1","14"
"A00052500","ENROLLED","V3","2","1","2","0","0","2","1","1","1","0","2","2","0","2","2","18"
"A00052560","ENROLLED","V3","1","1","1","1","1","2","1","0","0","1","1","2","1","0","1","14"
"A00060480","ENROLLED","V3","2","1","1","2","0","2","2","1","2","1","2","2","2","1","1","22"
"A00059911","ENROLLED","V3","2","2","1","1","1","2","2","1","1","1","2","2","0","1","1","20"
"A00058218","ENROLLED","V3","3","4","3","1","1","4","2","2","1","1","3","3","3","1","3","35"
"A00065974","ENROLLED","V3","2","2","2","2","1","2","2","2","2","1","2","2","2","1","1","26"
"A00061709","ONE_DAY","V3","2","2","2","0","0","2","2","2","0","0","2","2","2","0","0","18"
"A00063103","ONE_DAY","V3","4","4","4","3","3","3","4","3","3","2","3","3","4","2","2","47"
"A00060430","ENROLLED","V3","2","2","2","2","1","2","2","2","1","2","2","3","2","1","1","27"
"A00066282","ONE_DAY","V3","3","3","3","3","2","3","3","3","3","3","3","3","3","2","2","42"
"A00054019","ENROLLED","V3","1","1","1","0","0","1","1","1","0","0","1","1","0","1","0","9"
"A00060632","ENROLLED","V3","3","3","2","2","1","2","2","2","2","2","2","2","1","1","1","28"
"A00060279","ENROLLED","V3","2","2","2","1","1","1","2","1","1","0","2","1","1","2","2","21"
"A00055121","ENROLLED","V3","0","0","0","0","0","0","0","0","0","0","0","0","0","0","0","0"
"A00072203","ONE_DAY","V3","3","3","3","3","2","3","3","3","2","2","2","2","2","2","2","37"
"A00058999","ENROLLED","V3","0","0","0","0","0","0","0","0","0","0","0","0","0","0","0","0"
"A00065790","ONE_DAY","V3","3","3","2","1","1","2","2","3","3","2","2","2","1","2","1","30"
"A00052181","ENROLLED","V3","2","2","4","0","2","2","2","2","1","2","2","2","1","1","2","27"
"A00066246","ONE_DAY","V3","0","0","2","2","0","2","2","2","2","2","2","2","2","2","2","24"
"A00063008","ONE_DAY","V3","2","2","2","1","1","2","2","1","2","2","2","2","2","1","1","25"
"A00061204","ONE_DAY","V3","1","0","0","0","0","1","1","0","0","0","0","2","1","0","1","7"
"A00057372","ENROLLED","V3","1","1","1","1","1","1","1","1","1","1","1","1","1","1","1","15"
"A00062288","ONE_DAY","V3","2","2","2","2","2","2","2","3","3","2","2","2","2","3","2","33"
"A00060471","ENROLLED","V3","4","4","4","3","2","4","4","4","3","3","4","3","3","3","3","51"
"A00061387","ONE_DAY","V3","3","3","2","1","2","2","2","1","1","2","2","2","1","1","1","26"
"A00058552","ENROLLED","V3","2","3","3","2","1","2","2","2","1","2","3","2","3","2","2","32"
"A00066926","ONE_DAY","V3","2","1","0","1","0","2","1","0","1","0","1","2","0","2","0","13"
"A00052340","ENROLLED","V3","1","0","0","0","1","1","1","1","1","1","1","1","1","1","0","11"
"A00037112","ENROLLED","V3","3","1","2","2","2","3","2","2","2","2","1","3","2","2","2","31"
"A00060516","ENROLLED","V3","1","0","0","0","0","1","0","1","0","1","1","3","0","0","1","9"
"A00064580","ONE_DAY","V3","2","1","1","1","1","2","2","1","2","1","1","2","2","0","0","19"
"A00060006","ENROLLED","V3","2","1","2","1","1","2","2","1","1","1","1","2","1","1","1","20"
"A00062210","ONE_DAY","V3","0","0","0","0","0","0","0","0","0","0","0","0","0","0","0","0"
"A00060925","ENROLLED","V3","2","0","0","1","1","1","1","2","2","1","2","0","1","1","2","17"
"A00065995","ONE_DAY","V3","1","0","1","1","0","1","1","0","1","1","1","2","1","1","1","13"
"A00054504","ENROLLED","V3","1","0","0","1","0","1","0","1","1","0","1","1","1","0","0","8"
"A00066236","ONE_DAY","V3","2","0","0","0","0","0","0","0","0","0","0","0","0","0","2","4"
"A00065379","ONE_DAY","V3","1","2","1","1","1","1","2","0","1","1","1","2","1","1","0","16"
"A00065935","ONE_DAY","V3","4","4","3","4","2","4","4","3","3","2","4","4","2","3","2","48"
"A00062248","ONE_DAY","V3","2","2","2","2","2","2","2","2","2","3","2","3","2","2","3","33"
"A00057005","ENROLLED","V3","3","2","2","0","0","2","2","1","1","0","2","2","1","0","1","19"
"A00065487","ONE_DAY","V3","1","1","1","1","0","1","1","0","1","0","1","1","0","1","0","10"
"A00032875","ONE_DAY","V3","3","3","2","3","3","4","4","3","3","3","3","4","4","3","3","48"
"A00057203","ENROLLED","V3","1","0","1","0","0","1","0","0","0","1","0","0","0","2","1","7"
"A00059344","ENROLLED","V3","0","0","0","3","1","1","0","0","0","0","0","2","0","0","0","7"
"A00038642","ONE_DAY","V3","3","1","3","2","2","2","1","3","1","3","2","1","3","2","2","31"
"A00058214","ENROLLED","V3","3","3","2","2","2","2","2","2","1","2","2","2","1","0","1","27"
"A00060662","ENROLLED","V3","1","2","2","1","1","2","2","1","2","1","1","1","1","1","1","20"
"A00060582","ENROLLED","V3","1","0","0","1","0","1","1","0","0","0","0","2","0","0","0","6"
"A00062934","ONE_DAY","V3","1","1","1","1","0","1","2","2","1","1","1","1","1","1","1","16"
"A00060093","ENROLLED","V3","1","1","1","0","1","1","0","1","0","1","1","1","0","0","0","9"
"A00059756","ENROLLED","V3","2","1","2","2","3","2","1","2","2","2","2","1","0","2","2","26"
"A00057035","ENROLLED","V3","1","2","1","1","1","1","2","1","1","1","1","2","1","1","1","18"
"A00056556","ENROLLED","V3","3","2","3","2","0","3","2","2","2","1","2","2","2","0","1","27"
"A00057235","ENROLLED","V3","1","0","0","0","0","1","0","1","0","1","2","1","2","0","0","9"
"A00066827","ONE_DAY","V3","2","2","2","2","3","2","2","3","2","4","2","2","2","3","3","36"
"A00055542","ENROLLED","V3","2","2","1","1","0","1","1","1","3","0","2","2","0","0","0","16"
"A00073677","ONE_DAY","V3","4","4","3","3","0","2","3","2","2","1","2","2","2","2","1","33"
"A00056452","ENROLLED","V3","0","0","0","0","0","1","1","0","0","0","0","2","0","1","1","6"
"A00060407","ENROLLED","V3","1","0","0","1","1","0","1","1","1","2","0","1","0","0","2","11"
"A00059428","ENROLLED","V3","4","3","4","3","1","3","3","2","2","2","3","2","1","2","1","36"
"A00066232","ENROLLED","V3","2","3","1","1","2","2","2","2","1","1","1","2","1","2","1","24"
"A00055806","ENROLLED","V3","1","1","1","1","1","1","1","1","1","1","1","1","0","1","1","14"
"A00067062","ONE_DAY","V3","3","3","3","3","1","2","2","2","2","2","2","2","1","2","2","32"
"A00062282","ENROLLED","V3","4","4","4","4","3","3","3","4","3","3","3","3","3","3","3","50"
"A00053850","ENROLLED","V3","2","1","1","1","0","1","1","1","1","0","1","1","0","1","2","14"
"A00063326","ONE_DAY","V3","4","0","4","1","4","4","2","4","2","4","4","2","2","4","4","45"
"A00062351","ONE_DAY","V3","1","1","1","0","1","1","1","0","2","1","1","2","0","1","1","14"
"A00066812","ONE_DAY","V3","0","0","0","0","0","0","0","0","0","0","0","0","0","0","0","0"
"A00062266","ONE_DAY","V3","3","1","4","2","1","4","1","3","1","2","2","1","2","3","2","32"
"A00053902","ENROLLED","V3","2","1","1","2","0","1","2","1","2","1","1","3","1","2","1","21"
"A00056306","ENROLLED","V3","0","0","1","0","0","1","0","0","0","0","0","1","0","1","0","4"
"A00055446","ENROLLED","V3","2","2","2","2","2","2","1","3","2","2","4","4","1","3","2","34"
"A00056898","ENROLLED","V3","2","2","2","2","2","2","2","2","1","2","2","2","2","1","2","28"
"A00058503","ENROLLED","V3","2","3","3","2","1","3","3","2","2","2","2","3","2","2","3","35"
"A00066091","ONE_DAY","V3","2","1","1","0","1","1","0","0","0","0","0","1","1","0","0","8"
"A00063589","ONE_DAY","V3","4","3","3","3","2","3","2","3","3","3","3","2","3","3","2","42"
"A00056097","ENROLLED","V3","3","3","2","1","3","3","3","2","2","2","3","2","2","1","1","33"
"A00061806","ONE_DAY","V3","1","1","1","1","0","1","1","0","1","0","1","1","0","1","1","11"
